jurisdiction,law,company,period,category,original_label,geographic_scope,content_format,grain,metric,submetric,value,unit,page,source_file
California,AB 587,discord-inc,2023 Q3,disinformation_or_misinformation,(C) Disinformation or misinformation,reported,,category_total,Account Action Reason,Appeals Granted,0,count,10,discord-2023-q3-c05561.pdf
California,AB 587,discord-inc,2023 Q3,disinformation_or_misinformation,(C) Disinformation or misinformation,reported,,category_total,Account Action Reason,Appeals Submitted,596,count,10,discord-2023-q3-c05561.pdf
California,AB 587,discord-inc,2023 Q3,disinformation_or_misinformation,(C) Disinformation or misinformation,reported,,category_total,Accounts Disabled,#,49,count,8,discord-2023-q3-c05561.pdf
California,AB 587,discord-inc,2023 Q3,disinformation_or_misinformation,(C) Disinformation or misinformation,reported,,category_total,Server Member Warnings,#,609,count,8,discord-2023-q3-c05561.pdf
California,AB 587,discord-inc,2023 Q3,disinformation_or_misinformation,(C) Disinformation or misinformation,reported,,category_total,Servers Removed Reactively,#,0,count,9,discord-2023-q3-c05561.pdf
California,AB 587,discord-inc,2023 Q3,disinformation_or_misinformation,(C) Disinformation or misinformation,reported,,category_total,Servers Warned,#,8,count,8,discord-2023-q3-c05561.pdf
California,AB 587,discord-inc,2023 Q3,disinformation_or_misinformation,(C) Disinformation or misinformation,reported,,category_total,Total Servers Removed,#,24,count,9,discord-2023-q3-c05561.pdf
California,AB 587,discord-inc,2023 Q3,disinformation_or_misinformation,(C) Disinformation or misinformation,reported,,category_total,metric_not_recovered,"1,028",24,count,9,discord-2023-q3-c05561.pdf
California,AB 587,discord-inc,2023 Q3,extremism_or_radicalization,(B) Extremism or radicalization,reported,,category_total,Account Action Reason,Appeals Granted,82,count,10,discord-2023-q3-c05561.pdf
California,AB 587,discord-inc,2023 Q3,extremism_or_radicalization,(B) Extremism or radicalization,reported,,category_total,Account Action Reason,Appeals Submitted,1650,count,10,discord-2023-q3-c05561.pdf
California,AB 587,discord-inc,2023 Q3,extremism_or_radicalization,(B) Extremism or radicalization,reported,,category_total,Accounts Disabled,#,8300,count,8,discord-2023-q3-c05561.pdf
California,AB 587,discord-inc,2023 Q3,extremism_or_radicalization,(B) Extremism or radicalization,reported,,category_total,Individual Accounts Warned,#,0,count,7,discord-2023-q3-c05561.pdf
California,AB 587,discord-inc,2023 Q3,extremism_or_radicalization,(B) Extremism or radicalization,reported,,category_total,Server Member Warnings,#,0,count,8,discord-2023-q3-c05561.pdf
California,AB 587,discord-inc,2023 Q3,extremism_or_radicalization,(B) Extremism or radicalization,reported,,category_total,Servers Removed Reactively,#,25,count,9,discord-2023-q3-c05561.pdf
California,AB 587,discord-inc,2023 Q3,extremism_or_radicalization,(B) Extremism or radicalization,reported,,category_total,Servers Warned,#,0,count,8,discord-2023-q3-c05561.pdf
California,AB 587,discord-inc,2023 Q3,extremism_or_radicalization,(B) Extremism or radicalization,reported,,category_total,Total Servers Removed,#,1053,count,9,discord-2023-q3-c05561.pdf
California,AB 587,discord-inc,2023 Q3,foreign_political_interference,(E) Foreign Political Interference,reported,,category_total,Account Action Reason,Appeals Granted,0,count,10,discord-2023-q3-c05561.pdf
California,AB 587,discord-inc,2023 Q3,foreign_political_interference,(E) Foreign Political Interference,reported,,category_total,Account Action Reason,Appeals Submitted,0,count,10,discord-2023-q3-c05561.pdf
California,AB 587,discord-inc,2023 Q3,harassment,(D) Harassment,reported,,category_total,Account Action Reason,Appeals Granted,627,count,10,discord-2023-q3-c05561.pdf
California,AB 587,discord-inc,2023 Q3,harassment,(D) Harassment,reported,,category_total,Account Action Reason,Appeals Submitted,7728,count,10,discord-2023-q3-c05561.pdf
California,AB 587,discord-inc,2023 Q3,harassment,(D) Harassment,reported,,category_total,Accounts Disabled,#,24384,count,8,discord-2023-q3-c05561.pdf
California,AB 587,discord-inc,2023 Q3,harassment,(D) Harassment,reported,,category_total,Server Member Warnings,#,146798,count,8,discord-2023-q3-c05561.pdf
California,AB 587,discord-inc,2023 Q3,harassment,(D) Harassment,reported,,category_total,Servers Removed Reactively,#,437,count,9,discord-2023-q3-c05561.pdf
California,AB 587,discord-inc,2023 Q3,harassment,(D) Harassment,reported,,category_total,Servers Warned,#,155,count,8,discord-2023-q3-c05561.pdf
California,AB 587,discord-inc,2023 Q3,harassment,(D) Harassment,reported,,category_total,Total Servers Removed,#,736,count,9,discord-2023-q3-c05561.pdf
California,AB 587,discord-inc,2023 Q3,harassment,(D) Harassment,reported,,category_total,metric_not_recovered,"1,028",299,count,9,discord-2023-q3-c05561.pdf
California,AB 587,discord-inc,2023 Q3,harassment,(D) Harassment,reported,,category_total,metric_not_recovered,2,4738,count,8,discord-2023-q3-c05561.pdf
California,AB 587,discord-inc,2023 Q4,disinformation_or_misinformation,(C) Disinformation or misinformation,reported,,category_total,Account Action Reason,Appeals Granted,0,count,12,discord-2023-q4-9ba386.pdf
California,AB 587,discord-inc,2023 Q4,disinformation_or_misinformation,(C) Disinformation or misinformation,reported,,category_total,Account Action Reason,Appeals Submitted,0,count,12,discord-2023-q4-9ba386.pdf
California,AB 587,discord-inc,2023 Q4,disinformation_or_misinformation,(C) Disinformation or misinformation,reported,,category_total,Accounts Disabled,#,19,count,10,discord-2023-q4-9ba386.pdf
California,AB 587,discord-inc,2023 Q4,disinformation_or_misinformation,(C) Disinformation or misinformation,reported,,category_total,Individual Accounts Warned,#,1,count,9,discord-2023-q4-9ba386.pdf
California,AB 587,discord-inc,2023 Q4,disinformation_or_misinformation,(C) Disinformation or misinformation,reported,,category_total,Server Member Warnings,#,3843,count,10,discord-2023-q4-9ba386.pdf
California,AB 587,discord-inc,2023 Q4,disinformation_or_misinformation,(C) Disinformation or misinformation,reported,,category_total,Servers Removed Proactively,#,3,count,10,discord-2023-q4-9ba386.pdf
California,AB 587,discord-inc,2023 Q4,disinformation_or_misinformation,(C) Disinformation or misinformation,reported,,category_total,Servers Removed Reactively,#,1,count,11,discord-2023-q4-9ba386.pdf
California,AB 587,discord-inc,2023 Q4,disinformation_or_misinformation,(C) Disinformation or misinformation,reported,,category_total,Total Servers Removed,#,4,count,11,discord-2023-q4-9ba386.pdf
California,AB 587,discord-inc,2023 Q4,extremism_or_radicalization,(B) Extremism or radicalization,reported,,category_total,Account Action Reason,Appeals Granted,38,count,12,discord-2023-q4-9ba386.pdf
California,AB 587,discord-inc,2023 Q4,extremism_or_radicalization,(B) Extremism or radicalization,reported,,category_total,Account Action Reason,Appeals Submitted,986,count,12,discord-2023-q4-9ba386.pdf
California,AB 587,discord-inc,2023 Q4,extremism_or_radicalization,(B) Extremism or radicalization,reported,,category_total,Accounts Disabled,,6109,count,10,discord-2023-q4-9ba386.pdf
California,AB 587,discord-inc,2023 Q4,extremism_or_radicalization,(B) Extremism or radicalization,reported,,category_total,Accounts Disabled,#,6109,count,10,discord-2023-q4-9ba386.pdf
California,AB 587,discord-inc,2023 Q4,extremism_or_radicalization,(B) Extremism or radicalization,reported,,category_total,Individual Accounts Warned,#,0,count,9,discord-2023-q4-9ba386.pdf
California,AB 587,discord-inc,2023 Q4,extremism_or_radicalization,(B) Extremism or radicalization,reported,,category_total,Server Member Warnings,#,0,count,10,discord-2023-q4-9ba386.pdf
California,AB 587,discord-inc,2023 Q4,extremism_or_radicalization,(B) Extremism or radicalization,reported,,category_total,Servers Removed Proactively,#,613,count,10,discord-2023-q4-9ba386.pdf
California,AB 587,discord-inc,2023 Q4,extremism_or_radicalization,(B) Extremism or radicalization,reported,,category_total,Servers Removed Reactively,#,14,count,11,discord-2023-q4-9ba386.pdf
California,AB 587,discord-inc,2023 Q4,extremism_or_radicalization,(B) Extremism or radicalization,reported,,category_total,Servers Warned,#,0,count,9,discord-2023-q4-9ba386.pdf
California,AB 587,discord-inc,2023 Q4,extremism_or_radicalization,(B) Extremism or radicalization,reported,,category_total,Total Servers Removed,#,627,count,11,discord-2023-q4-9ba386.pdf
California,AB 587,discord-inc,2023 Q4,harassment,(D) Harassment,reported,,category_total,Account Action Reason,,273,count,12,discord-2023-q4-9ba386.pdf
California,AB 587,discord-inc,2023 Q4,harassment,(D) Harassment,reported,,category_total,Account Action Reason,,4039,count,12,discord-2023-q4-9ba386.pdf
California,AB 587,discord-inc,2023 Q4,harassment,(D) Harassment,reported,,category_total,Account Action Reason,Appeals Granted,273,count,12,discord-2023-q4-9ba386.pdf
California,AB 587,discord-inc,2023 Q4,harassment,(D) Harassment,reported,,category_total,Account Action Reason,Appeals Submitted,4039,count,12,discord-2023-q4-9ba386.pdf
California,AB 587,discord-inc,2023 Q4,harassment,(D) Harassment,reported,,category_total,Accounts Disabled,,10320,count,10,discord-2023-q4-9ba386.pdf
California,AB 587,discord-inc,2023 Q4,harassment,(D) Harassment,reported,,category_total,Accounts Disabled,#,10320,count,10,discord-2023-q4-9ba386.pdf
California,AB 587,discord-inc,2023 Q4,harassment,(D) Harassment,reported,,category_total,Individual Accounts Warned,#,2141,count,9,discord-2023-q4-9ba386.pdf
California,AB 587,discord-inc,2023 Q4,harassment,(D) Harassment,reported,,category_total,Server Member Warnings,#,32072,count,10,discord-2023-q4-9ba386.pdf
California,AB 587,discord-inc,2023 Q4,harassment,(D) Harassment,reported,,category_total,Servers Removed Proactively,,290,count,10,discord-2023-q4-9ba386.pdf
California,AB 587,discord-inc,2023 Q4,harassment,(D) Harassment,reported,,category_total,Servers Removed Proactively,#,290,count,10,discord-2023-q4-9ba386.pdf
California,AB 587,discord-inc,2023 Q4,harassment,(D) Harassment,reported,,category_total,Servers Removed Reactively,#,252,count,11,discord-2023-q4-9ba386.pdf
California,AB 587,discord-inc,2023 Q4,harassment,(D) Harassment,reported,,category_total,Total Servers Removed,,542,count,11,discord-2023-q4-9ba386.pdf
California,AB 587,discord-inc,2023 Q4,harassment,(D) Harassment,reported,,category_total,Total Servers Removed,#,542,count,11,discord-2023-q4-9ba386.pdf
California,AB 587,discord-inc,2023 Q4,harassment,(D) Harassment,reported,,category_total,metric_not_recovered,,66,count,10,discord-2023-q4-9ba386.pdf
California,AB 587,discord-inc,2023 Q4,harassment,(D) Harassment,reported,,category_total,metric_not_recovered,1,66,count,10,discord-2023-q4-9ba386.pdf
California,AB 587,linkedin-corporation,2023 Q4,disinformation_or_misinformation,False and misleading,reported,,category_total,,,10601342,count,8,linkedin-2023-q4-52a75b.pdf
California,AB 587,linkedin-corporation,2023 Q4,disinformation_or_misinformation,False and misleading,reported,,category_total,,,202,count,8,linkedin-2023-q4-52a75b.pdf
California,AB 587,linkedin-corporation,2023 Q4,disinformation_or_misinformation,False and misleading,reported,,category_total,,,23115574,count,8,linkedin-2023-q4-52a75b.pdf
California,AB 587,linkedin-corporation,2023 Q4,disinformation_or_misinformation,False and misleading,reported,,category_total,,,26326,count,8,linkedin-2023-q4-52a75b.pdf
California,AB 587,linkedin-corporation,2023 Q4,disinformation_or_misinformation,False and misleading,reported,,category_total,,,269767,count,7,linkedin-2023-q4-52a75b.pdf
California,AB 587,linkedin-corporation,2023 Q4,disinformation_or_misinformation,False and misleading,reported,,category_total,,,27,count,8,linkedin-2023-q4-52a75b.pdf
California,AB 587,linkedin-corporation,2023 Q4,disinformation_or_misinformation,False and misleading,reported,,category_total,LinkedIn Policy4,,14475,count,7,linkedin-2023-q4-52a75b.pdf
California,AB 587,linkedin-corporation,2023 Q4,disinformation_or_misinformation,False and misleading,reported,,category_total,LinkedIn Policy4,,14845,count,7,linkedin-2023-q4-52a75b.pdf
California,AB 587,linkedin-corporation,2023 Q4,disinformation_or_misinformation,False and misleading,reported,,category_total,LinkedIn Policy4,Number of actioned items of content,29320,count,7,linkedin-2023-q4-52a75b.pdf
California,AB 587,linkedin-corporation,2023 Q4,extremism_or_radicalization,Dangerous organizations or individuals,reported,,category_total,,,1224,count,8,linkedin-2023-q4-52a75b.pdf
California,AB 587,linkedin-corporation,2023 Q4,extremism_or_radicalization,Dangerous organizations or individuals,reported,,category_total,,,325,count,8,linkedin-2023-q4-52a75b.pdf
California,AB 587,linkedin-corporation,2023 Q4,extremism_or_radicalization,Dangerous organizations or individuals,reported,,category_total,,,368275,count,8,linkedin-2023-q4-52a75b.pdf
California,AB 587,linkedin-corporation,2023 Q4,extremism_or_radicalization,Dangerous organizations or individuals,reported,,category_total,,,4,count,8,linkedin-2023-q4-52a75b.pdf
California,AB 587,linkedin-corporation,2023 Q4,extremism_or_radicalization,Dangerous organizations or individuals,reported,,category_total,,,49896,count,7,linkedin-2023-q4-52a75b.pdf
California,AB 587,linkedin-corporation,2023 Q4,extremism_or_radicalization,Dangerous organizations or individuals,reported,,category_total,,,788447,count,8,linkedin-2023-q4-52a75b.pdf
California,AB 587,linkedin-corporation,2023 Q4,extremism_or_radicalization,Dangerous organizations or individuals,reported,,category_total,LinkedIn Policy4,,0,count,7,linkedin-2023-q4-52a75b.pdf
California,AB 587,linkedin-corporation,2023 Q4,extremism_or_radicalization,Dangerous organizations or individuals,reported,,category_total,LinkedIn Policy4,,1734,count,7,linkedin-2023-q4-52a75b.pdf
California,AB 587,linkedin-corporation,2023 Q4,extremism_or_radicalization,Dangerous organizations or individuals,reported,,category_total,LinkedIn Policy4,Number of actioned items of content,1734,count,7,linkedin-2023-q4-52a75b.pdf
California,AB 587,linkedin-corporation,2023 Q4,harassment,Harassment,reported,,category_total,,,0,count,8,linkedin-2023-q4-52a75b.pdf
California,AB 587,linkedin-corporation,2023 Q4,harassment,Harassment,reported,,category_total,,,11057624,count,8,linkedin-2023-q4-52a75b.pdf
California,AB 587,linkedin-corporation,2023 Q4,harassment,Harassment,reported,,category_total,,,1183,count,8,linkedin-2023-q4-52a75b.pdf
California,AB 587,linkedin-corporation,2023 Q4,harassment,Harassment,reported,,category_total,,,4339983,count,8,linkedin-2023-q4-52a75b.pdf
California,AB 587,linkedin-corporation,2023 Q4,harassment,Harassment,reported,,category_total,,,820,count,8,linkedin-2023-q4-52a75b.pdf
California,AB 587,linkedin-corporation,2023 Q4,harassment,Harassment,reported,,category_total,,,89766,count,7,linkedin-2023-q4-52a75b.pdf
California,AB 587,linkedin-corporation,2023 Q4,harassment,Harassment,reported,,category_total,LinkedIn Policy4,,0,count,7,linkedin-2023-q4-52a75b.pdf
California,AB 587,linkedin-corporation,2023 Q4,harassment,Harassment,reported,,category_total,LinkedIn Policy4,,14171,count,7,linkedin-2023-q4-52a75b.pdf
California,AB 587,linkedin-corporation,2023 Q4,harassment,Harassment,reported,,category_total,LinkedIn Policy4,Number of actioned items of content,14171,count,7,linkedin-2023-q4-52a75b.pdf
California,AB 587,linkedin-corporation,2023 Q4,hate_speech_or_racism,Hateful and derogatory,reported,,category_total,,,228,count,8,linkedin-2023-q4-52a75b.pdf
California,AB 587,linkedin-corporation,2023 Q4,hate_speech_or_racism,Hateful and derogatory,reported,,category_total,,,24038215,count,8,linkedin-2023-q4-52a75b.pdf
California,AB 587,linkedin-corporation,2023 Q4,hate_speech_or_racism,Hateful and derogatory,reported,,category_total,,,24273,count,8,linkedin-2023-q4-52a75b.pdf
California,AB 587,linkedin-corporation,2023 Q4,hate_speech_or_racism,Hateful and derogatory,reported,,category_total,,,507533,count,7,linkedin-2023-q4-52a75b.pdf
California,AB 587,linkedin-corporation,2023 Q4,hate_speech_or_racism,Hateful and derogatory,reported,,category_total,,,5396,count,8,linkedin-2023-q4-52a75b.pdf
California,AB 587,linkedin-corporation,2023 Q4,hate_speech_or_racism,Hateful and derogatory,reported,,category_total,,,8653434,count,8,linkedin-2023-q4-52a75b.pdf
California,AB 587,linkedin-corporation,2023 Q4,hate_speech_or_racism,Hateful and derogatory,reported,,category_total,LinkedIn Policy4,,0,count,7,linkedin-2023-q4-52a75b.pdf
California,AB 587,linkedin-corporation,2023 Q4,hate_speech_or_racism,Hateful and derogatory,reported,,category_total,LinkedIn Policy4,,292539,count,7,linkedin-2023-q4-52a75b.pdf
California,AB 587,linkedin-corporation,2023 Q4,hate_speech_or_racism,Hateful and derogatory,reported,,category_total,LinkedIn Policy4,Number of actioned items of content,292539,count,7,linkedin-2023-q4-52a75b.pdf
California,AB 587,linkedin-corporation,2024 H1,disinformation_or_misinformation,False and misleading,reported,,category_total,,,21824,count,8,linkedin-2024-h1-4401df.pdf
California,AB 587,linkedin-corporation,2024 H1,disinformation_or_misinformation,False and misleading,reported,,category_total,,,24584358,count,8,linkedin-2024-h1-4401df.pdf
California,AB 587,linkedin-corporation,2024 H1,disinformation_or_misinformation,False and misleading,reported,,category_total,,,263,count,8,linkedin-2024-h1-4401df.pdf
California,AB 587,linkedin-corporation,2024 H1,disinformation_or_misinformation,False and misleading,reported,,category_total,,,41,count,8,linkedin-2024-h1-4401df.pdf
California,AB 587,linkedin-corporation,2024 H1,disinformation_or_misinformation,False and misleading,reported,,category_total,,,531834,count,7,linkedin-2024-h1-4401df.pdf
California,AB 587,linkedin-corporation,2024 H1,disinformation_or_misinformation,False and misleading,reported,,category_total,,,9321767,count,8,linkedin-2024-h1-4401df.pdf
California,AB 587,linkedin-corporation,2024 H1,disinformation_or_misinformation,False and misleading,reported,,category_total,LinkedIn Policy4,,0,count,7,linkedin-2024-h1-4401df.pdf
California,AB 587,linkedin-corporation,2024 H1,disinformation_or_misinformation,False and misleading,reported,,category_total,LinkedIn Policy4,,31000,count,7,linkedin-2024-h1-4401df.pdf
California,AB 587,linkedin-corporation,2024 H1,disinformation_or_misinformation,False and misleading,reported,,category_total,LinkedIn Policy4,,33698,count,7,linkedin-2024-h1-4401df.pdf
California,AB 587,linkedin-corporation,2024 H1,disinformation_or_misinformation,False and misleading,reported,,category_total,LinkedIn Policy4,Number of actioned items of content,64698,count,7,linkedin-2024-h1-4401df.pdf
California,AB 587,linkedin-corporation,2024 H1,extremism_or_radicalization,Dangerous organizations or individuals,reported,,category_total,,,10,count,8,linkedin-2024-h1-4401df.pdf
California,AB 587,linkedin-corporation,2024 H1,extremism_or_radicalization,Dangerous organizations or individuals,reported,,category_total,,,371,count,8,linkedin-2024-h1-4401df.pdf
California,AB 587,linkedin-corporation,2024 H1,extremism_or_radicalization,Dangerous organizations or individuals,reported,,category_total,,,433481,count,8,linkedin-2024-h1-4401df.pdf
California,AB 587,linkedin-corporation,2024 H1,extremism_or_radicalization,Dangerous organizations or individuals,reported,,category_total,,,758196,count,8,linkedin-2024-h1-4401df.pdf
California,AB 587,linkedin-corporation,2024 H1,extremism_or_radicalization,Dangerous organizations or individuals,reported,,category_total,,,792,count,8,linkedin-2024-h1-4401df.pdf
California,AB 587,linkedin-corporation,2024 H1,extremism_or_radicalization,Dangerous organizations or individuals,reported,,category_total,,,82468,count,7,linkedin-2024-h1-4401df.pdf
California,AB 587,linkedin-corporation,2024 H1,extremism_or_radicalization,Dangerous organizations or individuals,reported,,category_total,LinkedIn Policy4,,0,count,7,linkedin-2024-h1-4401df.pdf
California,AB 587,linkedin-corporation,2024 H1,extremism_or_radicalization,Dangerous organizations or individuals,reported,,category_total,LinkedIn Policy4,,0,count,7,linkedin-2024-h1-4401df.pdf
California,AB 587,linkedin-corporation,2024 H1,extremism_or_radicalization,Dangerous organizations or individuals,reported,,category_total,LinkedIn Policy4,,4930,count,7,linkedin-2024-h1-4401df.pdf
California,AB 587,linkedin-corporation,2024 H1,extremism_or_radicalization,Dangerous organizations or individuals,reported,,category_total,LinkedIn Policy4,Number of actioned items of content,4930,count,7,linkedin-2024-h1-4401df.pdf
California,AB 587,linkedin-corporation,2024 H1,harassment,Harassment,reported,,category_total,,,207800,count,7,linkedin-2024-h1-4401df.pdf
California,AB 587,linkedin-corporation,2024 H1,harassment,Harassment,reported,,category_total,,,2408950,count,8,linkedin-2024-h1-4401df.pdf
California,AB 587,linkedin-corporation,2024 H1,harassment,Harassment,reported,,category_total,,,4431916,count,8,linkedin-2024-h1-4401df.pdf
California,AB 587,linkedin-corporation,2024 H1,harassment,Harassment,reported,,category_total,,,46,count,8,linkedin-2024-h1-4401df.pdf
California,AB 587,linkedin-corporation,2024 H1,harassment,Harassment,reported,,category_total,,,4858,count,8,linkedin-2024-h1-4401df.pdf
California,AB 587,linkedin-corporation,2024 H1,harassment,Harassment,reported,,category_total,,,553,count,8,linkedin-2024-h1-4401df.pdf
California,AB 587,linkedin-corporation,2024 H1,harassment,Harassment,reported,,category_total,LinkedIn Policy4,,0,count,7,linkedin-2024-h1-4401df.pdf
California,AB 587,linkedin-corporation,2024 H1,harassment,Harassment,reported,,category_total,LinkedIn Policy4,,0,count,7,linkedin-2024-h1-4401df.pdf
California,AB 587,linkedin-corporation,2024 H1,harassment,Harassment,reported,,category_total,LinkedIn Policy4,,46257,count,7,linkedin-2024-h1-4401df.pdf
California,AB 587,linkedin-corporation,2024 H1,harassment,Harassment,reported,,category_total,LinkedIn Policy4,Number of actioned items of content,46527,count,7,linkedin-2024-h1-4401df.pdf
California,AB 587,linkedin-corporation,2024 H1,hate_speech_or_racism,Hateful and derogatory,reported,,category_total,,,17545,count,8,linkedin-2024-h1-4401df.pdf
California,AB 587,linkedin-corporation,2024 H1,hate_speech_or_racism,Hateful and derogatory,reported,,category_total,,,1758333,count,7,linkedin-2024-h1-4401df.pdf
California,AB 587,linkedin-corporation,2024 H1,hate_speech_or_racism,Hateful and derogatory,reported,,category_total,,,19114491,count,8,linkedin-2024-h1-4401df.pdf
California,AB 587,linkedin-corporation,2024 H1,hate_speech_or_racism,Hateful and derogatory,reported,,category_total,,,719,count,8,linkedin-2024-h1-4401df.pdf
California,AB 587,linkedin-corporation,2024 H1,hate_speech_or_racism,Hateful and derogatory,reported,,category_total,,,89698343,count,8,linkedin-2024-h1-4401df.pdf
California,AB 587,linkedin-corporation,2024 H1,hate_speech_or_racism,Hateful and derogatory,reported,,category_total,,,95113,count,8,linkedin-2024-h1-4401df.pdf
California,AB 587,linkedin-corporation,2024 H1,hate_speech_or_racism,Hateful and derogatory,reported,,category_total,LinkedIn Policy4,,0,count,7,linkedin-2024-h1-4401df.pdf
California,AB 587,linkedin-corporation,2024 H1,hate_speech_or_racism,Hateful and derogatory,reported,,category_total,LinkedIn Policy4,,0,count,7,linkedin-2024-h1-4401df.pdf
California,AB 587,linkedin-corporation,2024 H1,hate_speech_or_racism,Hateful and derogatory,reported,,category_total,LinkedIn Policy4,,1393817,count,7,linkedin-2024-h1-4401df.pdf
California,AB 587,linkedin-corporation,2024 H1,hate_speech_or_racism,Hateful and derogatory,reported,,category_total,LinkedIn Policy4,Number of actioned items of content,1393817,count,7,linkedin-2024-h1-4401df.pdf
California,AB 587,reddit-inc,2023 Q3,extremism_or_radicalization,Terrorism,reported,,breakdown,Table 10: Content Actioned by Reddit for Violating Terrorist Content Policy (July-September 2023),,0,count,15,reddit-2023-q3-f4ce7d.pdf
California,AB 587,reddit-inc,2023 Q3,extremism_or_radicalization,Terrorism,reported,,breakdown,Table 10: Content Actioned by Reddit for Violating Terrorist Content Policy (July-September 2023),,1,count,15,reddit-2023-q3-f4ce7d.pdf
California,AB 587,reddit-inc,2023 Q3,extremism_or_radicalization,Terrorism,reported,,breakdown,Table 10: Content Actioned by Reddit for Violating Terrorist Content Policy (July-September 2023),,1,count,15,reddit-2023-q3-f4ce7d.pdf
California,AB 587,reddit-inc,2023 Q3,extremism_or_radicalization,Terrorism,reported,,breakdown,Table 10: Content Actioned by Reddit for Violating Terrorist Content Policy (July-September 2023),,10,count,15,reddit-2023-q3-f4ce7d.pdf
California,AB 587,reddit-inc,2023 Q3,extremism_or_radicalization,Terrorism,reported,,breakdown,Table 10: Content Actioned by Reddit for Violating Terrorist Content Policy (July-September 2023),,11,count,15,reddit-2023-q3-f4ce7d.pdf
California,AB 587,reddit-inc,2023 Q3,extremism_or_radicalization,Terrorism,reported,,breakdown,Table 10: Content Actioned by Reddit for Violating Terrorist Content Policy (July-September 2023),,120,count,15,reddit-2023-q3-f4ce7d.pdf
California,AB 587,reddit-inc,2023 Q3,extremism_or_radicalization,Terrorism,reported,,breakdown,Table 10: Content Actioned by Reddit for Violating Terrorist Content Policy (July-September 2023),,144,count,15,reddit-2023-q3-f4ce7d.pdf
California,AB 587,reddit-inc,2023 Q3,extremism_or_radicalization,Terrorism,reported,,breakdown,Table 10: Content Actioned by Reddit for Violating Terrorist Content Policy (July-September 2023),,19,count,15,reddit-2023-q3-f4ce7d.pdf
California,AB 587,reddit-inc,2023 Q3,extremism_or_radicalization,Terrorism,reported,,breakdown,Table 10: Content Actioned by Reddit for Violating Terrorist Content Policy (July-September 2023),,2,count,15,reddit-2023-q3-f4ce7d.pdf
California,AB 587,reddit-inc,2023 Q3,extremism_or_radicalization,Terrorism,reported,,breakdown,Table 10: Content Actioned by Reddit for Violating Terrorist Content Policy (July-September 2023),,2,count,15,reddit-2023-q3-f4ce7d.pdf
California,AB 587,reddit-inc,2023 Q3,extremism_or_radicalization,Terrorism,reported,,breakdown,Table 10: Content Actioned by Reddit for Violating Terrorist Content Policy (July-September 2023),,26,count,15,reddit-2023-q3-f4ce7d.pdf
California,AB 587,reddit-inc,2023 Q3,extremism_or_radicalization,Terrorism,reported,,breakdown,Table 10: Content Actioned by Reddit for Violating Terrorist Content Policy (July-September 2023),,472,count,15,reddit-2023-q3-f4ce7d.pdf
California,AB 587,reddit-inc,2023 Q3,extremism_or_radicalization,Terrorism,reported,,breakdown,Table 10: Content Actioned by Reddit for Violating Terrorist Content Policy (July-September 2023),,5,count,15,reddit-2023-q3-f4ce7d.pdf
California,AB 587,reddit-inc,2023 Q3,extremism_or_radicalization,Terrorism,reported,,breakdown,Table 10: Content Actioned by Reddit for Violating Terrorist Content Policy (July-September 2023),,63,count,15,reddit-2023-q3-f4ce7d.pdf
California,AB 587,reddit-inc,2023 Q3,extremism_or_radicalization,Terrorism,reported,,breakdown,Table 10: Content Actioned by Reddit for Violating Terrorist Content Policy (July-September 2023),,69,count,15,reddit-2023-q3-f4ce7d.pdf
California,AB 587,reddit-inc,2023 Q3,extremism_or_radicalization,Terrorism,reported,,breakdown,Table 10: Content Actioned by Reddit for Violating Terrorist Content Policy (July-September 2023),,95,count,15,reddit-2023-q3-f4ce7d.pdf
California,AB 587,reddit-inc,2023 Q3,extremism_or_radicalization,Terrorism,reported,,breakdown,Table 10: Content Actioned by Reddit for Violating Terrorist Content Policy (July-September 2023),,98,count,15,reddit-2023-q3-f4ce7d.pdf
California,AB 587,reddit-inc,2023 Q3,extremism_or_radicalization,Terrorism,reported,,breakdown,Table 10: Content Actioned by Reddit for Violating Terrorist Content Policy (July-September 2023),,99,count,15,reddit-2023-q3-f4ce7d.pdf
California,AB 587,reddit-inc,2023 Q3,extremism_or_radicalization,Terrorism,reported,,breakdown,Table 11: Views and Shares of Content Actioned by Reddit for Violating Terrorist Content Policy (July-September 2023),,0,count,16,reddit-2023-q3-f4ce7d.pdf
California,AB 587,reddit-inc,2023 Q3,extremism_or_radicalization,Terrorism,reported,,breakdown,Table 11: Views and Shares of Content Actioned by Reddit for Violating Terrorist Content Policy (July-September 2023),,1,count,16,reddit-2023-q3-f4ce7d.pdf
California,AB 587,reddit-inc,2023 Q3,extremism_or_radicalization,Terrorism,reported,,breakdown,Table 11: Views and Shares of Content Actioned by Reddit for Violating Terrorist Content Policy (July-September 2023),,1,count,16,reddit-2023-q3-f4ce7d.pdf
California,AB 587,reddit-inc,2023 Q3,extremism_or_radicalization,Terrorism,reported,,breakdown,Table 11: Views and Shares of Content Actioned by Reddit for Violating Terrorist Content Policy (July-September 2023),,1008112,count,16,reddit-2023-q3-f4ce7d.pdf
California,AB 587,reddit-inc,2023 Q3,extremism_or_radicalization,Terrorism,reported,,breakdown,Table 11: Views and Shares of Content Actioned by Reddit for Violating Terrorist Content Policy (July-September 2023),,1030824,count,16,reddit-2023-q3-f4ce7d.pdf
California,AB 587,reddit-inc,2023 Q3,extremism_or_radicalization,Terrorism,reported,,breakdown,Table 11: Views and Shares of Content Actioned by Reddit for Violating Terrorist Content Policy (July-September 2023),,118994,count,16,reddit-2023-q3-f4ce7d.pdf
California,AB 587,reddit-inc,2023 Q3,extremism_or_radicalization,Terrorism,reported,,breakdown,Table 11: Views and Shares of Content Actioned by Reddit for Violating Terrorist Content Policy (July-September 2023),,1417,count,16,reddit-2023-q3-f4ce7d.pdf
California,AB 587,reddit-inc,2023 Q3,extremism_or_radicalization,Terrorism,reported,,breakdown,Table 11: Views and Shares of Content Actioned by Reddit for Violating Terrorist Content Policy (July-September 2023),,15,count,16,reddit-2023-q3-f4ce7d.pdf
California,AB 587,reddit-inc,2023 Q3,extremism_or_radicalization,Terrorism,reported,,breakdown,Table 11: Views and Shares of Content Actioned by Reddit for Violating Terrorist Content Policy (July-September 2023),,1581,count,16,reddit-2023-q3-f4ce7d.pdf
California,AB 587,reddit-inc,2023 Q3,extremism_or_radicalization,Terrorism,reported,,breakdown,Table 11: Views and Shares of Content Actioned by Reddit for Violating Terrorist Content Policy (July-September 2023),,162161,count,16,reddit-2023-q3-f4ce7d.pdf
California,AB 587,reddit-inc,2023 Q3,extremism_or_radicalization,Terrorism,reported,,breakdown,Table 11: Views and Shares of Content Actioned by Reddit for Violating Terrorist Content Policy (July-September 2023),,1720,count,16,reddit-2023-q3-f4ce7d.pdf
California,AB 587,reddit-inc,2023 Q3,extremism_or_radicalization,Terrorism,reported,,breakdown,Table 11: Views and Shares of Content Actioned by Reddit for Violating Terrorist Content Policy (July-September 2023),,1725,count,16,reddit-2023-q3-f4ce7d.pdf
California,AB 587,reddit-inc,2023 Q3,extremism_or_radicalization,Terrorism,reported,,breakdown,Table 11: Views and Shares of Content Actioned by Reddit for Violating Terrorist Content Policy (July-September 2023),,1949,count,16,reddit-2023-q3-f4ce7d.pdf
California,AB 587,reddit-inc,2023 Q3,extremism_or_radicalization,Terrorism,reported,,breakdown,Table 11: Views and Shares of Content Actioned by Reddit for Violating Terrorist Content Policy (July-September 2023),,204,count,16,reddit-2023-q3-f4ce7d.pdf
California,AB 587,reddit-inc,2023 Q3,extremism_or_radicalization,Terrorism,reported,,breakdown,Table 11: Views and Shares of Content Actioned by Reddit for Violating Terrorist Content Policy (July-September 2023),,2335335,count,16,reddit-2023-q3-f4ce7d.pdf
California,AB 587,reddit-inc,2023 Q3,extremism_or_radicalization,Terrorism,reported,,breakdown,Table 11: Views and Shares of Content Actioned by Reddit for Violating Terrorist Content Policy (July-September 2023),,2540027,count,16,reddit-2023-q3-f4ce7d.pdf
California,AB 587,reddit-inc,2023 Q3,extremism_or_radicalization,Terrorism,reported,,breakdown,Table 11: Views and Shares of Content Actioned by Reddit for Violating Terrorist Content Policy (July-September 2023),,294360,count,16,reddit-2023-q3-f4ce7d.pdf
California,AB 587,reddit-inc,2023 Q3,extremism_or_radicalization,Terrorism,reported,,breakdown,Table 11: Views and Shares of Content Actioned by Reddit for Violating Terrorist Content Policy (July-September 2023),,3,count,16,reddit-2023-q3-f4ce7d.pdf
California,AB 587,reddit-inc,2023 Q3,extremism_or_radicalization,Terrorism,reported,,breakdown,Table 11: Views and Shares of Content Actioned by Reddit for Violating Terrorist Content Policy (July-September 2023),,3596,count,16,reddit-2023-q3-f4ce7d.pdf
California,AB 587,reddit-inc,2023 Q3,extremism_or_radicalization,Terrorism,reported,,breakdown,Table 11: Views and Shares of Content Actioned by Reddit for Violating Terrorist Content Policy (July-September 2023),,4323,count,16,reddit-2023-q3-f4ce7d.pdf
California,AB 587,reddit-inc,2023 Q3,extremism_or_radicalization,Terrorism,reported,,breakdown,Table 11: Views and Shares of Content Actioned by Reddit for Violating Terrorist Content Policy (July-September 2023),,51300,count,16,reddit-2023-q3-f4ce7d.pdf
California,AB 587,reddit-inc,2023 Q3,extremism_or_radicalization,Terrorism,reported,,breakdown,Table 11: Views and Shares of Content Actioned by Reddit for Violating Terrorist Content Policy (July-September 2023),,518,count,16,reddit-2023-q3-f4ce7d.pdf
California,AB 587,reddit-inc,2023 Q3,extremism_or_radicalization,Terrorism,reported,,breakdown,Table 11: Views and Shares of Content Actioned by Reddit for Violating Terrorist Content Policy (July-September 2023),,52,count,16,reddit-2023-q3-f4ce7d.pdf
California,AB 587,reddit-inc,2023 Q3,extremism_or_radicalization,Terrorism,reported,,breakdown,Table 11: Views and Shares of Content Actioned by Reddit for Violating Terrorist Content Policy (July-September 2023),,619,count,16,reddit-2023-q3-f4ce7d.pdf
California,AB 587,reddit-inc,2023 Q3,extremism_or_radicalization,Terrorism,reported,,breakdown,Table 11: Views and Shares of Content Actioned by Reddit for Violating Terrorist Content Policy (July-September 2023),,632,count,16,reddit-2023-q3-f4ce7d.pdf
California,AB 587,reddit-inc,2023 Q3,extremism_or_radicalization,Terrorism,reported,,breakdown,Table 11: Views and Shares of Content Actioned by Reddit for Violating Terrorist Content Policy (July-September 2023),,795,count,16,reddit-2023-q3-f4ce7d.pdf
California,AB 587,reddit-inc,2023 Q3,extremism_or_radicalization,Terrorism,reported,,breakdown,Table 11: Views and Shares of Content Actioned by Reddit for Violating Terrorist Content Policy (July-September 2023),,944,count,16,reddit-2023-q3-f4ce7d.pdf
California,AB 587,reddit-inc,2023 Q3,extremism_or_radicalization,Terrorism,reported,,breakdown,Table 12: Appeals of Account-Level Sanctions for Violations of Terrorist Content Policy (July-September 2023),,0,count,17,reddit-2023-q3-f4ce7d.pdf
California,AB 587,reddit-inc,2023 Q3,extremism_or_radicalization,Terrorism,reported,,breakdown,Table 12: Appeals of Account-Level Sanctions for Violations of Terrorist Content Policy (July-September 2023),,0,count,17,reddit-2023-q3-f4ce7d.pdf
California,AB 587,reddit-inc,2023 Q3,extremism_or_radicalization,Terrorism,reported,,breakdown,Table 12: Appeals of Account-Level Sanctions for Violations of Terrorist Content Policy (July-September 2023),,1,count,17,reddit-2023-q3-f4ce7d.pdf
California,AB 587,reddit-inc,2023 Q3,extremism_or_radicalization,Terrorism,reported,,breakdown,Table 12: Appeals of Account-Level Sanctions for Violations of Terrorist Content Policy (July-September 2023),,1,count,17,reddit-2023-q3-f4ce7d.pdf
California,AB 587,reddit-inc,2023 Q3,extremism_or_radicalization,Terrorism,reported,,breakdown,Table 12: Appeals of Account-Level Sanctions for Violations of Terrorist Content Policy (July-September 2023),,13,count,17,reddit-2023-q3-f4ce7d.pdf
California,AB 587,reddit-inc,2023 Q3,extremism_or_radicalization,Terrorism,reported,,breakdown,Table 12: Appeals of Account-Level Sanctions for Violations of Terrorist Content Policy (July-September 2023),,13,count,17,reddit-2023-q3-f4ce7d.pdf
California,AB 587,reddit-inc,2023 Q3,extremism_or_radicalization,Terrorism,reported,,breakdown,Table 9: Content Flagged/Reported for Potential Terrorism Content Violation (July-September 2023),,1,count,14,reddit-2023-q3-f4ce7d.pdf
California,AB 587,reddit-inc,2023 Q3,extremism_or_radicalization,Terrorism,reported,,breakdown,Table 9: Content Flagged/Reported for Potential Terrorism Content Violation (July-September 2023),,12,count,14,reddit-2023-q3-f4ce7d.pdf
California,AB 587,reddit-inc,2023 Q3,extremism_or_radicalization,Terrorism,reported,,breakdown,Table 9: Content Flagged/Reported for Potential Terrorism Content Violation (July-September 2023),,127,count,14,reddit-2023-q3-f4ce7d.pdf
California,AB 587,reddit-inc,2023 Q3,extremism_or_radicalization,Terrorism,reported,,breakdown,Table 9: Content Flagged/Reported for Potential Terrorism Content Violation (July-September 2023),,144,count,14,reddit-2023-q3-f4ce7d.pdf
California,AB 587,reddit-inc,2023 Q3,extremism_or_radicalization,Terrorism,reported,,breakdown,Table 9: Content Flagged/Reported for Potential Terrorism Content Violation (July-September 2023),,144,count,14,reddit-2023-q3-f4ce7d.pdf
California,AB 587,reddit-inc,2023 Q3,extremism_or_radicalization,Terrorism,reported,,breakdown,Table 9: Content Flagged/Reported for Potential Terrorism Content Violation (July-September 2023),,167,count,14,reddit-2023-q3-f4ce7d.pdf
California,AB 587,reddit-inc,2023 Q3,extremism_or_radicalization,Terrorism,reported,,breakdown,Table 9: Content Flagged/Reported for Potential Terrorism Content Violation (July-September 2023),,2,count,14,reddit-2023-q3-f4ce7d.pdf
California,AB 587,reddit-inc,2023 Q3,extremism_or_radicalization,Terrorism,reported,,breakdown,Table 9: Content Flagged/Reported for Potential Terrorism Content Violation (July-September 2023),,222,count,14,reddit-2023-q3-f4ce7d.pdf
California,AB 587,reddit-inc,2023 Q3,extremism_or_radicalization,Terrorism,reported,,breakdown,Table 9: Content Flagged/Reported for Potential Terrorism Content Violation (July-September 2023),,565,count,14,reddit-2023-q3-f4ce7d.pdf
California,AB 587,reddit-inc,2023 Q3,extremism_or_radicalization,Terrorism,reported,,category_total,Table 10: Content Actioned by Reddit for Violating Terrorist Content Policy (July-September 2023),,547,count,15,reddit-2023-q3-f4ce7d.pdf
California,AB 587,reddit-inc,2023 Q3,extremism_or_radicalization,Terrorism,reported,,category_total,Table 10: Content Actioned by Reddit for Violating Terrorist Content Policy (July-September 2023),,99,count,15,reddit-2023-q3-f4ce7d.pdf
California,AB 587,reddit-inc,2023 Q3,extremism_or_radicalization,Terrorism,reported,,category_total,Table 11: Views and Shares of Content Actioned by Reddit for Violating Terrorist Content Policy (July-September 2023),,1075670,count,16,reddit-2023-q3-f4ce7d.pdf
California,AB 587,reddit-inc,2023 Q3,extremism_or_radicalization,Terrorism,reported,,category_total,Table 11: Views and Shares of Content Actioned by Reddit for Violating Terrorist Content Policy (July-September 2023),,1632,count,16,reddit-2023-q3-f4ce7d.pdf
California,AB 587,reddit-inc,2023 Q3,extremism_or_radicalization,Terrorism,reported,,category_total,Table 11: Views and Shares of Content Actioned by Reddit for Violating Terrorist Content Policy (July-September 2023),,2664501,count,16,reddit-2023-q3-f4ce7d.pdf
California,AB 587,reddit-inc,2023 Q3,extremism_or_radicalization,Terrorism,reported,,category_total,Table 9: Content Flagged/Reported for Potential Terrorism Content Violation (July-September 2023),,917,count,14,reddit-2023-q3-f4ce7d.pdf
California,AB 587,reddit-inc,2023 Q3,extremism_or_radicalization,Terrorism,reported,Content type,breakdown,Table 10: Content Actioned by Reddit for Violating Terrorist Content Policy (July-September 2023),,547,count,15,reddit-2023-q3-f4ce7d.pdf
California,AB 587,reddit-inc,2023 Q3,extremism_or_radicalization,Terrorism,reported,Content type,breakdown,Table 10: Content Actioned by Reddit for Violating Terrorist Content Policy (July-September 2023),,99,count,15,reddit-2023-q3-f4ce7d.pdf
California,AB 587,reddit-inc,2023 Q3,extremism_or_radicalization,Terrorism,reported,Content type,breakdown,Table 11: Views and Shares of Content Actioned by Reddit for Violating Terrorist Content Policy (July-September 2023),,1075670,count,16,reddit-2023-q3-f4ce7d.pdf
California,AB 587,reddit-inc,2023 Q3,extremism_or_radicalization,Terrorism,reported,Content type,breakdown,Table 11: Views and Shares of Content Actioned by Reddit for Violating Terrorist Content Policy (July-September 2023),,1632,count,16,reddit-2023-q3-f4ce7d.pdf
California,AB 587,reddit-inc,2023 Q3,extremism_or_radicalization,Terrorism,reported,Content type,breakdown,Table 11: Views and Shares of Content Actioned by Reddit for Violating Terrorist Content Policy (July-September 2023),,2664501,count,16,reddit-2023-q3-f4ce7d.pdf
California,AB 587,reddit-inc,2023 Q3,extremism_or_radicalization,Terrorism,reported,Content type,breakdown,Table 9: Content Flagged/Reported for Potential Terrorism Content Violation (July-September 2023),,917,count,14,reddit-2023-q3-f4ce7d.pdf
California,AB 587,reddit-inc,2023 Q3,extremism_or_radicalization,Terrorism,reported,How content was flagged,breakdown,Table 10: Content Actioned by Reddit for Violating Terrorist Content Policy (July-September 2023),,534,count,15,reddit-2023-q3-f4ce7d.pdf
California,AB 587,reddit-inc,2023 Q3,extremism_or_radicalization,Terrorism,reported,How content was flagged,breakdown,Table 10: Content Actioned by Reddit for Violating Terrorist Content Policy (July-September 2023),,92,count,15,reddit-2023-q3-f4ce7d.pdf
California,AB 587,reddit-inc,2023 Q3,extremism_or_radicalization,Terrorism,reported,How content was flagged,breakdown,Table 11: Views and Shares of Content Actioned by Reddit for Violating Terrorist Content Policy (July-September 2023),,1072927,count,16,reddit-2023-q3-f4ce7d.pdf
California,AB 587,reddit-inc,2023 Q3,extremism_or_radicalization,Terrorism,reported,How content was flagged,breakdown,Table 11: Views and Shares of Content Actioned by Reddit for Violating Terrorist Content Policy (July-September 2023),,1628,count,16,reddit-2023-q3-f4ce7d.pdf
California,AB 587,reddit-inc,2023 Q3,extremism_or_radicalization,Terrorism,reported,How content was flagged,breakdown,Table 11: Views and Shares of Content Actioned by Reddit for Violating Terrorist Content Policy (July-September 2023),,2658453,count,16,reddit-2023-q3-f4ce7d.pdf
California,AB 587,reddit-inc,2023 Q3,extremism_or_radicalization,Terrorism,reported,How content was flagged,breakdown,Table 9: Content Flagged/Reported for Potential Terrorism Content Violation (July-September 2023),,903,count,14,reddit-2023-q3-f4ce7d.pdf
California,AB 587,reddit-inc,2023 Q3,extremism_or_radicalization,Terrorism,reported,How content was removed,breakdown,Table 10: Content Actioned by Reddit for Violating Terrorist Content Policy (July-September 2023),,0,count,15,reddit-2023-q3-f4ce7d.pdf
California,AB 587,reddit-inc,2023 Q3,extremism_or_radicalization,Terrorism,reported,How content was removed,breakdown,Table 10: Content Actioned by Reddit for Violating Terrorist Content Policy (July-September 2023),,403,count,15,reddit-2023-q3-f4ce7d.pdf
California,AB 587,reddit-inc,2023 Q3,extremism_or_radicalization,Terrorism,reported,How content was removed,breakdown,Table 11: Views and Shares of Content Actioned by Reddit for Violating Terrorist Content Policy (July-September 2023),,169959,count,16,reddit-2023-q3-f4ce7d.pdf
California,AB 587,reddit-inc,2023 Q3,extremism_or_radicalization,Terrorism,reported,How content was removed,breakdown,Table 11: Views and Shares of Content Actioned by Reddit for Violating Terrorist Content Policy (July-September 2023),,227,count,16,reddit-2023-q3-f4ce7d.pdf
California,AB 587,reddit-inc,2023 Q3,extremism_or_radicalization,Terrorism,reported,How content was removed,breakdown,Table 11: Views and Shares of Content Actioned by Reddit for Violating Terrorist Content Policy (July-September 2023),,329166,count,16,reddit-2023-q3-f4ce7d.pdf
California,AB 587,reddit-inc,2023 Q3,extremism_or_radicalization,Terrorism,reported,How content was removed,breakdown,Table 9: Content Flagged/Reported for Potential Terrorism Content Violation (July-September 2023),,403,count,14,reddit-2023-q3-f4ce7d.pdf
California,AB 587,reddit-inc,2023 Q3,extremism_or_radicalization,Terrorism,reported,Media type,breakdown,Table 10: Content Actioned by Reddit for Violating Terrorist Content Policy (July-September 2023),,11,count,15,reddit-2023-q3-f4ce7d.pdf
California,AB 587,reddit-inc,2023 Q3,extremism_or_radicalization,Terrorism,reported,Media type,breakdown,Table 10: Content Actioned by Reddit for Violating Terrorist Content Policy (July-September 2023),,3,count,15,reddit-2023-q3-f4ce7d.pdf
California,AB 587,reddit-inc,2023 Q3,extremism_or_radicalization,Terrorism,reported,Media type,breakdown,Table 11: Views and Shares of Content Actioned by Reddit for Violating Terrorist Content Policy (July-September 2023),,0,count,16,reddit-2023-q3-f4ce7d.pdf
California,AB 587,reddit-inc,2023 Q3,extremism_or_radicalization,Terrorism,reported,Media type,breakdown,Table 11: Views and Shares of Content Actioned by Reddit for Violating Terrorist Content Policy (July-September 2023),,2464,count,16,reddit-2023-q3-f4ce7d.pdf
California,AB 587,reddit-inc,2023 Q3,extremism_or_radicalization,Terrorism,reported,Media type,breakdown,Table 11: Views and Shares of Content Actioned by Reddit for Violating Terrorist Content Policy (July-September 2023),,4848,count,16,reddit-2023-q3-f4ce7d.pdf
California,AB 587,reddit-inc,2023 Q3,extremism_or_radicalization,Terrorism,reported,Media type,breakdown,Table 9: Content Flagged/Reported for Potential Terrorism Content Violation (July-September 2023),,129,count,14,reddit-2023-q3-f4ce7d.pdf
California,AB 587,reddit-inc,2023 Q3,extremism_or_radicalization,Terrorism,reported,Sanction Type,breakdown,Table 12: Appeals of Account-Level Sanctions for Violations of Terrorist Content Policy (July-September 2023),,0,count,17,reddit-2023-q3-f4ce7d.pdf
California,AB 587,reddit-inc,2023 Q3,extremism_or_radicalization,Terrorism,reported,Sanction Type,breakdown,Table 12: Appeals of Account-Level Sanctions for Violations of Terrorist Content Policy (July-September 2023),,0,count,17,reddit-2023-q3-f4ce7d.pdf
California,AB 587,reddit-inc,2023 Q3,harassment,Harassment,reported,,breakdown,Table 5: Content Flagged/Reported for Potential Harassment Violation (July-September 2023),,1129511,count,10,reddit-2023-q3-f4ce7d.pdf
California,AB 587,reddit-inc,2023 Q3,harassment,Harassment,reported,,breakdown,Table 5: Content Flagged/Reported for Potential Harassment Violation (July-September 2023),,35158,count,10,reddit-2023-q3-f4ce7d.pdf
California,AB 587,reddit-inc,2023 Q3,harassment,Harassment,reported,,breakdown,Table 5: Content Flagged/Reported for Potential Harassment Violation (July-September 2023),,4432236,count,10,reddit-2023-q3-f4ce7d.pdf
California,AB 587,reddit-inc,2023 Q3,harassment,Harassment,reported,,breakdown,Table 5: Content Flagged/Reported for Potential Harassment Violation (July-September 2023),,5136,count,10,reddit-2023-q3-f4ce7d.pdf
California,AB 587,reddit-inc,2023 Q3,harassment,Harassment,reported,,breakdown,Table 5: Content Flagged/Reported for Potential Harassment Violation (July-September 2023),,52027,count,10,reddit-2023-q3-f4ce7d.pdf
California,AB 587,reddit-inc,2023 Q3,harassment,Harassment,reported,,breakdown,Table 5: Content Flagged/Reported for Potential Harassment Violation (July-September 2023),,586157,count,10,reddit-2023-q3-f4ce7d.pdf
California,AB 587,reddit-inc,2023 Q3,harassment,Harassment,reported,,breakdown,Table 5: Content Flagged/Reported for Potential Harassment Violation (July-September 2023),,67596,count,10,reddit-2023-q3-f4ce7d.pdf
California,AB 587,reddit-inc,2023 Q3,harassment,Harassment,reported,,breakdown,Table 6: Content Actioned by Reddit for Violating Harassment Policy (July-September 2023),,158204,count,11,reddit-2023-q3-f4ce7d.pdf
California,AB 587,reddit-inc,2023 Q3,harassment,Harassment,reported,,breakdown,Table 6: Content Actioned by Reddit for Violating Harassment Policy (July-September 2023),,166808,count,11,reddit-2023-q3-f4ce7d.pdf
California,AB 587,reddit-inc,2023 Q3,harassment,Harassment,reported,,breakdown,Table 6: Content Actioned by Reddit for Violating Harassment Policy (July-September 2023),,238085,count,11,reddit-2023-q3-f4ce7d.pdf
California,AB 587,reddit-inc,2023 Q3,harassment,Harassment,reported,,breakdown,Table 6: Content Actioned by Reddit for Violating Harassment Policy (July-September 2023),,2688,count,11,reddit-2023-q3-f4ce7d.pdf
California,AB 587,reddit-inc,2023 Q3,harassment,Harassment,reported,,breakdown,Table 6: Content Actioned by Reddit for Violating Harassment Policy (July-September 2023),,376,count,11,reddit-2023-q3-f4ce7d.pdf
California,AB 587,reddit-inc,2023 Q3,harassment,Harassment,reported,,breakdown,Table 6: Content Actioned by Reddit for Violating Harassment Policy (July-September 2023),,4717,count,11,reddit-2023-q3-f4ce7d.pdf
California,AB 587,reddit-inc,2023 Q3,harassment,Harassment,reported,,breakdown,Table 6: Content Actioned by Reddit for Violating Harassment Policy (July-September 2023),,54395,count,11,reddit-2023-q3-f4ce7d.pdf
California,AB 587,reddit-inc,2023 Q3,harassment,Harassment,reported,,breakdown,Table 6: Content Actioned by Reddit for Violating Harassment Policy (July-September 2023),,5464,count,11,reddit-2023-q3-f4ce7d.pdf
California,AB 587,reddit-inc,2023 Q3,harassment,Harassment,reported,,breakdown,Table 6: Content Actioned by Reddit for Violating Harassment Policy (July-September 2023),,6321,count,11,reddit-2023-q3-f4ce7d.pdf
California,AB 587,reddit-inc,2023 Q3,harassment,Harassment,reported,,breakdown,Table 6: Content Actioned by Reddit for Violating Harassment Policy (July-September 2023),,80786,count,11,reddit-2023-q3-f4ce7d.pdf
California,AB 587,reddit-inc,2023 Q3,harassment,Harassment,reported,,breakdown,Table 6: Content Actioned by Reddit for Violating Harassment Policy (July-September 2023),,8087,count,11,reddit-2023-q3-f4ce7d.pdf
California,AB 587,reddit-inc,2023 Q3,harassment,Harassment,reported,,breakdown,Table 6: Content Actioned by Reddit for Violating Harassment Policy (July-September 2023),,88574,count,11,reddit-2023-q3-f4ce7d.pdf
California,AB 587,reddit-inc,2023 Q3,harassment,Harassment,reported,,breakdown,Table 6: Content Actioned by Reddit for Violating Harassment Policy (July-September 2023),,919,count,11,reddit-2023-q3-f4ce7d.pdf
California,AB 587,reddit-inc,2023 Q3,harassment,Harassment,reported,,breakdown,Table 6: Content Actioned by Reddit for Violating Harassment Policy (July-September 2023),,9190,count,11,reddit-2023-q3-f4ce7d.pdf
California,AB 587,reddit-inc,2023 Q3,harassment,Harassment,reported,,breakdown,Table 6: Content Actioned by Reddit for Violating Harassment Policy (July-September 2023),,9688,count,11,reddit-2023-q3-f4ce7d.pdf
California,AB 587,reddit-inc,2023 Q3,harassment,Harassment,reported,,breakdown,Table 6: Content Actioned by Reddit for Violating Harassment Policy (July-September 2023),,9863,count,11,reddit-2023-q3-f4ce7d.pdf
California,AB 587,reddit-inc,2023 Q3,harassment,Harassment,reported,,breakdown,Table 7: Views and Shares of Content Actioned by Reddit for Violating Harassment Policy (July-September 2023),,0,count,12,reddit-2023-q3-f4ce7d.pdf
California,AB 587,reddit-inc,2023 Q3,harassment,Harassment,reported,,breakdown,Table 7: Views and Shares of Content Actioned by Reddit for Violating Harassment Policy (July-September 2023),,115827,count,12,reddit-2023-q3-f4ce7d.pdf
California,AB 587,reddit-inc,2023 Q3,harassment,Harassment,reported,,breakdown,Table 7: Views and Shares of Content Actioned by Reddit for Violating Harassment Policy (July-September 2023),,13024248,count,12,reddit-2023-q3-f4ce7d.pdf
California,AB 587,reddit-inc,2023 Q3,harassment,Harassment,reported,,breakdown,Table 7: Views and Shares of Content Actioned by Reddit for Violating Harassment Policy (July-September 2023),,1359,count,12,reddit-2023-q3-f4ce7d.pdf
California,AB 587,reddit-inc,2023 Q3,harassment,Harassment,reported,,breakdown,Table 7: Views and Shares of Content Actioned by Reddit for Violating Harassment Policy (July-September 2023),,1413691,count,12,reddit-2023-q3-f4ce7d.pdf
California,AB 587,reddit-inc,2023 Q3,harassment,Harassment,reported,,breakdown,Table 7: Views and Shares of Content Actioned by Reddit for Violating Harassment Policy (July-September 2023),,16609083,count,12,reddit-2023-q3-f4ce7d.pdf
California,AB 587,reddit-inc,2023 Q3,harassment,Harassment,reported,,breakdown,Table 7: Views and Shares of Content Actioned by Reddit for Violating Harassment Policy (July-September 2023),,181439771,count,12,reddit-2023-q3-f4ce7d.pdf
California,AB 587,reddit-inc,2023 Q3,harassment,Harassment,reported,,breakdown,Table 7: Views and Shares of Content Actioned by Reddit for Violating Harassment Policy (July-September 2023),,192927,count,12,reddit-2023-q3-f4ce7d.pdf
California,AB 587,reddit-inc,2023 Q3,harassment,Harassment,reported,,breakdown,Table 7: Views and Shares of Content Actioned by Reddit for Violating Harassment Policy (July-September 2023),,222689,count,12,reddit-2023-q3-f4ce7d.pdf
California,AB 587,reddit-inc,2023 Q3,harassment,Harassment,reported,,breakdown,Table 7: Views and Shares of Content Actioned by Reddit for Violating Harassment Policy (July-September 2023),,24497,count,12,reddit-2023-q3-f4ce7d.pdf
California,AB 587,reddit-inc,2023 Q3,harassment,Harassment,reported,,breakdown,Table 7: Views and Shares of Content Actioned by Reddit for Violating Harassment Policy (July-September 2023),,27442590,count,12,reddit-2023-q3-f4ce7d.pdf
California,AB 587,reddit-inc,2023 Q3,harassment,Harassment,reported,,breakdown,Table 7: Views and Shares of Content Actioned by Reddit for Violating Harassment Policy (July-September 2023),,311309101,count,12,reddit-2023-q3-f4ce7d.pdf
California,AB 587,reddit-inc,2023 Q3,harassment,Harassment,reported,,breakdown,Table 7: Views and Shares of Content Actioned by Reddit for Violating Harassment Policy (July-September 2023),,32592300,count,12,reddit-2023-q3-f4ce7d.pdf
California,AB 587,reddit-inc,2023 Q3,harassment,Harassment,reported,,breakdown,Table 7: Views and Shares of Content Actioned by Reddit for Violating Harassment Policy (July-September 2023),,36199104,count,12,reddit-2023-q3-f4ce7d.pdf
California,AB 587,reddit-inc,2023 Q3,harassment,Harassment,reported,,breakdown,Table 7: Views and Shares of Content Actioned by Reddit for Violating Harassment Policy (July-September 2023),,375471,count,12,reddit-2023-q3-f4ce7d.pdf
California,AB 587,reddit-inc,2023 Q3,harassment,Harassment,reported,,breakdown,Table 7: Views and Shares of Content Actioned by Reddit for Violating Harassment Policy (July-September 2023),,377,count,12,reddit-2023-q3-f4ce7d.pdf
California,AB 587,reddit-inc,2023 Q3,harassment,Harassment,reported,,breakdown,Table 7: Views and Shares of Content Actioned by Reddit for Violating Harassment Policy (July-September 2023),,3891,count,12,reddit-2023-q3-f4ce7d.pdf
California,AB 587,reddit-inc,2023 Q3,harassment,Harassment,reported,,breakdown,Table 7: Views and Shares of Content Actioned by Reddit for Violating Harassment Policy (July-September 2023),,50496060,count,12,reddit-2023-q3-f4ce7d.pdf
California,AB 587,reddit-inc,2023 Q3,harassment,Harassment,reported,,breakdown,Table 7: Views and Shares of Content Actioned by Reddit for Violating Harassment Policy (July-September 2023),,7,count,12,reddit-2023-q3-f4ce7d.pdf
California,AB 587,reddit-inc,2023 Q3,harassment,Harassment,reported,,breakdown,Table 7: Views and Shares of Content Actioned by Reddit for Violating Harassment Policy (July-September 2023),,73904,count,12,reddit-2023-q3-f4ce7d.pdf
California,AB 587,reddit-inc,2023 Q3,harassment,Harassment,reported,,breakdown,Table 7: Views and Shares of Content Actioned by Reddit for Violating Harassment Policy (July-September 2023),,83334731,count,12,reddit-2023-q3-f4ce7d.pdf
California,AB 587,reddit-inc,2023 Q3,harassment,Harassment,reported,,breakdown,Table 8: Appeals of Account-Level Sanctions for Violations of Harassment Policy (July-September 2023),,11636,count,13,reddit-2023-q3-f4ce7d.pdf
California,AB 587,reddit-inc,2023 Q3,harassment,Harassment,reported,,breakdown,Table 8: Appeals of Account-Level Sanctions for Violations of Harassment Policy (July-September 2023),,2490,count,13,reddit-2023-q3-f4ce7d.pdf
California,AB 587,reddit-inc,2023 Q3,harassment,Harassment,reported,,breakdown,Table 8: Appeals of Account-Level Sanctions for Violations of Harassment Policy (July-September 2023),,2555,count,13,reddit-2023-q3-f4ce7d.pdf
California,AB 587,reddit-inc,2023 Q3,harassment,Harassment,reported,,breakdown,Table 8: Appeals of Account-Level Sanctions for Violations of Harassment Policy (July-September 2023),,4096,count,13,reddit-2023-q3-f4ce7d.pdf
California,AB 587,reddit-inc,2023 Q3,harassment,Harassment,reported,,breakdown,Table 8: Appeals of Account-Level Sanctions for Violations of Harassment Policy (July-September 2023),,499,count,13,reddit-2023-q3-f4ce7d.pdf
California,AB 587,reddit-inc,2023 Q3,harassment,Harassment,reported,,breakdown,Table 8: Appeals of Account-Level Sanctions for Violations of Harassment Policy (July-September 2023),,936,count,13,reddit-2023-q3-f4ce7d.pdf
California,AB 587,reddit-inc,2023 Q3,harassment,Harassment,reported,,category_total,Table 5: Content Flagged/Reported for Potential Harassment Violation (July-September 2023),,7279477,count,10,reddit-2023-q3-f4ce7d.pdf
California,AB 587,reddit-inc,2023 Q3,harassment,Harassment,reported,,category_total,Table 6: Content Actioned by Reddit for Violating Harassment Policy (July-September 2023),,417988,count,11,reddit-2023-q3-f4ce7d.pdf
California,AB 587,reddit-inc,2023 Q3,harassment,Harassment,reported,,category_total,Table 6: Content Actioned by Reddit for Violating Harassment Policy (July-September 2023),,656927,count,11,reddit-2023-q3-f4ce7d.pdf
California,AB 587,reddit-inc,2023 Q3,harassment,Harassment,reported,,category_total,Table 7: Views and Shares of Content Actioned by Reddit for Violating Harassment Policy (July-September 2023),,261922,count,12,reddit-2023-q3-f4ce7d.pdf
California,AB 587,reddit-inc,2023 Q3,harassment,Harassment,reported,,category_total,Table 7: Views and Shares of Content Actioned by Reddit for Violating Harassment Policy (July-September 2023),,443586582,count,12,reddit-2023-q3-f4ce7d.pdf
California,AB 587,reddit-inc,2023 Q3,harassment,Harassment,reported,,category_total,Table 7: Views and Shares of Content Actioned by Reddit for Violating Harassment Policy (July-September 2023),,44660285,count,12,reddit-2023-q3-f4ce7d.pdf
California,AB 587,reddit-inc,2023 Q3,harassment,Harassment,reported,Content type,breakdown,Table 5: Content Flagged/Reported for Potential Harassment Violation (July-September 2023),,1650134,count,10,reddit-2023-q3-f4ce7d.pdf
California,AB 587,reddit-inc,2023 Q3,harassment,Harassment,reported,Content type,breakdown,Table 6: Content Actioned by Reddit for Violating Harassment Policy (July-September 2023),,250594,count,11,reddit-2023-q3-f4ce7d.pdf
California,AB 587,reddit-inc,2023 Q3,harassment,Harassment,reported,Content type,breakdown,Table 6: Content Actioned by Reddit for Violating Harassment Policy (July-September 2023),,409154,count,11,reddit-2023-q3-f4ce7d.pdf
California,AB 587,reddit-inc,2023 Q3,harassment,Harassment,reported,Content type,breakdown,Table 7: Views and Shares of Content Actioned by Reddit for Violating Harassment Policy (July-September 2023),,261915,count,12,reddit-2023-q3-f4ce7d.pdf
California,AB 587,reddit-inc,2023 Q3,harassment,Harassment,reported,Content type,breakdown,Table 7: Views and Shares of Content Actioned by Reddit for Violating Harassment Policy (July-September 2023),,410990391,count,12,reddit-2023-q3-f4ce7d.pdf
California,AB 587,reddit-inc,2023 Q3,harassment,Harassment,reported,Content type,breakdown,Table 7: Views and Shares of Content Actioned by Reddit for Violating Harassment Policy (July-September 2023),,44303015,count,12,reddit-2023-q3-f4ce7d.pdf
California,AB 587,reddit-inc,2023 Q3,harassment,Harassment,reported,How content was flagged,breakdown,Table 5: Content Flagged/Reported for Potential Harassment Violation (July-September 2023),,6200261,count,10,reddit-2023-q3-f4ce7d.pdf
California,AB 587,reddit-inc,2023 Q3,harassment,Harassment,reported,How content was flagged,breakdown,Table 6: Content Actioned by Reddit for Violating Harassment Policy (July-September 2023),,350042,count,11,reddit-2023-q3-f4ce7d.pdf
California,AB 587,reddit-inc,2023 Q3,harassment,Harassment,reported,How content was flagged,breakdown,Table 6: Content Actioned by Reddit for Violating Harassment Policy (July-September 2023),,559957,count,11,reddit-2023-q3-f4ce7d.pdf
California,AB 587,reddit-inc,2023 Q3,harassment,Harassment,reported,How content was flagged,breakdown,Table 7: Views and Shares of Content Actioned by Reddit for Violating Harassment Policy (July-September 2023),,14818749,count,12,reddit-2023-q3-f4ce7d.pdf
California,AB 587,reddit-inc,2023 Q3,harassment,Harassment,reported,How content was flagged,breakdown,Table 7: Views and Shares of Content Actioned by Reddit for Violating Harassment Policy (July-September 2023),,41538,count,12,reddit-2023-q3-f4ce7d.pdf
California,AB 587,reddit-inc,2023 Q3,harassment,Harassment,reported,How content was flagged,breakdown,Table 7: Views and Shares of Content Actioned by Reddit for Violating Harassment Policy (July-September 2023),,76359959,count,12,reddit-2023-q3-f4ce7d.pdf
California,AB 587,reddit-inc,2023 Q3,harassment,Harassment,reported,Media type,breakdown,Table 5: Content Flagged/Reported for Potential Harassment Violation (July-September 2023),,6646866,count,10,reddit-2023-q3-f4ce7d.pdf
California,AB 587,reddit-inc,2023 Q3,harassment,Harassment,reported,Media type,breakdown,Table 6: Content Actioned by Reddit for Violating Harassment Policy (July-September 2023),,325499,count,11,reddit-2023-q3-f4ce7d.pdf
California,AB 587,reddit-inc,2023 Q3,harassment,Harassment,reported,Media type,breakdown,Table 6: Content Actioned by Reddit for Violating Harassment Policy (July-September 2023),,481649,count,11,reddit-2023-q3-f4ce7d.pdf
California,AB 587,reddit-inc,2023 Q3,harassment,Harassment,reported,Media type,breakdown,Table 7: Views and Shares of Content Actioned by Reddit for Violating Harassment Policy (July-September 2023),,178185175,count,12,reddit-2023-q3-f4ce7d.pdf
California,AB 587,reddit-inc,2023 Q3,harassment,Harassment,reported,Media type,breakdown,Table 7: Views and Shares of Content Actioned by Reddit for Violating Harassment Policy (July-September 2023),,27831581,count,12,reddit-2023-q3-f4ce7d.pdf
California,AB 587,reddit-inc,2023 Q3,harassment,Harassment,reported,Media type,breakdown,Table 7: Views and Shares of Content Actioned by Reddit for Violating Harassment Policy (July-September 2023),,71722,count,12,reddit-2023-q3-f4ce7d.pdf
California,AB 587,reddit-inc,2023 Q3,harassment,Harassment,reported,Sanction Type,breakdown,Table 8: Appeals of Account-Level Sanctions for Violations of Harassment Policy (July-September 2023),,1120,count,13,reddit-2023-q3-f4ce7d.pdf
California,AB 587,reddit-inc,2023 Q3,harassment,Harassment,reported,Sanction Type,breakdown,Table 8: Appeals of Account-Level Sanctions for Violations of Harassment Policy (July-September 2023),,5048,count,13,reddit-2023-q3-f4ce7d.pdf
California,AB 587,reddit-inc,2023 Q3,hate_speech_or_racism,Hateful content,reported,,breakdown,Table 1: Content Flagged/Reported for Potential Hateful Content Violation (July-September 2023),,116196,count,6,reddit-2023-q3-f4ce7d.pdf
California,AB 587,reddit-inc,2023 Q3,hate_speech_or_racism,Hateful content,reported,,breakdown,Table 1: Content Flagged/Reported for Potential Hateful Content Violation (July-September 2023),,1631595,count,6,reddit-2023-q3-f4ce7d.pdf
California,AB 587,reddit-inc,2023 Q3,hate_speech_or_racism,Hateful content,reported,,breakdown,Table 1: Content Flagged/Reported for Potential Hateful Content Violation (July-September 2023),,16604,count,6,reddit-2023-q3-f4ce7d.pdf
California,AB 587,reddit-inc,2023 Q3,hate_speech_or_racism,Hateful content,reported,,breakdown,Table 1: Content Flagged/Reported for Potential Hateful Content Violation (July-September 2023),,175259,count,6,reddit-2023-q3-f4ce7d.pdf
California,AB 587,reddit-inc,2023 Q3,hate_speech_or_racism,Hateful content,reported,,breakdown,Table 1: Content Flagged/Reported for Potential Hateful Content Violation (July-September 2023),,1882,count,6,reddit-2023-q3-f4ce7d.pdf
California,AB 587,reddit-inc,2023 Q3,hate_speech_or_racism,Hateful content,reported,,breakdown,Table 1: Content Flagged/Reported for Potential Hateful Content Violation (July-September 2023),,23445,count,6,reddit-2023-q3-f4ce7d.pdf
California,AB 587,reddit-inc,2023 Q3,hate_speech_or_racism,Hateful content,reported,,breakdown,Table 1: Content Flagged/Reported for Potential Hateful Content Violation (July-September 2023),,28846,count,6,reddit-2023-q3-f4ce7d.pdf
California,AB 587,reddit-inc,2023 Q3,hate_speech_or_racism,Hateful content,reported,,breakdown,Table 1: Content Flagged/Reported for Potential Hateful Content Violation (July-September 2023),,29429,count,6,reddit-2023-q3-f4ce7d.pdf
California,AB 587,reddit-inc,2023 Q3,hate_speech_or_racism,Hateful content,reported,,breakdown,Table 1: Content Flagged/Reported for Potential Hateful Content Violation (July-September 2023),,864735,count,6,reddit-2023-q3-f4ce7d.pdf
California,AB 587,reddit-inc,2023 Q3,hate_speech_or_racism,Hateful content,reported,,breakdown,Table 1: Content Flagged/Reported for Potential Hateful Content Violation (July-September 2023),,96828,count,6,reddit-2023-q3-f4ce7d.pdf
California,AB 587,reddit-inc,2023 Q3,hate_speech_or_racism,Hateful content,reported,,breakdown,Table 2: Content Actioned by Reddit for Violating Hateful Content Policy (July-September 2023),,1127,count,7,reddit-2023-q3-f4ce7d.pdf
California,AB 587,reddit-inc,2023 Q3,hate_speech_or_racism,Hateful content,reported,,breakdown,Table 2: Content Actioned by Reddit for Violating Hateful Content Policy (July-September 2023),,145846,count,7,reddit-2023-q3-f4ce7d.pdf
California,AB 587,reddit-inc,2023 Q3,hate_speech_or_racism,Hateful content,reported,,breakdown,Table 2: Content Actioned by Reddit for Violating Hateful Content Policy (July-September 2023),,156,count,7,reddit-2023-q3-f4ce7d.pdf
California,AB 587,reddit-inc,2023 Q3,hate_speech_or_racism,Hateful content,reported,,breakdown,Table 2: Content Actioned by Reddit for Violating Hateful Content Policy (July-September 2023),,15648,count,7,reddit-2023-q3-f4ce7d.pdf
California,AB 587,reddit-inc,2023 Q3,hate_speech_or_racism,Hateful content,reported,,breakdown,Table 2: Content Actioned by Reddit for Violating Hateful Content Policy (July-September 2023),,1760,count,7,reddit-2023-q3-f4ce7d.pdf
California,AB 587,reddit-inc,2023 Q3,hate_speech_or_racism,Hateful content,reported,,breakdown,Table 2: Content Actioned by Reddit for Violating Hateful Content Policy (July-September 2023),,184252,count,7,reddit-2023-q3-f4ce7d.pdf
California,AB 587,reddit-inc,2023 Q3,hate_speech_or_racism,Hateful content,reported,,breakdown,Table 2: Content Actioned by Reddit for Violating Hateful Content Policy (July-September 2023),,245,count,7,reddit-2023-q3-f4ce7d.pdf
California,AB 587,reddit-inc,2023 Q3,hate_speech_or_racism,Hateful content,reported,,breakdown,Table 2: Content Actioned by Reddit for Violating Hateful Content Policy (July-September 2023),,2834,count,7,reddit-2023-q3-f4ce7d.pdf
California,AB 587,reddit-inc,2023 Q3,hate_speech_or_racism,Hateful content,reported,,breakdown,Table 2: Content Actioned by Reddit for Violating Hateful Content Policy (July-September 2023),,3025,count,7,reddit-2023-q3-f4ce7d.pdf
California,AB 587,reddit-inc,2023 Q3,hate_speech_or_racism,Hateful content,reported,,breakdown,Table 2: Content Actioned by Reddit for Violating Hateful Content Policy (July-September 2023),,9398,count,7,reddit-2023-q3-f4ce7d.pdf
California,AB 587,reddit-inc,2023 Q3,hate_speech_or_racism,Hateful content,reported,,breakdown,Table 3: Views and Shares of Content Actioned by Reddit for Violating Hateful Content Policy (July-September 2023),,0,count,9,reddit-2023-q3-f4ce7d.pdf
California,AB 587,reddit-inc,2023 Q3,hate_speech_or_racism,Hateful content,reported,,breakdown,Table 3: Views and Shares of Content Actioned by Reddit for Violating Hateful Content Policy (July-September 2023),,10075739,count,9,reddit-2023-q3-f4ce7d.pdf
California,AB 587,reddit-inc,2023 Q3,hate_speech_or_racism,Hateful content,reported,,breakdown,Table 3: Views and Shares of Content Actioned by Reddit for Violating Hateful Content Policy (July-September 2023),,105966,count,9,reddit-2023-q3-f4ce7d.pdf
California,AB 587,reddit-inc,2023 Q3,hate_speech_or_racism,Hateful content,reported,,breakdown,Table 3: Views and Shares of Content Actioned by Reddit for Violating Hateful Content Policy (July-September 2023),,10658480,count,9,reddit-2023-q3-f4ce7d.pdf
California,AB 587,reddit-inc,2023 Q3,hate_speech_or_racism,Hateful content,reported,,breakdown,Table 3: Views and Shares of Content Actioned by Reddit for Violating Hateful Content Policy (July-September 2023),,10856770,count,9,reddit-2023-q3-f4ce7d.pdf
California,AB 587,reddit-inc,2023 Q3,hate_speech_or_racism,Hateful content,reported,,breakdown,Table 3: Views and Shares of Content Actioned by Reddit for Violating Hateful Content Policy (July-September 2023),,130,count,9,reddit-2023-q3-f4ce7d.pdf
California,AB 587,reddit-inc,2023 Q3,hate_speech_or_racism,Hateful content,reported,,breakdown,Table 3: Views and Shares of Content Actioned by Reddit for Violating Hateful Content Policy (July-September 2023),,13477672,count,9,reddit-2023-q3-f4ce7d.pdf
California,AB 587,reddit-inc,2023 Q3,hate_speech_or_racism,Hateful content,reported,,breakdown,Table 3: Views and Shares of Content Actioned by Reddit for Violating Hateful Content Policy (July-September 2023),,1370,count,9,reddit-2023-q3-f4ce7d.pdf
California,AB 587,reddit-inc,2023 Q3,hate_speech_or_racism,Hateful content,reported,,breakdown,Table 3: Views and Shares of Content Actioned by Reddit for Violating Hateful Content Policy (July-September 2023),,13792399,count,9,reddit-2023-q3-f4ce7d.pdf
California,AB 587,reddit-inc,2023 Q3,hate_speech_or_racism,Hateful content,reported,,breakdown,Table 3: Views and Shares of Content Actioned by Reddit for Violating Hateful Content Policy (July-September 2023),,14400269,count,9,reddit-2023-q3-f4ce7d.pdf
California,AB 587,reddit-inc,2023 Q3,hate_speech_or_racism,Hateful content,reported,,breakdown,Table 3: Views and Shares of Content Actioned by Reddit for Violating Hateful Content Policy (July-September 2023),,210782,count,9,reddit-2023-q3-f4ce7d.pdf
California,AB 587,reddit-inc,2023 Q3,hate_speech_or_racism,Hateful content,reported,,breakdown,Table 3: Views and Shares of Content Actioned by Reddit for Violating Hateful Content Policy (July-September 2023),,210943096,count,9,reddit-2023-q3-f4ce7d.pdf
California,AB 587,reddit-inc,2023 Q3,hate_speech_or_racism,Hateful content,reported,,breakdown,Table 3: Views and Shares of Content Actioned by Reddit for Violating Hateful Content Policy (July-September 2023),,21887,count,9,reddit-2023-q3-f4ce7d.pdf
California,AB 587,reddit-inc,2023 Q3,hate_speech_or_racism,Hateful content,reported,,breakdown,Table 3: Views and Shares of Content Actioned by Reddit for Violating Hateful Content Policy (July-September 2023),,2233173,count,9,reddit-2023-q3-f4ce7d.pdf
California,AB 587,reddit-inc,2023 Q3,hate_speech_or_racism,Hateful content,reported,,breakdown,Table 3: Views and Shares of Content Actioned by Reddit for Violating Hateful Content Policy (July-September 2023),,244129,count,9,reddit-2023-q3-f4ce7d.pdf
California,AB 587,reddit-inc,2023 Q3,hate_speech_or_racism,Hateful content,reported,,breakdown,Table 3: Views and Shares of Content Actioned by Reddit for Violating Hateful Content Policy (July-September 2023),,24580484,count,9,reddit-2023-q3-f4ce7d.pdf
California,AB 587,reddit-inc,2023 Q3,hate_speech_or_racism,Hateful content,reported,,breakdown,Table 3: Views and Shares of Content Actioned by Reddit for Violating Hateful Content Policy (July-September 2023),,25182,count,9,reddit-2023-q3-f4ce7d.pdf
California,AB 587,reddit-inc,2023 Q3,hate_speech_or_racism,Hateful content,reported,,breakdown,Table 3: Views and Shares of Content Actioned by Reddit for Violating Hateful Content Policy (July-September 2023),,26026,count,9,reddit-2023-q3-f4ce7d.pdf
California,AB 587,reddit-inc,2023 Q3,hate_speech_or_racism,Hateful content,reported,,breakdown,Table 3: Views and Shares of Content Actioned by Reddit for Violating Hateful Content Policy (July-September 2023),,2897144,count,9,reddit-2023-q3-f4ce7d.pdf
California,AB 587,reddit-inc,2023 Q3,hate_speech_or_racism,Hateful content,reported,,breakdown,Table 3: Views and Shares of Content Actioned by Reddit for Violating Hateful Content Policy (July-September 2023),,3,count,9,reddit-2023-q3-f4ce7d.pdf
California,AB 587,reddit-inc,2023 Q3,hate_speech_or_racism,Hateful content,reported,,breakdown,Table 3: Views and Shares of Content Actioned by Reddit for Violating Hateful Content Policy (July-September 2023),,32051,count,9,reddit-2023-q3-f4ce7d.pdf
California,AB 587,reddit-inc,2023 Q3,hate_speech_or_racism,Hateful content,reported,,breakdown,Table 3: Views and Shares of Content Actioned by Reddit for Violating Hateful Content Policy (July-September 2023),,3307,count,9,reddit-2023-q3-f4ce7d.pdf
California,AB 587,reddit-inc,2023 Q3,hate_speech_or_racism,Hateful content,reported,,breakdown,Table 3: Views and Shares of Content Actioned by Reddit for Violating Hateful Content Policy (July-September 2023),,33696917,count,9,reddit-2023-q3-f4ce7d.pdf
California,AB 587,reddit-inc,2023 Q3,hate_speech_or_racism,Hateful content,reported,,breakdown,Table 3: Views and Shares of Content Actioned by Reddit for Violating Hateful Content Policy (July-September 2023),,371185,count,9,reddit-2023-q3-f4ce7d.pdf
California,AB 587,reddit-inc,2023 Q3,hate_speech_or_racism,Hateful content,reported,,breakdown,Table 3: Views and Shares of Content Actioned by Reddit for Violating Hateful Content Policy (July-September 2023),,38821877,count,9,reddit-2023-q3-f4ce7d.pdf
California,AB 587,reddit-inc,2023 Q3,hate_speech_or_racism,Hateful content,reported,,breakdown,Table 3: Views and Shares of Content Actioned by Reddit for Violating Hateful Content Policy (July-September 2023),,39493,count,9,reddit-2023-q3-f4ce7d.pdf
California,AB 587,reddit-inc,2023 Q3,hate_speech_or_racism,Hateful content,reported,,breakdown,Table 3: Views and Shares of Content Actioned by Reddit for Violating Hateful Content Policy (July-September 2023),,398305315,count,9,reddit-2023-q3-f4ce7d.pdf
California,AB 587,reddit-inc,2023 Q3,hate_speech_or_racism,Hateful content,reported,,breakdown,Table 3: Views and Shares of Content Actioned by Reddit for Violating Hateful Content Policy (July-September 2023),,459,count,9,reddit-2023-q3-f4ce7d.pdf
California,AB 587,reddit-inc,2023 Q3,hate_speech_or_racism,Hateful content,reported,,breakdown,Table 3: Views and Shares of Content Actioned by Reddit for Violating Hateful Content Policy (July-September 2023),,49923485,count,9,reddit-2023-q3-f4ce7d.pdf
California,AB 587,reddit-inc,2023 Q3,hate_speech_or_racism,Hateful content,reported,,breakdown,Table 3: Views and Shares of Content Actioned by Reddit for Violating Hateful Content Policy (July-September 2023),,6443382,count,9,reddit-2023-q3-f4ce7d.pdf
California,AB 587,reddit-inc,2023 Q3,hate_speech_or_racism,Hateful content,reported,,breakdown,Table 3: Views and Shares of Content Actioned by Reddit for Violating Hateful Content Policy (July-September 2023),,65805435,count,9,reddit-2023-q3-f4ce7d.pdf
California,AB 587,reddit-inc,2023 Q3,hate_speech_or_racism,Hateful content,reported,,breakdown,Table 3: Views and Shares of Content Actioned by Reddit for Violating Hateful Content Policy (July-September 2023),,67130266,count,9,reddit-2023-q3-f4ce7d.pdf
California,AB 587,reddit-inc,2023 Q3,hate_speech_or_racism,Hateful content,reported,,breakdown,Table 3: Views and Shares of Content Actioned by Reddit for Violating Hateful Content Policy (July-September 2023),,68564700,count,9,reddit-2023-q3-f4ce7d.pdf
California,AB 587,reddit-inc,2023 Q3,hate_speech_or_racism,Hateful content,reported,,breakdown,Table 3: Views and Shares of Content Actioned by Reddit for Violating Hateful Content Policy (July-September 2023),,74379947,count,9,reddit-2023-q3-f4ce7d.pdf
California,AB 587,reddit-inc,2023 Q3,hate_speech_or_racism,Hateful content,reported,,breakdown,Table 3: Views and Shares of Content Actioned by Reddit for Violating Hateful Content Policy (July-September 2023),,81567,count,9,reddit-2023-q3-f4ce7d.pdf
California,AB 587,reddit-inc,2023 Q3,hate_speech_or_racism,Hateful content,reported,,breakdown,Table 3: Views and Shares of Content Actioned by Reddit for Violating Hateful Content Policy (July-September 2023),,81761353,count,9,reddit-2023-q3-f4ce7d.pdf
California,AB 587,reddit-inc,2023 Q3,hate_speech_or_racism,Hateful content,reported,,breakdown,Table 4: Appeals of Account-Level Sanctions for Violations of Hateful Content Policy (July-September 2023),,1601,count,10,reddit-2023-q3-f4ce7d.pdf
California,AB 587,reddit-inc,2023 Q3,hate_speech_or_racism,Hateful content,reported,,breakdown,Table 4: Appeals of Account-Level Sanctions for Violations of Hateful Content Policy (July-September 2023),,1650,count,10,reddit-2023-q3-f4ce7d.pdf
California,AB 587,reddit-inc,2023 Q3,hate_speech_or_racism,Hateful content,reported,,breakdown,Table 4: Appeals of Account-Level Sanctions for Violations of Hateful Content Policy (July-September 2023),,289,count,10,reddit-2023-q3-f4ce7d.pdf
California,AB 587,reddit-inc,2023 Q3,hate_speech_or_racism,Hateful content,reported,,breakdown,Table 4: Appeals of Account-Level Sanctions for Violations of Hateful Content Policy (July-September 2023),,3577,count,10,reddit-2023-q3-f4ce7d.pdf
California,AB 587,reddit-inc,2023 Q3,hate_speech_or_racism,Hateful content,reported,,breakdown,Table 4: Appeals of Account-Level Sanctions for Violations of Hateful Content Policy (July-September 2023),,7827,count,10,reddit-2023-q3-f4ce7d.pdf
California,AB 587,reddit-inc,2023 Q3,hate_speech_or_racism,Hateful content,reported,,breakdown,Table 4: Appeals of Account-Level Sanctions for Violations of Hateful Content Policy (July-September 2023),,783,count,10,reddit-2023-q3-f4ce7d.pdf
California,AB 587,reddit-inc,2023 Q3,hate_speech_or_racism,Hateful content,reported,,category_total,Table 1: Content Flagged/Reported for Potential Hateful Content Violation (July-September 2023),,2104532,count,6,reddit-2023-q3-f4ce7d.pdf
California,AB 587,reddit-inc,2023 Q3,hate_speech_or_racism,Hateful content,reported,,category_total,Table 2: Content Actioned by Reddit for Violating Hateful Content Policy (July-September 2023),,174397,count,7,reddit-2023-q3-f4ce7d.pdf
California,AB 587,reddit-inc,2023 Q3,hate_speech_or_racism,Hateful content,reported,,category_total,Table 2: Content Actioned by Reddit for Violating Hateful Content Policy (July-September 2023),,228159,count,7,reddit-2023-q3-f4ce7d.pdf
California,AB 587,reddit-inc,2023 Q3,hate_speech_or_racism,Hateful content,reported,,category_total,Table 3: Views and Shares of Content Actioned by Reddit for Violating Hateful Content Policy (July-September 2023),,242763,count,9,reddit-2023-q3-f4ce7d.pdf
California,AB 587,reddit-inc,2023 Q3,hate_speech_or_racism,Hateful content,reported,,category_total,Table 3: Views and Shares of Content Actioned by Reddit for Violating Hateful Content Policy (July-September 2023),,35984600,count,9,reddit-2023-q3-f4ce7d.pdf
California,AB 587,reddit-inc,2023 Q3,hate_speech_or_racism,Hateful content,reported,,category_total,Table 3: Views and Shares of Content Actioned by Reddit for Violating Hateful Content Policy (July-September 2023),,461736093,count,9,reddit-2023-q3-f4ce7d.pdf
California,AB 587,reddit-inc,2023 Q3,hate_speech_or_racism,Hateful content,reported,Content type,breakdown,Table 1: Content Flagged/Reported for Potential Hateful Content Violation (July-September 2023),,281074,count,6,reddit-2023-q3-f4ce7d.pdf
California,AB 587,reddit-inc,2023 Q3,hate_speech_or_racism,Hateful content,reported,Content type,breakdown,Table 2: Content Actioned by Reddit for Violating Hateful Content Policy (July-September 2023),,25717,count,7,reddit-2023-q3-f4ce7d.pdf
California,AB 587,reddit-inc,2023 Q3,hate_speech_or_racism,Hateful content,reported,Content type,breakdown,Table 2: Content Actioned by Reddit for Violating Hateful Content Policy (July-September 2023),,40882,count,7,reddit-2023-q3-f4ce7d.pdf
California,AB 587,reddit-inc,2023 Q3,hate_speech_or_racism,Hateful content,reported,Content type,breakdown,Table 3: Views and Shares of Content Actioned by Reddit for Violating Hateful Content Policy (July-September 2023),,242760,count,9,reddit-2023-q3-f4ce7d.pdf
California,AB 587,reddit-inc,2023 Q3,hate_speech_or_racism,Hateful content,reported,Content type,breakdown,Table 3: Views and Shares of Content Actioned by Reddit for Violating Hateful Content Policy (July-September 2023),,35534565,count,9,reddit-2023-q3-f4ce7d.pdf
California,AB 587,reddit-inc,2023 Q3,hate_speech_or_racism,Hateful content,reported,Content type,breakdown,Table 3: Views and Shares of Content Actioned by Reddit for Violating Hateful Content Policy (July-September 2023),,393170023,count,9,reddit-2023-q3-f4ce7d.pdf
California,AB 587,reddit-inc,2023 Q3,hate_speech_or_racism,Hateful content,reported,How content was flagged,breakdown,Table 1: Content Flagged/Reported for Potential Hateful Content Violation (July-September 2023),,1113540,count,6,reddit-2023-q3-f4ce7d.pdf
California,AB 587,reddit-inc,2023 Q3,hate_speech_or_racism,Hateful content,reported,How content was flagged,breakdown,Table 3: Views and Shares of Content Actioned by Reddit for Violating Hateful Content Policy (July-September 2023),,2068596,count,9,reddit-2023-q3-f4ce7d.pdf
California,AB 587,reddit-inc,2023 Q3,hate_speech_or_racism,Hateful content,reported,How content was flagged,breakdown,Table 3: Views and Shares of Content Actioned by Reddit for Violating Hateful Content Policy (July-September 2023),,2648,count,9,reddit-2023-q3-f4ce7d.pdf
California,AB 587,reddit-inc,2023 Q3,hate_speech_or_racism,Hateful content,reported,How content was flagged,breakdown,Table 3: Views and Shares of Content Actioned by Reddit for Violating Hateful Content Policy (July-September 2023),,7063911,count,9,reddit-2023-q3-f4ce7d.pdf
California,AB 587,reddit-inc,2023 Q3,hate_speech_or_racism,Hateful content,reported,How content was removed,breakdown,Table 1: Content Flagged/Reported for Potential Hateful Content Violation (July-September 2023),,269728,count,6,reddit-2023-q3-f4ce7d.pdf
California,AB 587,reddit-inc,2023 Q3,hate_speech_or_racism,Hateful content,reported,How content was removed,breakdown,Table 3: Views and Shares of Content Actioned by Reddit for Violating Hateful Content Policy (July-September 2023),,124150,count,9,reddit-2023-q3-f4ce7d.pdf
California,AB 587,reddit-inc,2023 Q3,hate_speech_or_racism,Hateful content,reported,How content was removed,breakdown,Table 3: Views and Shares of Content Actioned by Reddit for Violating Hateful Content Policy (July-September 2023),,215598568,count,9,reddit-2023-q3-f4ce7d.pdf
California,AB 587,reddit-inc,2023 Q3,hate_speech_or_racism,Hateful content,reported,How content was removed,breakdown,Table 3: Views and Shares of Content Actioned by Reddit for Violating Hateful Content Policy (July-September 2023),,25604225,count,9,reddit-2023-q3-f4ce7d.pdf
California,AB 587,reddit-inc,2023 Q3,hate_speech_or_racism,Hateful content,reported,Media type,breakdown,Table 1: Content Flagged/Reported for Potential Hateful Content Violation (July-September 2023),,175259,count,6,reddit-2023-q3-f4ce7d.pdf
California,AB 587,reddit-inc,2023 Q3,hate_speech_or_racism,Hateful content,reported,Media type,breakdown,Table 2: Content Actioned by Reddit for Violating Hateful Content Policy (July-September 2023),,163702,count,7,reddit-2023-q3-f4ce7d.pdf
California,AB 587,reddit-inc,2023 Q3,hate_speech_or_racism,Hateful content,reported,Media type,breakdown,Table 2: Content Actioned by Reddit for Violating Hateful Content Policy (July-September 2023),,210462,count,7,reddit-2023-q3-f4ce7d.pdf
California,AB 587,reddit-inc,2023 Q3,hate_speech_or_racism,Hateful content,reported,Media type,breakdown,Table 3: Views and Shares of Content Actioned by Reddit for Violating Hateful Content Policy (July-September 2023),,168477743,count,9,reddit-2023-q3-f4ce7d.pdf
California,AB 587,reddit-inc,2023 Q3,hate_speech_or_racism,Hateful content,reported,Media type,breakdown,Table 3: Views and Shares of Content Actioned by Reddit for Violating Hateful Content Policy (July-September 2023),,20407846,count,9,reddit-2023-q3-f4ce7d.pdf
California,AB 587,reddit-inc,2023 Q3,hate_speech_or_racism,Hateful content,reported,Media type,breakdown,Table 3: Views and Shares of Content Actioned by Reddit for Violating Hateful Content Policy (July-September 2023),,54950,count,9,reddit-2023-q3-f4ce7d.pdf
California,AB 587,reddit-inc,2023 Q3,hate_speech_or_racism,Hateful content,reported,Sanction Type,breakdown,Table 4: Appeals of Account-Level Sanctions for Violations of Hateful Content Policy (July-September 2023),,2649,count,10,reddit-2023-q3-f4ce7d.pdf
California,AB 587,reddit-inc,2023 Q3,hate_speech_or_racism,Hateful content,reported,Sanction Type,breakdown,Table 4: Appeals of Account-Level Sanctions for Violations of Hateful Content Policy (July-September 2023),,578,count,10,reddit-2023-q3-f4ce7d.pdf
California,AB 587,reddit-inc,2023 Q4,extremism_or_radicalization,Terrorism,reported,,breakdown,Table 10: Content Actioned by Reddit following Terrorist Content Reports/Flags (October-December 2023),,0,count,15,reddit-2023-q4-3211c9.pdf
California,AB 587,reddit-inc,2023 Q4,extremism_or_radicalization,Terrorism,reported,,breakdown,Table 10: Content Actioned by Reddit following Terrorist Content Reports/Flags (October-December 2023),,0,count,15,reddit-2023-q4-3211c9.pdf
California,AB 587,reddit-inc,2023 Q4,extremism_or_radicalization,Terrorism,reported,,breakdown,Table 10: Content Actioned by Reddit following Terrorist Content Reports/Flags (October-December 2023),,0,count,15,reddit-2023-q4-3211c9.pdf
California,AB 587,reddit-inc,2023 Q4,extremism_or_radicalization,Terrorism,reported,,breakdown,Table 10: Content Actioned by Reddit following Terrorist Content Reports/Flags (October-December 2023),,0,count,15,reddit-2023-q4-3211c9.pdf
California,AB 587,reddit-inc,2023 Q4,extremism_or_radicalization,Terrorism,reported,,breakdown,Table 10: Content Actioned by Reddit following Terrorist Content Reports/Flags (October-December 2023),,0,count,15,reddit-2023-q4-3211c9.pdf
California,AB 587,reddit-inc,2023 Q4,extremism_or_radicalization,Terrorism,reported,,breakdown,Table 10: Content Actioned by Reddit following Terrorist Content Reports/Flags (October-December 2023),,0,count,15,reddit-2023-q4-3211c9.pdf
California,AB 587,reddit-inc,2023 Q4,extremism_or_radicalization,Terrorism,reported,,breakdown,Table 10: Content Actioned by Reddit following Terrorist Content Reports/Flags (October-December 2023),,0,count,15,reddit-2023-q4-3211c9.pdf
California,AB 587,reddit-inc,2023 Q4,extremism_or_radicalization,Terrorism,reported,,breakdown,Table 10: Content Actioned by Reddit following Terrorist Content Reports/Flags (October-December 2023),,0,count,15,reddit-2023-q4-3211c9.pdf
California,AB 587,reddit-inc,2023 Q4,extremism_or_radicalization,Terrorism,reported,,breakdown,Table 10: Content Actioned by Reddit following Terrorist Content Reports/Flags (October-December 2023),,0,count,15,reddit-2023-q4-3211c9.pdf
California,AB 587,reddit-inc,2023 Q4,extremism_or_radicalization,Terrorism,reported,,breakdown,Table 10: Content Actioned by Reddit following Terrorist Content Reports/Flags (October-December 2023),,0,count,15,reddit-2023-q4-3211c9.pdf
California,AB 587,reddit-inc,2023 Q4,extremism_or_radicalization,Terrorism,reported,,breakdown,Table 10: Content Actioned by Reddit following Terrorist Content Reports/Flags (October-December 2023),,1,count,15,reddit-2023-q4-3211c9.pdf
California,AB 587,reddit-inc,2023 Q4,extremism_or_radicalization,Terrorism,reported,,breakdown,Table 10: Content Actioned by Reddit following Terrorist Content Reports/Flags (October-December 2023),,12,count,15,reddit-2023-q4-3211c9.pdf
California,AB 587,reddit-inc,2023 Q4,extremism_or_radicalization,Terrorism,reported,,breakdown,Table 10: Content Actioned by Reddit following Terrorist Content Reports/Flags (October-December 2023),,3,count,15,reddit-2023-q4-3211c9.pdf
California,AB 587,reddit-inc,2023 Q4,extremism_or_radicalization,Terrorism,reported,,breakdown,Table 10: Content Actioned by Reddit following Terrorist Content Reports/Flags (October-December 2023),,3,count,15,reddit-2023-q4-3211c9.pdf
California,AB 587,reddit-inc,2023 Q4,extremism_or_radicalization,Terrorism,reported,,breakdown,Table 10: Content Actioned by Reddit following Terrorist Content Reports/Flags (October-December 2023),,3,count,15,reddit-2023-q4-3211c9.pdf
California,AB 587,reddit-inc,2023 Q4,extremism_or_radicalization,Terrorism,reported,,breakdown,Table 10: Content Actioned by Reddit following Terrorist Content Reports/Flags (October-December 2023),,379,count,15,reddit-2023-q4-3211c9.pdf
California,AB 587,reddit-inc,2023 Q4,extremism_or_radicalization,Terrorism,reported,,breakdown,Table 10: Content Actioned by Reddit following Terrorist Content Reports/Flags (October-December 2023),,40,count,15,reddit-2023-q4-3211c9.pdf
California,AB 587,reddit-inc,2023 Q4,extremism_or_radicalization,Terrorism,reported,,breakdown,Table 10: Content Actioned by Reddit following Terrorist Content Reports/Flags (October-December 2023),,467,count,15,reddit-2023-q4-3211c9.pdf
California,AB 587,reddit-inc,2023 Q4,extremism_or_radicalization,Terrorism,reported,,breakdown,Table 10: Content Actioned by Reddit following Terrorist Content Reports/Flags (October-December 2023),,562,count,15,reddit-2023-q4-3211c9.pdf
California,AB 587,reddit-inc,2023 Q4,extremism_or_radicalization,Terrorism,reported,,breakdown,Table 10: Content Actioned by Reddit following Terrorist Content Reports/Flags (October-December 2023),,628,count,15,reddit-2023-q4-3211c9.pdf
California,AB 587,reddit-inc,2023 Q4,extremism_or_radicalization,Terrorism,reported,,breakdown,Table 10: Content Actioned by Reddit following Terrorist Content Reports/Flags (October-December 2023),,67,count,15,reddit-2023-q4-3211c9.pdf
California,AB 587,reddit-inc,2023 Q4,extremism_or_radicalization,Terrorism,reported,,breakdown,Table 10: Content Actioned by Reddit following Terrorist Content Reports/Flags (October-December 2023),,70,count,15,reddit-2023-q4-3211c9.pdf
California,AB 587,reddit-inc,2023 Q4,extremism_or_radicalization,Terrorism,reported,,breakdown,Table 10: Content Actioned by Reddit following Terrorist Content Reports/Flags (October-December 2023),,9,count,15,reddit-2023-q4-3211c9.pdf
California,AB 587,reddit-inc,2023 Q4,extremism_or_radicalization,Terrorism,reported,,breakdown,Table 10: Content Actioned by Reddit following Terrorist Content Reports/Flags (October-December 2023),,91,count,15,reddit-2023-q4-3211c9.pdf
California,AB 587,reddit-inc,2023 Q4,extremism_or_radicalization,Terrorism,reported,,breakdown,Table 11: Views and Shares of Content Actioned by Reddit following Terrorist Content Reports/Flags (October-December 2023),,0,count,16,reddit-2023-q4-3211c9.pdf
California,AB 587,reddit-inc,2023 Q4,extremism_or_radicalization,Terrorism,reported,,breakdown,Table 11: Views and Shares of Content Actioned by Reddit following Terrorist Content Reports/Flags (October-December 2023),,0,count,16,reddit-2023-q4-3211c9.pdf
California,AB 587,reddit-inc,2023 Q4,extremism_or_radicalization,Terrorism,reported,,breakdown,Table 11: Views and Shares of Content Actioned by Reddit following Terrorist Content Reports/Flags (October-December 2023),,0,count,16,reddit-2023-q4-3211c9.pdf
California,AB 587,reddit-inc,2023 Q4,extremism_or_radicalization,Terrorism,reported,,breakdown,Table 11: Views and Shares of Content Actioned by Reddit following Terrorist Content Reports/Flags (October-December 2023),,0,count,16,reddit-2023-q4-3211c9.pdf
California,AB 587,reddit-inc,2023 Q4,extremism_or_radicalization,Terrorism,reported,,breakdown,Table 11: Views and Shares of Content Actioned by Reddit following Terrorist Content Reports/Flags (October-December 2023),,0,count,16,reddit-2023-q4-3211c9.pdf
California,AB 587,reddit-inc,2023 Q4,extremism_or_radicalization,Terrorism,reported,,breakdown,Table 11: Views and Shares of Content Actioned by Reddit following Terrorist Content Reports/Flags (October-December 2023),,0,count,16,reddit-2023-q4-3211c9.pdf
California,AB 587,reddit-inc,2023 Q4,extremism_or_radicalization,Terrorism,reported,,breakdown,Table 11: Views and Shares of Content Actioned by Reddit following Terrorist Content Reports/Flags (October-December 2023),,0,count,16,reddit-2023-q4-3211c9.pdf
California,AB 587,reddit-inc,2023 Q4,extremism_or_radicalization,Terrorism,reported,,breakdown,Table 11: Views and Shares of Content Actioned by Reddit following Terrorist Content Reports/Flags (October-December 2023),,0,count,16,reddit-2023-q4-3211c9.pdf
California,AB 587,reddit-inc,2023 Q4,extremism_or_radicalization,Terrorism,reported,,breakdown,Table 11: Views and Shares of Content Actioned by Reddit following Terrorist Content Reports/Flags (October-December 2023),,0,count,16,reddit-2023-q4-3211c9.pdf
California,AB 587,reddit-inc,2023 Q4,extremism_or_radicalization,Terrorism,reported,,breakdown,Table 11: Views and Shares of Content Actioned by Reddit following Terrorist Content Reports/Flags (October-December 2023),,0,count,16,reddit-2023-q4-3211c9.pdf
California,AB 587,reddit-inc,2023 Q4,extremism_or_radicalization,Terrorism,reported,,breakdown,Table 11: Views and Shares of Content Actioned by Reddit following Terrorist Content Reports/Flags (October-December 2023),,0,count,16,reddit-2023-q4-3211c9.pdf
California,AB 587,reddit-inc,2023 Q4,extremism_or_radicalization,Terrorism,reported,,breakdown,Table 11: Views and Shares of Content Actioned by Reddit following Terrorist Content Reports/Flags (October-December 2023),,0,count,16,reddit-2023-q4-3211c9.pdf
California,AB 587,reddit-inc,2023 Q4,extremism_or_radicalization,Terrorism,reported,,breakdown,Table 11: Views and Shares of Content Actioned by Reddit following Terrorist Content Reports/Flags (October-December 2023),,0,count,16,reddit-2023-q4-3211c9.pdf
California,AB 587,reddit-inc,2023 Q4,extremism_or_radicalization,Terrorism,reported,,breakdown,Table 11: Views and Shares of Content Actioned by Reddit following Terrorist Content Reports/Flags (October-December 2023),,0,count,16,reddit-2023-q4-3211c9.pdf
California,AB 587,reddit-inc,2023 Q4,extremism_or_radicalization,Terrorism,reported,,breakdown,Table 11: Views and Shares of Content Actioned by Reddit following Terrorist Content Reports/Flags (October-December 2023),,0,count,16,reddit-2023-q4-3211c9.pdf
California,AB 587,reddit-inc,2023 Q4,extremism_or_radicalization,Terrorism,reported,,breakdown,Table 11: Views and Shares of Content Actioned by Reddit following Terrorist Content Reports/Flags (October-December 2023),,0,count,16,reddit-2023-q4-3211c9.pdf
California,AB 587,reddit-inc,2023 Q4,extremism_or_radicalization,Terrorism,reported,,breakdown,Table 11: Views and Shares of Content Actioned by Reddit following Terrorist Content Reports/Flags (October-December 2023),,10342,count,16,reddit-2023-q4-3211c9.pdf
California,AB 587,reddit-inc,2023 Q4,extremism_or_radicalization,Terrorism,reported,,breakdown,Table 11: Views and Shares of Content Actioned by Reddit following Terrorist Content Reports/Flags (October-December 2023),,1131223,count,16,reddit-2023-q4-3211c9.pdf
California,AB 587,reddit-inc,2023 Q4,extremism_or_radicalization,Terrorism,reported,,breakdown,Table 11: Views and Shares of Content Actioned by Reddit following Terrorist Content Reports/Flags (October-December 2023),,1322162,count,16,reddit-2023-q4-3211c9.pdf
California,AB 587,reddit-inc,2023 Q4,extremism_or_radicalization,Terrorism,reported,,breakdown,Table 11: Views and Shares of Content Actioned by Reddit following Terrorist Content Reports/Flags (October-December 2023),,1580,count,16,reddit-2023-q4-3211c9.pdf
California,AB 587,reddit-inc,2023 Q4,extremism_or_radicalization,Terrorism,reported,,breakdown,Table 11: Views and Shares of Content Actioned by Reddit following Terrorist Content Reports/Flags (October-December 2023),,17049,count,16,reddit-2023-q4-3211c9.pdf
California,AB 587,reddit-inc,2023 Q4,extremism_or_radicalization,Terrorism,reported,,breakdown,Table 11: Views and Shares of Content Actioned by Reddit following Terrorist Content Reports/Flags (October-December 2023),,1759098,count,16,reddit-2023-q4-3211c9.pdf
California,AB 587,reddit-inc,2023 Q4,extremism_or_radicalization,Terrorism,reported,,breakdown,Table 11: Views and Shares of Content Actioned by Reddit following Terrorist Content Reports/Flags (October-December 2023),,24607,count,16,reddit-2023-q4-3211c9.pdf
California,AB 587,reddit-inc,2023 Q4,extremism_or_radicalization,Terrorism,reported,,breakdown,Table 11: Views and Shares of Content Actioned by Reddit following Terrorist Content Reports/Flags (October-December 2023),,2598352,count,16,reddit-2023-q4-3211c9.pdf
California,AB 587,reddit-inc,2023 Q4,extremism_or_radicalization,Terrorism,reported,,breakdown,Table 11: Views and Shares of Content Actioned by Reddit following Terrorist Content Reports/Flags (October-December 2023),,27892,count,16,reddit-2023-q4-3211c9.pdf
California,AB 587,reddit-inc,2023 Q4,extremism_or_radicalization,Terrorism,reported,,breakdown,Table 11: Views and Shares of Content Actioned by Reddit following Terrorist Content Reports/Flags (October-December 2023),,28722450,count,16,reddit-2023-q4-3211c9.pdf
California,AB 587,reddit-inc,2023 Q4,extremism_or_radicalization,Terrorism,reported,,breakdown,Table 11: Views and Shares of Content Actioned by Reddit following Terrorist Content Reports/Flags (October-December 2023),,2932,count,16,reddit-2023-q4-3211c9.pdf
California,AB 587,reddit-inc,2023 Q4,extremism_or_radicalization,Terrorism,reported,,breakdown,Table 11: Views and Shares of Content Actioned by Reddit following Terrorist Content Reports/Flags (October-December 2023),,31763098,count,16,reddit-2023-q4-3211c9.pdf
California,AB 587,reddit-inc,2023 Q4,extremism_or_radicalization,Terrorism,reported,,breakdown,Table 11: Views and Shares of Content Actioned by Reddit following Terrorist Content Reports/Flags (October-December 2023),,3188441,count,16,reddit-2023-q4-3211c9.pdf
California,AB 587,reddit-inc,2023 Q4,extremism_or_radicalization,Terrorism,reported,,breakdown,Table 11: Views and Shares of Content Actioned by Reddit following Terrorist Content Reports/Flags (October-December 2023),,3329,count,16,reddit-2023-q4-3211c9.pdf
California,AB 587,reddit-inc,2023 Q4,extremism_or_radicalization,Terrorism,reported,,breakdown,Table 11: Views and Shares of Content Actioned by Reddit following Terrorist Content Reports/Flags (October-December 2023),,3980476,count,16,reddit-2023-q4-3211c9.pdf
California,AB 587,reddit-inc,2023 Q4,extremism_or_radicalization,Terrorism,reported,,breakdown,Table 11: Views and Shares of Content Actioned by Reddit following Terrorist Content Reports/Flags (October-December 2023),,422024,count,16,reddit-2023-q4-3211c9.pdf
California,AB 587,reddit-inc,2023 Q4,extremism_or_radicalization,Terrorism,reported,,breakdown,Table 11: Views and Shares of Content Actioned by Reddit following Terrorist Content Reports/Flags (October-December 2023),,4297,count,16,reddit-2023-q4-3211c9.pdf
California,AB 587,reddit-inc,2023 Q4,extremism_or_radicalization,Terrorism,reported,,breakdown,Table 11: Views and Shares of Content Actioned by Reddit following Terrorist Content Reports/Flags (October-December 2023),,43,count,16,reddit-2023-q4-3211c9.pdf
California,AB 587,reddit-inc,2023 Q4,extremism_or_radicalization,Terrorism,reported,,breakdown,Table 11: Views and Shares of Content Actioned by Reddit following Terrorist Content Reports/Flags (October-December 2023),,5255,count,16,reddit-2023-q4-3211c9.pdf
California,AB 587,reddit-inc,2023 Q4,extremism_or_radicalization,Terrorism,reported,,breakdown,Table 11: Views and Shares of Content Actioned by Reddit following Terrorist Content Reports/Flags (October-December 2023),,6611138,count,16,reddit-2023-q4-3211c9.pdf
California,AB 587,reddit-inc,2023 Q4,extremism_or_radicalization,Terrorism,reported,,breakdown,Table 12: Appeals of Account-Level Sanctions for Violations of Terrorist Content Policy (October-December 2023),,0,count,17,reddit-2023-q4-3211c9.pdf
California,AB 587,reddit-inc,2023 Q4,extremism_or_radicalization,Terrorism,reported,,breakdown,Table 12: Appeals of Account-Level Sanctions for Violations of Terrorist Content Policy (October-December 2023),,0,count,17,reddit-2023-q4-3211c9.pdf
California,AB 587,reddit-inc,2023 Q4,extremism_or_radicalization,Terrorism,reported,,breakdown,Table 12: Appeals of Account-Level Sanctions for Violations of Terrorist Content Policy (October-December 2023),,0,count,17,reddit-2023-q4-3211c9.pdf
California,AB 587,reddit-inc,2023 Q4,extremism_or_radicalization,Terrorism,reported,,breakdown,Table 12: Appeals of Account-Level Sanctions for Violations of Terrorist Content Policy (October-December 2023),,0,count,17,reddit-2023-q4-3211c9.pdf
California,AB 587,reddit-inc,2023 Q4,extremism_or_radicalization,Terrorism,reported,,breakdown,Table 12: Appeals of Account-Level Sanctions for Violations of Terrorist Content Policy (October-December 2023),,0,count,17,reddit-2023-q4-3211c9.pdf
California,AB 587,reddit-inc,2023 Q4,extremism_or_radicalization,Terrorism,reported,,breakdown,Table 12: Appeals of Account-Level Sanctions for Violations of Terrorist Content Policy (October-December 2023),,0,count,17,reddit-2023-q4-3211c9.pdf
California,AB 587,reddit-inc,2023 Q4,extremism_or_radicalization,Terrorism,reported,,breakdown,Table 9: Content Flagged/Reported for Potential Terrorism Content Violation (October-December 2023),,0,count,14,reddit-2023-q4-3211c9.pdf
California,AB 587,reddit-inc,2023 Q4,extremism_or_radicalization,Terrorism,reported,,breakdown,Table 9: Content Flagged/Reported for Potential Terrorism Content Violation (October-December 2023),,0,count,14,reddit-2023-q4-3211c9.pdf
California,AB 587,reddit-inc,2023 Q4,extremism_or_radicalization,Terrorism,reported,,breakdown,Table 9: Content Flagged/Reported for Potential Terrorism Content Violation (October-December 2023),,1,count,14,reddit-2023-q4-3211c9.pdf
California,AB 587,reddit-inc,2023 Q4,extremism_or_radicalization,Terrorism,reported,,breakdown,Table 9: Content Flagged/Reported for Potential Terrorism Content Violation (October-December 2023),,10,count,14,reddit-2023-q4-3211c9.pdf
California,AB 587,reddit-inc,2023 Q4,extremism_or_radicalization,Terrorism,reported,,breakdown,Table 9: Content Flagged/Reported for Potential Terrorism Content Violation (October-December 2023),,10,count,14,reddit-2023-q4-3211c9.pdf
California,AB 587,reddit-inc,2023 Q4,extremism_or_radicalization,Terrorism,reported,,breakdown,Table 9: Content Flagged/Reported for Potential Terrorism Content Violation (October-December 2023),,116,count,14,reddit-2023-q4-3211c9.pdf
California,AB 587,reddit-inc,2023 Q4,extremism_or_radicalization,Terrorism,reported,,breakdown,Table 9: Content Flagged/Reported for Potential Terrorism Content Violation (October-December 2023),,12,count,14,reddit-2023-q4-3211c9.pdf
California,AB 587,reddit-inc,2023 Q4,extremism_or_radicalization,Terrorism,reported,,breakdown,Table 9: Content Flagged/Reported for Potential Terrorism Content Violation (October-December 2023),,207,count,14,reddit-2023-q4-3211c9.pdf
California,AB 587,reddit-inc,2023 Q4,extremism_or_radicalization,Terrorism,reported,,breakdown,Table 9: Content Flagged/Reported for Potential Terrorism Content Violation (October-December 2023),,3,count,14,reddit-2023-q4-3211c9.pdf
California,AB 587,reddit-inc,2023 Q4,extremism_or_radicalization,Terrorism,reported,,breakdown,Table 9: Content Flagged/Reported for Potential Terrorism Content Violation (October-December 2023),,628,count,14,reddit-2023-q4-3211c9.pdf
California,AB 587,reddit-inc,2023 Q4,extremism_or_radicalization,Terrorism,reported,,breakdown,Table 9: Content Flagged/Reported for Potential Terrorism Content Violation (October-December 2023),,69,count,14,reddit-2023-q4-3211c9.pdf
California,AB 587,reddit-inc,2023 Q4,extremism_or_radicalization,Terrorism,reported,,breakdown,Table 9: Content Flagged/Reported for Potential Terrorism Content Violation (October-December 2023),,838,count,14,reddit-2023-q4-3211c9.pdf
California,AB 587,reddit-inc,2023 Q4,extremism_or_radicalization,Terrorism,reported,,category_total,Table 10: Content Actioned by Reddit following Terrorist Content Reports/Flags (October-December 2023),,467,count,15,reddit-2023-q4-3211c9.pdf
California,AB 587,reddit-inc,2023 Q4,extremism_or_radicalization,Terrorism,reported,,category_total,Table 10: Content Actioned by Reddit following Terrorist Content Reports/Flags (October-December 2023),,680,count,15,reddit-2023-q4-3211c9.pdf
California,AB 587,reddit-inc,2023 Q4,extremism_or_radicalization,Terrorism,reported,,category_total,Table 11: Views and Shares of Content Actioned by Reddit following Terrorist Content Reports/Flags (October-December 2023),,27916,count,16,reddit-2023-q4-3211c9.pdf
California,AB 587,reddit-inc,2023 Q4,extremism_or_radicalization,Terrorism,reported,,category_total,Table 11: Views and Shares of Content Actioned by Reddit following Terrorist Content Reports/Flags (October-December 2023),,31771173,count,16,reddit-2023-q4-3211c9.pdf
California,AB 587,reddit-inc,2023 Q4,extremism_or_radicalization,Terrorism,reported,,category_total,Table 11: Views and Shares of Content Actioned by Reddit following Terrorist Content Reports/Flags (October-December 2023),,3981315,count,16,reddit-2023-q4-3211c9.pdf
California,AB 587,reddit-inc,2023 Q4,extremism_or_radicalization,Terrorism,reported,,category_total,Table 9: Content Flagged/Reported for Potential Terrorism Content Violation (October-December 2023),,1197,count,14,reddit-2023-q4-3211c9.pdf
California,AB 587,reddit-inc,2023 Q4,extremism_or_radicalization,Terrorism,reported,Content type,breakdown,Table 10: Content Actioned by Reddit following Terrorist Content Reports/Flags (October-December 2023),,467,count,15,reddit-2023-q4-3211c9.pdf
California,AB 587,reddit-inc,2023 Q4,extremism_or_radicalization,Terrorism,reported,Content type,breakdown,Table 10: Content Actioned by Reddit following Terrorist Content Reports/Flags (October-December 2023),,680,count,15,reddit-2023-q4-3211c9.pdf
California,AB 587,reddit-inc,2023 Q4,extremism_or_radicalization,Terrorism,reported,Content type,breakdown,Table 11: Views and Shares of Content Actioned by Reddit following Terrorist Content Reports/Flags (October-December 2023),,27916,count,16,reddit-2023-q4-3211c9.pdf
California,AB 587,reddit-inc,2023 Q4,extremism_or_radicalization,Terrorism,reported,Content type,breakdown,Table 11: Views and Shares of Content Actioned by Reddit following Terrorist Content Reports/Flags (October-December 2023),,31771173,count,16,reddit-2023-q4-3211c9.pdf
California,AB 587,reddit-inc,2023 Q4,extremism_or_radicalization,Terrorism,reported,Content type,breakdown,Table 11: Views and Shares of Content Actioned by Reddit following Terrorist Content Reports/Flags (October-December 2023),,3981315,count,16,reddit-2023-q4-3211c9.pdf
California,AB 587,reddit-inc,2023 Q4,extremism_or_radicalization,Terrorism,reported,Content type,breakdown,Table 9: Content Flagged/Reported for Potential Terrorism Content Violation (October-December 2023),,1127,count,14,reddit-2023-q4-3211c9.pdf
California,AB 587,reddit-inc,2023 Q4,extremism_or_radicalization,Terrorism,reported,How content was flagged,breakdown,Table 10: Content Actioned by Reddit following Terrorist Content Reports/Flags (October-December 2023),,427,count,15,reddit-2023-q4-3211c9.pdf
California,AB 587,reddit-inc,2023 Q4,extremism_or_radicalization,Terrorism,reported,How content was flagged,breakdown,Table 10: Content Actioned by Reddit following Terrorist Content Reports/Flags (October-December 2023),,610,count,15,reddit-2023-q4-3211c9.pdf
California,AB 587,reddit-inc,2023 Q4,extremism_or_radicalization,Terrorism,reported,How content was flagged,breakdown,Table 11: Views and Shares of Content Actioned by Reddit following Terrorist Content Reports/Flags (October-December 2023),,27916,count,16,reddit-2023-q4-3211c9.pdf
California,AB 587,reddit-inc,2023 Q4,extremism_or_radicalization,Terrorism,reported,How content was flagged,breakdown,Table 11: Views and Shares of Content Actioned by Reddit following Terrorist Content Reports/Flags (October-December 2023),,31771173,count,16,reddit-2023-q4-3211c9.pdf
California,AB 587,reddit-inc,2023 Q4,extremism_or_radicalization,Terrorism,reported,How content was flagged,breakdown,Table 11: Views and Shares of Content Actioned by Reddit following Terrorist Content Reports/Flags (October-December 2023),,3981315,count,16,reddit-2023-q4-3211c9.pdf
California,AB 587,reddit-inc,2023 Q4,extremism_or_radicalization,Terrorism,reported,How content was flagged,breakdown,Table 9: Content Flagged/Reported for Potential Terrorism Content Violation (October-December 2023),,1081,count,14,reddit-2023-q4-3211c9.pdf
California,AB 587,reddit-inc,2023 Q4,extremism_or_radicalization,Terrorism,reported,How content was removed,breakdown,Table 10: Content Actioned by Reddit following Terrorist Content Reports/Flags (October-December 2023),,0,count,15,reddit-2023-q4-3211c9.pdf
California,AB 587,reddit-inc,2023 Q4,extremism_or_radicalization,Terrorism,reported,How content was removed,breakdown,Table 10: Content Actioned by Reddit following Terrorist Content Reports/Flags (October-December 2023),,52,count,15,reddit-2023-q4-3211c9.pdf
California,AB 587,reddit-inc,2023 Q4,extremism_or_radicalization,Terrorism,reported,How content was removed,breakdown,Table 11: Views and Shares of Content Actioned by Reddit following Terrorist Content Reports/Flags (October-December 2023),,24,count,16,reddit-2023-q4-3211c9.pdf
California,AB 587,reddit-inc,2023 Q4,extremism_or_radicalization,Terrorism,reported,How content was removed,breakdown,Table 11: Views and Shares of Content Actioned by Reddit following Terrorist Content Reports/Flags (October-December 2023),,4387,count,16,reddit-2023-q4-3211c9.pdf
California,AB 587,reddit-inc,2023 Q4,extremism_or_radicalization,Terrorism,reported,How content was removed,breakdown,Table 11: Views and Shares of Content Actioned by Reddit following Terrorist Content Reports/Flags (October-December 2023),,8075,count,16,reddit-2023-q4-3211c9.pdf
California,AB 587,reddit-inc,2023 Q4,extremism_or_radicalization,Terrorism,reported,How content was removed,breakdown,Table 9: Content Flagged/Reported for Potential Terrorism Content Violation (October-December 2023),,52,count,14,reddit-2023-q4-3211c9.pdf
California,AB 587,reddit-inc,2023 Q4,extremism_or_radicalization,Terrorism,reported,Media type,breakdown,Table 10: Content Actioned by Reddit following Terrorist Content Reports/Flags (October-December 2023),,18,count,15,reddit-2023-q4-3211c9.pdf
California,AB 587,reddit-inc,2023 Q4,extremism_or_radicalization,Terrorism,reported,Media type,breakdown,Table 10: Content Actioned by Reddit following Terrorist Content Reports/Flags (October-December 2023),,24,count,15,reddit-2023-q4-3211c9.pdf
California,AB 587,reddit-inc,2023 Q4,extremism_or_radicalization,Terrorism,reported,Media type,breakdown,Table 11: Views and Shares of Content Actioned by Reddit following Terrorist Content Reports/Flags (October-December 2023),,255794,count,16,reddit-2023-q4-3211c9.pdf
California,AB 587,reddit-inc,2023 Q4,extremism_or_radicalization,Terrorism,reported,Media type,breakdown,Table 11: Views and Shares of Content Actioned by Reddit following Terrorist Content Reports/Flags (October-December 2023),,377,count,16,reddit-2023-q4-3211c9.pdf
California,AB 587,reddit-inc,2023 Q4,extremism_or_radicalization,Terrorism,reported,Media type,breakdown,Table 11: Views and Shares of Content Actioned by Reddit following Terrorist Content Reports/Flags (October-December 2023),,445116,count,16,reddit-2023-q4-3211c9.pdf
California,AB 587,reddit-inc,2023 Q4,extremism_or_radicalization,Terrorism,reported,Media type,breakdown,Table 9: Content Flagged/Reported for Potential Terrorism Content Violation (October-December 2023),,142,count,14,reddit-2023-q4-3211c9.pdf
California,AB 587,reddit-inc,2023 Q4,extremism_or_radicalization,Terrorism,reported,Sanction Type,breakdown,Table 12: Appeals of Account-Level Sanctions for Violations of Terrorist Content Policy (October-December 2023),,0,count,17,reddit-2023-q4-3211c9.pdf
California,AB 587,reddit-inc,2023 Q4,extremism_or_radicalization,Terrorism,reported,Sanction Type,breakdown,Table 12: Appeals of Account-Level Sanctions for Violations of Terrorist Content Policy (October-December 2023),,0,count,17,reddit-2023-q4-3211c9.pdf
California,AB 587,reddit-inc,2023 Q4,harassment,Harassment,reported,,breakdown,Table 5: Content Flagged/Reported for Potential Harassment Violation (October-December 2023),,35813,count,10,reddit-2023-q4-3211c9.pdf
California,AB 587,reddit-inc,2023 Q4,harassment,Harassment,reported,,breakdown,Table 5: Content Flagged/Reported for Potential Harassment Violation (October-December 2023),,467158,count,10,reddit-2023-q4-3211c9.pdf
California,AB 587,reddit-inc,2023 Q4,harassment,Harassment,reported,,breakdown,Table 5: Content Flagged/Reported for Potential Harassment Violation (October-December 2023),,4899700,count,10,reddit-2023-q4-3211c9.pdf
California,AB 587,reddit-inc,2023 Q4,harassment,Harassment,reported,,breakdown,Table 5: Content Flagged/Reported for Potential Harassment Violation (October-December 2023),,5172,count,10,reddit-2023-q4-3211c9.pdf
California,AB 587,reddit-inc,2023 Q4,harassment,Harassment,reported,,breakdown,Table 5: Content Flagged/Reported for Potential Harassment Violation (October-December 2023),,64533,count,10,reddit-2023-q4-3211c9.pdf
California,AB 587,reddit-inc,2023 Q4,harassment,Harassment,reported,,breakdown,Table 5: Content Flagged/Reported for Potential Harassment Violation (October-December 2023),,64909,count,10,reddit-2023-q4-3211c9.pdf
California,AB 587,reddit-inc,2023 Q4,harassment,Harassment,reported,,breakdown,Table 5: Content Flagged/Reported for Potential Harassment Violation (October-December 2023),,933491,count,10,reddit-2023-q4-3211c9.pdf
California,AB 587,reddit-inc,2023 Q4,harassment,Harassment,reported,,breakdown,Table 6: Content Actioned by Reddit following Harassment Reports/Flags (October-December 2023),,122958,count,11,reddit-2023-q4-3211c9.pdf
California,AB 587,reddit-inc,2023 Q4,harassment,Harassment,reported,,breakdown,Table 6: Content Actioned by Reddit following Harassment Reports/Flags (October-December 2023),,134650,count,11,reddit-2023-q4-3211c9.pdf
California,AB 587,reddit-inc,2023 Q4,harassment,Harassment,reported,,breakdown,Table 6: Content Actioned by Reddit following Harassment Reports/Flags (October-December 2023),,2125,count,11,reddit-2023-q4-3211c9.pdf
California,AB 587,reddit-inc,2023 Q4,harassment,Harassment,reported,,breakdown,Table 6: Content Actioned by Reddit following Harassment Reports/Flags (October-December 2023),,239215,count,11,reddit-2023-q4-3211c9.pdf
California,AB 587,reddit-inc,2023 Q4,harassment,Harassment,reported,,breakdown,Table 6: Content Actioned by Reddit following Harassment Reports/Flags (October-December 2023),,340,count,11,reddit-2023-q4-3211c9.pdf
California,AB 587,reddit-inc,2023 Q4,harassment,Harassment,reported,,breakdown,Table 6: Content Actioned by Reddit following Harassment Reports/Flags (October-December 2023),,50029,count,11,reddit-2023-q4-3211c9.pdf
California,AB 587,reddit-inc,2023 Q4,harassment,Harassment,reported,,breakdown,Table 6: Content Actioned by Reddit following Harassment Reports/Flags (October-December 2023),,51370,count,11,reddit-2023-q4-3211c9.pdf
California,AB 587,reddit-inc,2023 Q4,harassment,Harassment,reported,,breakdown,Table 6: Content Actioned by Reddit following Harassment Reports/Flags (October-December 2023),,5808,count,11,reddit-2023-q4-3211c9.pdf
California,AB 587,reddit-inc,2023 Q4,harassment,Harassment,reported,,breakdown,Table 6: Content Actioned by Reddit following Harassment Reports/Flags (October-December 2023),,6573,count,11,reddit-2023-q4-3211c9.pdf
California,AB 587,reddit-inc,2023 Q4,harassment,Harassment,reported,,breakdown,Table 6: Content Actioned by Reddit following Harassment Reports/Flags (October-December 2023),,7568,count,11,reddit-2023-q4-3211c9.pdf
California,AB 587,reddit-inc,2023 Q4,harassment,Harassment,reported,,breakdown,Table 6: Content Actioned by Reddit following Harassment Reports/Flags (October-December 2023),,8067,count,11,reddit-2023-q4-3211c9.pdf
California,AB 587,reddit-inc,2023 Q4,harassment,Harassment,reported,,breakdown,Table 6: Content Actioned by Reddit following Harassment Reports/Flags (October-December 2023),,81461,count,11,reddit-2023-q4-3211c9.pdf
California,AB 587,reddit-inc,2023 Q4,harassment,Harassment,reported,,breakdown,Table 6: Content Actioned by Reddit following Harassment Reports/Flags (October-December 2023),,860,count,11,reddit-2023-q4-3211c9.pdf
California,AB 587,reddit-inc,2023 Q4,harassment,Harassment,reported,,breakdown,Table 6: Content Actioned by Reddit following Harassment Reports/Flags (October-December 2023),,9193,count,11,reddit-2023-q4-3211c9.pdf
California,AB 587,reddit-inc,2023 Q4,harassment,Harassment,reported,,breakdown,Table 6: Content Actioned by Reddit following Harassment Reports/Flags (October-December 2023),,9657,count,11,reddit-2023-q4-3211c9.pdf
California,AB 587,reddit-inc,2023 Q4,harassment,Harassment,reported,,breakdown,Table 6: Content Actioned by Reddit following Harassment Reports/Flags (October-December 2023),,9706,count,11,reddit-2023-q4-3211c9.pdf
California,AB 587,reddit-inc,2023 Q4,harassment,Harassment,reported,,breakdown,Table 7: Views and Shares of Content Actioned by Reddit following Harassment Reports/Flags (October-December 2023),,0,count,12,reddit-2023-q4-3211c9.pdf
California,AB 587,reddit-inc,2023 Q4,harassment,Harassment,reported,,breakdown,Table 7: Views and Shares of Content Actioned by Reddit following Harassment Reports/Flags (October-December 2023),,118475662,count,12,reddit-2023-q4-3211c9.pdf
California,AB 587,reddit-inc,2023 Q4,harassment,Harassment,reported,,breakdown,Table 7: Views and Shares of Content Actioned by Reddit following Harassment Reports/Flags (October-December 2023),,1369,count,12,reddit-2023-q4-3211c9.pdf
California,AB 587,reddit-inc,2023 Q4,harassment,Harassment,reported,,breakdown,Table 7: Views and Shares of Content Actioned by Reddit following Harassment Reports/Flags (October-December 2023),,166,count,12,reddit-2023-q4-3211c9.pdf
California,AB 587,reddit-inc,2023 Q4,harassment,Harassment,reported,,breakdown,Table 7: Views and Shares of Content Actioned by Reddit following Harassment Reports/Flags (October-December 2023),,166416717,count,12,reddit-2023-q4-3211c9.pdf
California,AB 587,reddit-inc,2023 Q4,harassment,Harassment,reported,,breakdown,Table 7: Views and Shares of Content Actioned by Reddit following Harassment Reports/Flags (October-December 2023),,179057,count,12,reddit-2023-q4-3211c9.pdf
California,AB 587,reddit-inc,2023 Q4,harassment,Harassment,reported,,breakdown,Table 7: Views and Shares of Content Actioned by Reddit following Harassment Reports/Flags (October-December 2023),,183198,count,12,reddit-2023-q4-3211c9.pdf
California,AB 587,reddit-inc,2023 Q4,harassment,Harassment,reported,,breakdown,Table 7: Views and Shares of Content Actioned by Reddit following Harassment Reports/Flags (October-December 2023),,19538952,count,12,reddit-2023-q4-3211c9.pdf
California,AB 587,reddit-inc,2023 Q4,harassment,Harassment,reported,,breakdown,Table 7: Views and Shares of Content Actioned by Reddit following Harassment Reports/Flags (October-December 2023),,21492000,count,12,reddit-2023-q4-3211c9.pdf
California,AB 587,reddit-inc,2023 Q4,harassment,Harassment,reported,,breakdown,Table 7: Views and Shares of Content Actioned by Reddit following Harassment Reports/Flags (October-December 2023),,229358,count,12,reddit-2023-q4-3211c9.pdf
California,AB 587,reddit-inc,2023 Q4,harassment,Harassment,reported,,breakdown,Table 7: Views and Shares of Content Actioned by Reddit following Harassment Reports/Flags (October-December 2023),,28011730,count,12,reddit-2023-q4-3211c9.pdf
California,AB 587,reddit-inc,2023 Q4,harassment,Harassment,reported,,breakdown,Table 7: Views and Shares of Content Actioned by Reddit following Harassment Reports/Flags (October-December 2023),,292434,count,12,reddit-2023-q4-3211c9.pdf
California,AB 587,reddit-inc,2023 Q4,harassment,Harassment,reported,,breakdown,Table 7: Views and Shares of Content Actioned by Reddit following Harassment Reports/Flags (October-December 2023),,315424223,count,12,reddit-2023-q4-3211c9.pdf
California,AB 587,reddit-inc,2023 Q4,harassment,Harassment,reported,,breakdown,Table 7: Views and Shares of Content Actioned by Reddit following Harassment Reports/Flags (October-December 2023),,33017084,count,12,reddit-2023-q4-3211c9.pdf
California,AB 587,reddit-inc,2023 Q4,harassment,Harassment,reported,,breakdown,Table 7: Views and Shares of Content Actioned by Reddit following Harassment Reports/Flags (October-December 2023),,36343,count,12,reddit-2023-q4-3211c9.pdf
California,AB 587,reddit-inc,2023 Q4,harassment,Harassment,reported,,breakdown,Table 7: Views and Shares of Content Actioned by Reddit following Harassment Reports/Flags (October-December 2023),,37933000,count,12,reddit-2023-q4-3211c9.pdf
California,AB 587,reddit-inc,2023 Q4,harassment,Harassment,reported,,breakdown,Table 7: Views and Shares of Content Actioned by Reddit following Harassment Reports/Flags (October-December 2023),,400882,count,12,reddit-2023-q4-3211c9.pdf
California,AB 587,reddit-inc,2023 Q4,harassment,Harassment,reported,,breakdown,Table 7: Views and Shares of Content Actioned by Reddit following Harassment Reports/Flags (October-December 2023),,4219,count,12,reddit-2023-q4-3211c9.pdf
California,AB 587,reddit-inc,2023 Q4,harassment,Harassment,reported,,breakdown,Table 7: Views and Shares of Content Actioned by Reddit following Harassment Reports/Flags (October-December 2023),,532,count,12,reddit-2023-q4-3211c9.pdf
California,AB 587,reddit-inc,2023 Q4,harassment,Harassment,reported,,breakdown,Table 7: Views and Shares of Content Actioned by Reddit following Harassment Reports/Flags (October-December 2023),,941908,count,12,reddit-2023-q4-3211c9.pdf
California,AB 587,reddit-inc,2023 Q4,harassment,Harassment,reported,,breakdown,Table 7: Views and Shares of Content Actioned by Reddit following Harassment Reports/Flags (October-December 2023),,9663225,count,12,reddit-2023-q4-3211c9.pdf
California,AB 587,reddit-inc,2023 Q4,harassment,Harassment,reported,,breakdown,Table 8: Appeals of Account-Level Sanctions for Violations of Harassment Policy (October-December 2023),,18307,count,13,reddit-2023-q4-3211c9.pdf
California,AB 587,reddit-inc,2023 Q4,harassment,Harassment,reported,,breakdown,Table 8: Appeals of Account-Level Sanctions for Violations of Harassment Policy (October-December 2023),,2807,count,13,reddit-2023-q4-3211c9.pdf
California,AB 587,reddit-inc,2023 Q4,harassment,Harassment,reported,,breakdown,Table 8: Appeals of Account-Level Sanctions for Violations of Harassment Policy (October-December 2023),,3758,count,13,reddit-2023-q4-3211c9.pdf
California,AB 587,reddit-inc,2023 Q4,harassment,Harassment,reported,,breakdown,Table 8: Appeals of Account-Level Sanctions for Violations of Harassment Policy (October-December 2023),,535,count,13,reddit-2023-q4-3211c9.pdf
California,AB 587,reddit-inc,2023 Q4,harassment,Harassment,reported,,breakdown,Table 8: Appeals of Account-Level Sanctions for Violations of Harassment Policy (October-December 2023),,5544,count,13,reddit-2023-q4-3211c9.pdf
California,AB 587,reddit-inc,2023 Q4,harassment,Harassment,reported,,breakdown,Table 8: Appeals of Account-Level Sanctions for Violations of Harassment Policy (October-December 2023),,800,count,13,reddit-2023-q4-3211c9.pdf
California,AB 587,reddit-inc,2023 Q4,harassment,Harassment,reported,,category_total,Table 5: Content Flagged/Reported for Potential Harassment Violation (October-December 2023),,7129566,count,10,reddit-2023-q4-3211c9.pdf
California,AB 587,reddit-inc,2023 Q4,harassment,Harassment,reported,,category_total,Table 6: Content Actioned by Reddit following Harassment Reports/Flags (October-December 2023),,288356,count,11,reddit-2023-q4-3211c9.pdf
California,AB 587,reddit-inc,2023 Q4,harassment,Harassment,reported,,category_total,Table 6: Content Actioned by Reddit following Harassment Reports/Flags (October-December 2023),,535273,count,11,reddit-2023-q4-3211c9.pdf
California,AB 587,reddit-inc,2023 Q4,harassment,Harassment,reported,,category_total,Table 7: Views and Shares of Content Actioned by Reddit following Harassment Reports/Flags (October-December 2023),,417585561,count,12,reddit-2023-q4-3211c9.pdf
California,AB 587,reddit-inc,2023 Q4,harassment,Harassment,reported,,category_total,Table 7: Views and Shares of Content Actioned by Reddit following Harassment Reports/Flags (October-December 2023),,45463766,count,12,reddit-2023-q4-3211c9.pdf
California,AB 587,reddit-inc,2023 Q4,harassment,Harassment,reported,,category_total,Table 7: Views and Shares of Content Actioned by Reddit following Harassment Reports/Flags (October-December 2023),,553173,count,12,reddit-2023-q4-3211c9.pdf
California,AB 587,reddit-inc,2023 Q4,harassment,Harassment,reported,Content type,breakdown,Table 5: Content Flagged/Reported for Potential Harassment Violation (October-December 2023),,1231842,count,10,reddit-2023-q4-3211c9.pdf
California,AB 587,reddit-inc,2023 Q4,harassment,Harassment,reported,Content type,breakdown,Table 6: Content Actioned by Reddit following Harassment Reports/Flags (October-December 2023),,144513,count,11,reddit-2023-q4-3211c9.pdf
California,AB 587,reddit-inc,2023 Q4,harassment,Harassment,reported,Content type,breakdown,Table 6: Content Actioned by Reddit following Harassment Reports/Flags (October-December 2023),,286352,count,11,reddit-2023-q4-3211c9.pdf
California,AB 587,reddit-inc,2023 Q4,harassment,Harassment,reported,Content type,breakdown,Table 7: Views and Shares of Content Actioned by Reddit following Harassment Reports/Flags (October-December 2023),,396089342,count,12,reddit-2023-q4-3211c9.pdf
California,AB 587,reddit-inc,2023 Q4,harassment,Harassment,reported,Content type,breakdown,Table 7: Views and Shares of Content Actioned by Reddit following Harassment Reports/Flags (October-December 2023),,44520489,count,12,reddit-2023-q4-3211c9.pdf
California,AB 587,reddit-inc,2023 Q4,harassment,Harassment,reported,Content type,breakdown,Table 7: Views and Shares of Content Actioned by Reddit following Harassment Reports/Flags (October-December 2023),,553007,count,12,reddit-2023-q4-3211c9.pdf
California,AB 587,reddit-inc,2023 Q4,harassment,Harassment,reported,How content was flagged,breakdown,Table 5: Content Flagged/Reported for Potential Harassment Violation (October-December 2023),,5968197,count,10,reddit-2023-q4-3211c9.pdf
California,AB 587,reddit-inc,2023 Q4,harassment,Harassment,reported,How content was flagged,breakdown,Table 6: Content Actioned by Reddit following Harassment Reports/Flags (October-December 2023),,222346,count,11,reddit-2023-q4-3211c9.pdf
California,AB 587,reddit-inc,2023 Q4,harassment,Harassment,reported,How content was flagged,breakdown,Table 6: Content Actioned by Reddit following Harassment Reports/Flags (October-December 2023),,436587,count,11,reddit-2023-q4-3211c9.pdf
California,AB 587,reddit-inc,2023 Q4,harassment,Harassment,reported,How content was flagged,breakdown,Table 7: Views and Shares of Content Actioned by Reddit following Harassment Reports/Flags (October-December 2023),,105876,count,12,reddit-2023-q4-3211c9.pdf
California,AB 587,reddit-inc,2023 Q4,harassment,Harassment,reported,How content was flagged,breakdown,Table 7: Views and Shares of Content Actioned by Reddit following Harassment Reports/Flags (October-December 2023),,14179458,count,12,reddit-2023-q4-3211c9.pdf
California,AB 587,reddit-inc,2023 Q4,harassment,Harassment,reported,How content was flagged,breakdown,Table 7: Views and Shares of Content Actioned by Reddit following Harassment Reports/Flags (October-December 2023),,61180767,count,12,reddit-2023-q4-3211c9.pdf
California,AB 587,reddit-inc,2023 Q4,harassment,Harassment,reported,Media type,breakdown,Table 5: Content Flagged/Reported for Potential Harassment Violation (October-December 2023),,6621423,count,10,reddit-2023-q4-3211c9.pdf
California,AB 587,reddit-inc,2023 Q4,harassment,Harassment,reported,Media type,breakdown,Table 6: Content Actioned by Reddit following Harassment Reports/Flags (October-December 2023),,235862,count,11,reddit-2023-q4-3211c9.pdf
California,AB 587,reddit-inc,2023 Q4,harassment,Harassment,reported,Media type,breakdown,Table 6: Content Actioned by Reddit following Harassment Reports/Flags (October-December 2023),,405647,count,11,reddit-2023-q4-3211c9.pdf
California,AB 587,reddit-inc,2023 Q4,harassment,Harassment,reported,Media type,breakdown,Table 7: Views and Shares of Content Actioned by Reddit following Harassment Reports/Flags (October-December 2023),,132400748,count,12,reddit-2023-q4-3211c9.pdf
California,AB 587,reddit-inc,2023 Q4,harassment,Harassment,reported,Media type,breakdown,Table 7: Views and Shares of Content Actioned by Reddit following Harassment Reports/Flags (October-December 2023),,144226,count,12,reddit-2023-q4-3211c9.pdf
California,AB 587,reddit-inc,2023 Q4,harassment,Harassment,reported,Media type,breakdown,Table 7: Views and Shares of Content Actioned by Reddit following Harassment Reports/Flags (October-December 2023),,24908361,count,12,reddit-2023-q4-3211c9.pdf
California,AB 587,reddit-inc,2023 Q4,harassment,Harassment,reported,Sanction Type,breakdown,Table 8: Appeals of Account-Level Sanctions for Violations of Harassment Policy (October-December 2023),,1472,count,13,reddit-2023-q4-3211c9.pdf
California,AB 587,reddit-inc,2023 Q4,harassment,Harassment,reported,Sanction Type,breakdown,Table 8: Appeals of Account-Level Sanctions for Violations of Harassment Policy (October-December 2023),,8994,count,13,reddit-2023-q4-3211c9.pdf
California,AB 587,reddit-inc,2023 Q4,hate_speech_or_racism,Hateful content,reported,,breakdown,Table 1: Content Flagged/Reported for Potential Hateful Content Violation (October-December 2023),,1002341,count,6,reddit-2023-q4-3211c9.pdf
California,AB 587,reddit-inc,2023 Q4,hate_speech_or_racism,Hateful content,reported,,breakdown,Table 1: Content Flagged/Reported for Potential Hateful Content Violation (October-December 2023),,104067,count,6,reddit-2023-q4-3211c9.pdf
California,AB 587,reddit-inc,2023 Q4,hate_speech_or_racism,Hateful content,reported,,breakdown,Table 1: Content Flagged/Reported for Potential Hateful Content Violation (October-December 2023),,125277,count,6,reddit-2023-q4-3211c9.pdf
California,AB 587,reddit-inc,2023 Q4,hate_speech_or_racism,Hateful content,reported,,breakdown,Table 1: Content Flagged/Reported for Potential Hateful Content Violation (October-December 2023),,18177,count,6,reddit-2023-q4-3211c9.pdf
California,AB 587,reddit-inc,2023 Q4,hate_speech_or_racism,Hateful content,reported,,breakdown,Table 1: Content Flagged/Reported for Potential Hateful Content Violation (October-December 2023),,1823805,count,6,reddit-2023-q4-3211c9.pdf
California,AB 587,reddit-inc,2023 Q4,hate_speech_or_racism,Hateful content,reported,,breakdown,Table 1: Content Flagged/Reported for Potential Hateful Content Violation (October-December 2023),,192039,count,6,reddit-2023-q4-3211c9.pdf
California,AB 587,reddit-inc,2023 Q4,hate_speech_or_racism,Hateful content,reported,,breakdown,Table 1: Content Flagged/Reported for Potential Hateful Content Violation (October-December 2023),,1948,count,6,reddit-2023-q4-3211c9.pdf
California,AB 587,reddit-inc,2023 Q4,hate_speech_or_racism,Hateful content,reported,,breakdown,Table 1: Content Flagged/Reported for Potential Hateful Content Violation (October-December 2023),,31700,count,6,reddit-2023-q4-3211c9.pdf
California,AB 587,reddit-inc,2023 Q4,hate_speech_or_racism,Hateful content,reported,,breakdown,Table 1: Content Flagged/Reported for Potential Hateful Content Violation (October-December 2023),,35969,count,6,reddit-2023-q4-3211c9.pdf
California,AB 587,reddit-inc,2023 Q4,hate_speech_or_racism,Hateful content,reported,,breakdown,Table 2: Content Actioned by Reddit following Hateful Content Reports/Flags (October-December 2023),,12411,count,7,reddit-2023-q4-3211c9.pdf
California,AB 587,reddit-inc,2023 Q4,hate_speech_or_racism,Hateful content,reported,,breakdown,Table 2: Content Actioned by Reddit following Hateful Content Reports/Flags (October-December 2023),,165244,count,7,reddit-2023-q4-3211c9.pdf
California,AB 587,reddit-inc,2023 Q4,hate_speech_or_racism,Hateful content,reported,,breakdown,Table 2: Content Actioned by Reddit following Hateful Content Reports/Flags (October-December 2023),,231448,count,7,reddit-2023-q4-3211c9.pdf
California,AB 587,reddit-inc,2023 Q4,hate_speech_or_racism,Hateful content,reported,,breakdown,Table 2: Content Actioned by Reddit following Hateful Content Reports/Flags (October-December 2023),,3286,count,7,reddit-2023-q4-3211c9.pdf
California,AB 587,reddit-inc,2023 Q4,hate_speech_or_racism,Hateful content,reported,,breakdown,Table 2: Content Actioned by Reddit following Hateful Content Reports/Flags (October-December 2023),,3449,count,7,reddit-2023-q4-3211c9.pdf
California,AB 587,reddit-inc,2023 Q4,hate_speech_or_racism,Hateful content,reported,,breakdown,Table 2: Content Actioned by Reddit following Hateful Content Reports/Flags (October-December 2023),,7317,count,7,reddit-2023-q4-3211c9.pdf
California,AB 587,reddit-inc,2023 Q4,hate_speech_or_racism,Hateful content,reported,,breakdown,Table 3: Views and Shares of Content Actioned by Reddit following Hateful Content Reports/Flags (October-December 2023),,0,count,9,reddit-2023-q4-3211c9.pdf
California,AB 587,reddit-inc,2023 Q4,hate_speech_or_racism,Hateful content,reported,,breakdown,Table 3: Views and Shares of Content Actioned by Reddit following Hateful Content Reports/Flags (October-December 2023),,12775874,count,9,reddit-2023-q4-3211c9.pdf
California,AB 587,reddit-inc,2023 Q4,hate_speech_or_racism,Hateful content,reported,,breakdown,Table 3: Views and Shares of Content Actioned by Reddit following Hateful Content Reports/Flags (October-December 2023),,13124854,count,9,reddit-2023-q4-3211c9.pdf
California,AB 587,reddit-inc,2023 Q4,hate_speech_or_racism,Hateful content,reported,,breakdown,Table 3: Views and Shares of Content Actioned by Reddit following Hateful Content Reports/Flags (October-December 2023),,13391849,count,9,reddit-2023-q4-3211c9.pdf
California,AB 587,reddit-inc,2023 Q4,hate_speech_or_racism,Hateful content,reported,,breakdown,Table 3: Views and Shares of Content Actioned by Reddit following Hateful Content Reports/Flags (October-December 2023),,13720839,count,9,reddit-2023-q4-3211c9.pdf
California,AB 587,reddit-inc,2023 Q4,hate_speech_or_racism,Hateful content,reported,,breakdown,Table 3: Views and Shares of Content Actioned by Reddit following Hateful Content Reports/Flags (October-December 2023),,1494157,count,9,reddit-2023-q4-3211c9.pdf
California,AB 587,reddit-inc,2023 Q4,hate_speech_or_racism,Hateful content,reported,,breakdown,Table 3: Views and Shares of Content Actioned by Reddit following Hateful Content Reports/Flags (October-December 2023),,1520,count,9,reddit-2023-q4-3211c9.pdf
California,AB 587,reddit-inc,2023 Q4,hate_speech_or_racism,Hateful content,reported,,breakdown,Table 3: Views and Shares of Content Actioned by Reddit following Hateful Content Reports/Flags (October-December 2023),,157602201,count,9,reddit-2023-q4-3211c9.pdf
California,AB 587,reddit-inc,2023 Q4,hate_speech_or_racism,Hateful content,reported,,breakdown,Table 3: Views and Shares of Content Actioned by Reddit following Hateful Content Reports/Flags (October-December 2023),,174118,count,9,reddit-2023-q4-3211c9.pdf
California,AB 587,reddit-inc,2023 Q4,hate_speech_or_racism,Hateful content,reported,,breakdown,Table 3: Views and Shares of Content Actioned by Reddit following Hateful Content Reports/Flags (October-December 2023),,19770438,count,9,reddit-2023-q4-3211c9.pdf
California,AB 587,reddit-inc,2023 Q4,hate_speech_or_racism,Hateful content,reported,,breakdown,Table 3: Views and Shares of Content Actioned by Reddit following Hateful Content Reports/Flags (October-December 2023),,198589,count,9,reddit-2023-q4-3211c9.pdf
California,AB 587,reddit-inc,2023 Q4,hate_speech_or_racism,Hateful content,reported,,breakdown,Table 3: Views and Shares of Content Actioned by Reddit following Hateful Content Reports/Flags (October-December 2023),,207233827,count,9,reddit-2023-q4-3211c9.pdf
California,AB 587,reddit-inc,2023 Q4,hate_speech_or_racism,Hateful content,reported,,breakdown,Table 3: Views and Shares of Content Actioned by Reddit following Hateful Content Reports/Flags (October-December 2023),,24299450,count,9,reddit-2023-q4-3211c9.pdf
California,AB 587,reddit-inc,2023 Q4,hate_speech_or_racism,Hateful content,reported,,breakdown,Table 3: Views and Shares of Content Actioned by Reddit following Hateful Content Reports/Flags (October-December 2023),,2632973,count,9,reddit-2023-q4-3211c9.pdf
California,AB 587,reddit-inc,2023 Q4,hate_speech_or_racism,Hateful content,reported,,breakdown,Table 3: Views and Shares of Content Actioned by Reddit following Hateful Content Reports/Flags (October-December 2023),,292826,count,9,reddit-2023-q4-3211c9.pdf
California,AB 587,reddit-inc,2023 Q4,hate_speech_or_racism,Hateful content,reported,,breakdown,Table 3: Views and Shares of Content Actioned by Reddit following Hateful Content Reports/Flags (October-December 2023),,3318945,count,9,reddit-2023-q4-3211c9.pdf
California,AB 587,reddit-inc,2023 Q4,hate_speech_or_racism,Hateful content,reported,,breakdown,Table 3: Views and Shares of Content Actioned by Reddit following Hateful Content Reports/Flags (October-December 2023),,352,count,9,reddit-2023-q4-3211c9.pdf
California,AB 587,reddit-inc,2023 Q4,hate_speech_or_racism,Hateful content,reported,,breakdown,Table 3: Views and Shares of Content Actioned by Reddit following Hateful Content Reports/Flags (October-December 2023),,36669841,count,9,reddit-2023-q4-3211c9.pdf
California,AB 587,reddit-inc,2023 Q4,hate_speech_or_racism,Hateful content,reported,,breakdown,Table 3: Views and Shares of Content Actioned by Reddit following Hateful Content Reports/Flags (October-December 2023),,38271607,count,9,reddit-2023-q4-3211c9.pdf
California,AB 587,reddit-inc,2023 Q4,hate_speech_or_racism,Hateful content,reported,,breakdown,Table 3: Views and Shares of Content Actioned by Reddit following Hateful Content Reports/Flags (October-December 2023),,417250,count,9,reddit-2023-q4-3211c9.pdf
California,AB 587,reddit-inc,2023 Q4,hate_speech_or_racism,Hateful content,reported,,breakdown,Table 3: Views and Shares of Content Actioned by Reddit following Hateful Content Reports/Flags (October-December 2023),,461358,count,9,reddit-2023-q4-3211c9.pdf
California,AB 587,reddit-inc,2023 Q4,hate_speech_or_racism,Hateful content,reported,,breakdown,Table 3: Views and Shares of Content Actioned by Reddit following Hateful Content Reports/Flags (October-December 2023),,462938095,count,9,reddit-2023-q4-3211c9.pdf
California,AB 587,reddit-inc,2023 Q4,hate_speech_or_racism,Hateful content,reported,,breakdown,Table 3: Views and Shares of Content Actioned by Reddit following Hateful Content Reports/Flags (October-December 2023),,47849,count,9,reddit-2023-q4-3211c9.pdf
California,AB 587,reddit-inc,2023 Q4,hate_speech_or_racism,Hateful content,reported,,breakdown,Table 3: Views and Shares of Content Actioned by Reddit following Hateful Content Reports/Flags (October-December 2023),,4884,count,9,reddit-2023-q4-3211c9.pdf
California,AB 587,reddit-inc,2023 Q4,hate_speech_or_racism,Hateful content,reported,,breakdown,Table 3: Views and Shares of Content Actioned by Reddit following Hateful Content Reports/Flags (October-December 2023),,517,count,9,reddit-2023-q4-3211c9.pdf
California,AB 587,reddit-inc,2023 Q4,hate_speech_or_racism,Hateful content,reported,,breakdown,Table 3: Views and Shares of Content Actioned by Reddit following Hateful Content Reports/Flags (October-December 2023),,52537,count,9,reddit-2023-q4-3211c9.pdf
California,AB 587,reddit-inc,2023 Q4,hate_speech_or_racism,Hateful content,reported,,breakdown,Table 3: Views and Shares of Content Actioned by Reddit following Hateful Content Reports/Flags (October-December 2023),,54657,count,9,reddit-2023-q4-3211c9.pdf
California,AB 587,reddit-inc,2023 Q4,hate_speech_or_racism,Hateful content,reported,,breakdown,Table 3: Views and Shares of Content Actioned by Reddit following Hateful Content Reports/Flags (October-December 2023),,60260515,count,9,reddit-2023-q4-3211c9.pdf
California,AB 587,reddit-inc,2023 Q4,hate_speech_or_racism,Hateful content,reported,,breakdown,Table 3: Views and Shares of Content Actioned by Reddit following Hateful Content Reports/Flags (October-December 2023),,618,count,9,reddit-2023-q4-3211c9.pdf
California,AB 587,reddit-inc,2023 Q4,hate_speech_or_racism,Hateful content,reported,,breakdown,Table 3: Views and Shares of Content Actioned by Reddit following Hateful Content Reports/Flags (October-December 2023),,62421,count,9,reddit-2023-q4-3211c9.pdf
California,AB 587,reddit-inc,2023 Q4,hate_speech_or_racism,Hateful content,reported,,breakdown,Table 3: Views and Shares of Content Actioned by Reddit following Hateful Content Reports/Flags (October-December 2023),,63263500,count,9,reddit-2023-q4-3211c9.pdf
California,AB 587,reddit-inc,2023 Q4,hate_speech_or_racism,Hateful content,reported,,breakdown,Table 3: Views and Shares of Content Actioned by Reddit following Hateful Content Reports/Flags (October-December 2023),,65195,count,9,reddit-2023-q4-3211c9.pdf
California,AB 587,reddit-inc,2023 Q4,hate_speech_or_racism,Hateful content,reported,,breakdown,Table 3: Views and Shares of Content Actioned by Reddit following Hateful Content Reports/Flags (October-December 2023),,66841458,count,9,reddit-2023-q4-3211c9.pdf
California,AB 587,reddit-inc,2023 Q4,hate_speech_or_racism,Hateful content,reported,,breakdown,Table 3: Views and Shares of Content Actioned by Reddit following Hateful Content Reports/Flags (October-December 2023),,70170655,count,9,reddit-2023-q4-3211c9.pdf
California,AB 587,reddit-inc,2023 Q4,hate_speech_or_racism,Hateful content,reported,,breakdown,Table 3: Views and Shares of Content Actioned by Reddit following Hateful Content Reports/Flags (October-December 2023),,90812891,count,9,reddit-2023-q4-3211c9.pdf
California,AB 587,reddit-inc,2023 Q4,hate_speech_or_racism,Hateful content,reported,,breakdown,Table 3: Views and Shares of Content Actioned by Reddit following Hateful Content Reports/Flags (October-December 2023),,9418408,count,9,reddit-2023-q4-3211c9.pdf
California,AB 587,reddit-inc,2023 Q4,hate_speech_or_racism,Hateful content,reported,,breakdown,Table 4: Appeals of Account-Level Sanctions for Violations of Hateful Content Policy (October-December 2023),,12970,count,10,reddit-2023-q4-3211c9.pdf
California,AB 587,reddit-inc,2023 Q4,hate_speech_or_racism,Hateful content,reported,,breakdown,Table 4: Appeals of Account-Level Sanctions for Violations of Hateful Content Policy (October-December 2023),,2075,count,10,reddit-2023-q4-3211c9.pdf
California,AB 587,reddit-inc,2023 Q4,hate_speech_or_racism,Hateful content,reported,,breakdown,Table 4: Appeals of Account-Level Sanctions for Violations of Hateful Content Policy (October-December 2023),,3113,count,10,reddit-2023-q4-3211c9.pdf
California,AB 587,reddit-inc,2023 Q4,hate_speech_or_racism,Hateful content,reported,,breakdown,Table 4: Appeals of Account-Level Sanctions for Violations of Hateful Content Policy (October-December 2023),,4343,count,10,reddit-2023-q4-3211c9.pdf
California,AB 587,reddit-inc,2023 Q4,hate_speech_or_racism,Hateful content,reported,,breakdown,Table 4: Appeals of Account-Level Sanctions for Violations of Hateful Content Policy (October-December 2023),,476,count,10,reddit-2023-q4-3211c9.pdf
California,AB 587,reddit-inc,2023 Q4,hate_speech_or_racism,Hateful content,reported,,breakdown,Table 4: Appeals of Account-Level Sanctions for Violations of Hateful Content Policy (October-December 2023),,554,count,10,reddit-2023-q4-3211c9.pdf
California,AB 587,reddit-inc,2023 Q4,hate_speech_or_racism,Hateful content,reported,,category_total,Table 1: Content Flagged/Reported for Potential Hateful Content Violation (October-December 2023),,2310984,count,6,reddit-2023-q4-3211c9.pdf
California,AB 587,reddit-inc,2023 Q4,hate_speech_or_racism,Hateful content,reported,,category_total,Table 2: Content Actioned by Reddit following Hateful Content Reports/Flags (October-December 2023),,191827,count,7,reddit-2023-q4-3211c9.pdf
California,AB 587,reddit-inc,2023 Q4,hate_speech_or_racism,Hateful content,reported,,category_total,Table 2: Content Actioned by Reddit following Hateful Content Reports/Flags (October-December 2023),,270068,count,7,reddit-2023-q4-3211c9.pdf
California,AB 587,reddit-inc,2023 Q4,hate_speech_or_racism,Hateful content,reported,,category_total,Table 3: Views and Shares of Content Actioned by Reddit following Hateful Content Reports/Flags (October-December 2023),,43220214,count,9,reddit-2023-q4-3211c9.pdf
California,AB 587,reddit-inc,2023 Q4,hate_speech_or_racism,Hateful content,reported,,category_total,Table 3: Views and Shares of Content Actioned by Reddit following Hateful Content Reports/Flags (October-December 2023),,481567,count,9,reddit-2023-q4-3211c9.pdf
California,AB 587,reddit-inc,2023 Q4,hate_speech_or_racism,Hateful content,reported,,category_total,Table 3: Views and Shares of Content Actioned by Reddit following Hateful Content Reports/Flags (October-December 2023),,539058340,count,9,reddit-2023-q4-3211c9.pdf
California,AB 587,reddit-inc,2023 Q4,hate_speech_or_racism,Hateful content,reported,Content type,breakdown,Table 1: Content Flagged/Reported for Potential Hateful Content Violation (October-December 2023),,276963,count,6,reddit-2023-q4-3211c9.pdf
California,AB 587,reddit-inc,2023 Q4,hate_speech_or_racism,Hateful content,reported,Content type,breakdown,Table 2: Content Actioned by Reddit following Hateful Content Reports/Flags (October-December 2023),,23297,count,7,reddit-2023-q4-3211c9.pdf
California,AB 587,reddit-inc,2023 Q4,hate_speech_or_racism,Hateful content,reported,Content type,breakdown,Table 2: Content Actioned by Reddit following Hateful Content Reports/Flags (October-December 2023),,35171,count,7,reddit-2023-q4-3211c9.pdf
California,AB 587,reddit-inc,2023 Q4,hate_speech_or_racism,Hateful content,reported,Content type,breakdown,Table 3: Views and Shares of Content Actioned by Reddit following Hateful Content Reports/Flags (October-December 2023),,40586724,count,9,reddit-2023-q4-3211c9.pdf
California,AB 587,reddit-inc,2023 Q4,hate_speech_or_racism,Hateful content,reported,Content type,breakdown,Table 3: Views and Shares of Content Actioned by Reddit following Hateful Content Reports/Flags (October-December 2023),,475793320,count,9,reddit-2023-q4-3211c9.pdf
California,AB 587,reddit-inc,2023 Q4,hate_speech_or_racism,Hateful content,reported,Content type,breakdown,Table 3: Views and Shares of Content Actioned by Reddit following Hateful Content Reports/Flags (October-December 2023),,481215,count,9,reddit-2023-q4-3211c9.pdf
California,AB 587,reddit-inc,2023 Q4,hate_speech_or_racism,Hateful content,reported,How content was flagged,breakdown,Table 1: Content Flagged/Reported for Potential Hateful Content Violation (October-December 2023),,1147397,count,6,reddit-2023-q4-3211c9.pdf
California,AB 587,reddit-inc,2023 Q4,hate_speech_or_racism,Hateful content,reported,How content was flagged,breakdown,Table 3: Views and Shares of Content Actioned by Reddit following Hateful Content Reports/Flags (October-December 2023),,2079514,count,9,reddit-2023-q4-3211c9.pdf
California,AB 587,reddit-inc,2023 Q4,hate_speech_or_racism,Hateful content,reported,How content was flagged,breakdown,Table 3: Views and Shares of Content Actioned by Reddit following Hateful Content Reports/Flags (October-December 2023),,5959842,count,9,reddit-2023-q4-3211c9.pdf
California,AB 587,reddit-inc,2023 Q4,hate_speech_or_racism,Hateful content,reported,How content was flagged,breakdown,Table 3: Views and Shares of Content Actioned by Reddit following Hateful Content Reports/Flags (October-December 2023),,6896,count,9,reddit-2023-q4-3211c9.pdf
California,AB 587,reddit-inc,2023 Q4,hate_speech_or_racism,Hateful content,reported,How content was removed,breakdown,Table 3: Views and Shares of Content Actioned by Reddit following Hateful Content Reports/Flags (October-December 2023),,251020,count,9,reddit-2023-q4-3211c9.pdf
California,AB 587,reddit-inc,2023 Q4,hate_speech_or_racism,Hateful content,reported,How content was removed,breakdown,Table 3: Views and Shares of Content Actioned by Reddit following Hateful Content Reports/Flags (October-December 2023),,280700557,count,9,reddit-2023-q4-3211c9.pdf
California,AB 587,reddit-inc,2023 Q4,hate_speech_or_racism,Hateful content,reported,How content was removed,breakdown,Table 3: Views and Shares of Content Actioned by Reddit following Hateful Content Reports/Flags (October-December 2023),,31870782,count,9,reddit-2023-q4-3211c9.pdf
California,AB 587,reddit-inc,2023 Q4,hate_speech_or_racism,Hateful content,reported,Media type,breakdown,Table 1: Content Flagged/Reported for Potential Hateful Content Violation (October-December 2023),,2173269,count,6,reddit-2023-q4-3211c9.pdf
California,AB 587,reddit-inc,2023 Q4,hate_speech_or_racism,Hateful content,reported,Media type,breakdown,Table 2: Content Actioned by Reddit following Hateful Content Reports/Flags (October-December 2023),,182671,count,7,reddit-2023-q4-3211c9.pdf
California,AB 587,reddit-inc,2023 Q4,hate_speech_or_racism,Hateful content,reported,Media type,breakdown,Table 2: Content Actioned by Reddit following Hateful Content Reports/Flags (October-December 2023),,254590,count,7,reddit-2023-q4-3211c9.pdf
California,AB 587,reddit-inc,2023 Q4,hate_speech_or_racism,Hateful content,reported,Media type,breakdown,Table 3: Views and Shares of Content Actioned by Reddit following Hateful Content Reports/Flags (October-December 2023),,108242,count,9,reddit-2023-q4-3211c9.pdf
California,AB 587,reddit-inc,2023 Q4,hate_speech_or_racism,Hateful content,reported,Media type,breakdown,Table 3: Views and Shares of Content Actioned by Reddit following Hateful Content Reports/Flags (October-December 2023),,173760954,count,9,reddit-2023-q4-3211c9.pdf
California,AB 587,reddit-inc,2023 Q4,hate_speech_or_racism,Hateful content,reported,Media type,breakdown,Table 3: Views and Shares of Content Actioned by Reddit following Hateful Content Reports/Flags (October-December 2023),,22196826,count,9,reddit-2023-q4-3211c9.pdf
California,AB 587,reddit-inc,2023 Q4,hate_speech_or_racism,Hateful content,reported,Sanction Type,breakdown,Table 4: Appeals of Account-Level Sanctions for Violations of Hateful Content Policy (October-December 2023),,1042,count,10,reddit-2023-q4-3211c9.pdf
California,AB 587,reddit-inc,2023 Q4,hate_speech_or_racism,Hateful content,reported,Sanction Type,breakdown,Table 4: Appeals of Account-Level Sanctions for Violations of Hateful Content Policy (October-December 2023),,5506,count,10,reddit-2023-q4-3211c9.pdf
California,AB 587,roblox-corporation,2023 Q3,extremism_or_radicalization,Terrorism and Violent Extremism,reported,,category_total,Total Actions,,53826,count,5,roblox-2023-q3-f7002b.pdf
California,AB 587,roblox-corporation,2023 Q3,extremism_or_radicalization,Terrorism and Violent Extremism,reported,,category_total,Total Flagged,,53826,count,4,roblox-2023-q3-f7002b.pdf
California,AB 587,roblox-corporation,2023 Q3,harassment,"Threats, Bullying, and Harassment",reported,,category_total,Total Actions,,9846952,count,5,roblox-2023-q3-f7002b.pdf
California,AB 587,roblox-corporation,2023 Q3,harassment,"Threats, Bullying, and Harassment",reported,,category_total,Total Flagged,,9846952,count,4,roblox-2023-q3-f7002b.pdf
California,AB 587,roblox-corporation,2023 Q3,hate_speech_or_racism,"Discrimination, Slurs, and Hate Speech",reported,,category_total,Total Actions,,5332666,count,5,roblox-2023-q3-f7002b.pdf
California,AB 587,roblox-corporation,2023 Q3,hate_speech_or_racism,"Discrimination, Slurs, and Hate Speech",reported,,category_total,Total Flagged,,5332666,count,4,roblox-2023-q3-f7002b.pdf
California,AB 587,roblox-corporation,2023 Q4,extremism_or_radicalization,Terrorism and Violent Extremism,reported,,category_total,Total Actions,,36226,count,5,roblox-2023-q4-365a2a.pdf
California,AB 587,roblox-corporation,2023 Q4,extremism_or_radicalization,Terrorism and Violent Extremism,reported,,category_total,Total Flagged,,36226,count,4,roblox-2023-q4-365a2a.pdf
California,AB 587,roblox-corporation,2023 Q4,harassment,"Threats, Bullying, and Harassment",reported,,category_total,Total Actions,,8268791,count,5,roblox-2023-q4-365a2a.pdf
California,AB 587,roblox-corporation,2023 Q4,harassment,"Threats, Bullying, and Harassment",reported,,category_total,Total Flagged,,8268791,count,4,roblox-2023-q4-365a2a.pdf
California,AB 587,roblox-corporation,2023 Q4,hate_speech_or_racism,"Discrimination, Slurs, and Hate Speech",reported,,category_total,Total Actions,,4526527,count,5,roblox-2023-q4-365a2a.pdf
California,AB 587,roblox-corporation,2023 Q4,hate_speech_or_racism,"Discrimination, Slurs, and Hate Speech",reported,,category_total,Total Flagged,,4526527,count,4,roblox-2023-q4-365a2a.pdf
California,AB 587,snap-inc,2023 Q4,disinformation_or_misinformation,False Information,global,,category_total,Automatic Detection,Accounts Reinstated Following Appeal (Initially Locked by Automated Tools),0,count,4,snap-2023-q4-cc142e.pdf
California,AB 587,snap-inc,2023 Q4,disinformation_or_misinformation,False Information,global,,category_total,Automatic Detection,Accounts Reinstated Following Appeal(5) (Initially Locked by Human Reviewers),0,count,4,snap-2023-q4-cc142e.pdf
California,AB 587,snap-inc,2023 Q4,disinformation_or_misinformation,False Information,global,,category_total,Automatic Detection,Appeals Against Account Locks Enforced by Automated Tools,0,count,4,snap-2023-q4-cc142e.pdf
California,AB 587,snap-inc,2023 Q4,disinformation_or_misinformation,False Information,global,,category_total,Automatic Detection,Appeals Against Account Locks(4) Enforced by Human Reviewers,1,count,4,snap-2023-q4-cc142e.pdf
California,AB 587,snap-inc,2023 Q4,disinformation_or_misinformation,False Information,global,,category_total,Automatic Detection,Content Enforced by Automated Tools,0,count,4,snap-2023-q4-cc142e.pdf
California,AB 587,snap-inc,2023 Q4,disinformation_or_misinformation,False Information,global,,category_total,Automatic Detection,Content Enforced(2) by Human Reviewers,39,count,4,snap-2023-q4-cc142e.pdf
California,AB 587,snap-inc,2023 Q4,disinformation_or_misinformation,False Information,global,,category_total,Automatic Detection,Total Content or Accounts Flagged(1),39,count,4,snap-2023-q4-cc142e.pdf
California,AB 587,snap-inc,2023 Q4,disinformation_or_misinformation,False Information,global,,category_total,Automatic Detection,Unique Accounts Enforced by Automated Tools,0,count,4,snap-2023-q4-cc142e.pdf
California,AB 587,snap-inc,2023 Q4,disinformation_or_misinformation,False Information,global,,category_total,Automatic Detection,Unique Accounts Enforced(3) by Human Reviewers,27,count,4,snap-2023-q4-cc142e.pdf
California,AB 587,snap-inc,2023 Q4,disinformation_or_misinformation,False Information,global,,category_total,Automatic Detection,Unique Violative Viewer Rate for Content Enforced by Automated Tools,0.00,percent,4,snap-2023-q4-cc142e.pdf
California,AB 587,snap-inc,2023 Q4,disinformation_or_misinformation,False Information,global,,category_total,Automatic Detection,Unique Violative Viewer Rate(7)for Content Enforced by Human Reviewers,0.00,percent,4,snap-2023-q4-cc142e.pdf
California,AB 587,snap-inc,2023 Q4,disinformation_or_misinformation,False Information,global,,category_total,Automatic Detection,VVR for Content Enforced by Automated Tools,0.000000,percent,4,snap-2023-q4-cc142e.pdf
California,AB 587,snap-inc,2023 Q4,disinformation_or_misinformation,False Information,global,,category_total,Automatic Detection,Violative View Rate (VVR)(6)for Content Enforced by Human Reviewers,0.000000,percent,4,snap-2023-q4-cc142e.pdf
California,AB 587,snap-inc,2023 Q4,disinformation_or_misinformation,False Information,global,,category_total,Human Report,Accounts Reinstated Following Appeal (Initially Locked by Automated Tools),0,count,4,snap-2023-q4-cc142e.pdf
California,AB 587,snap-inc,2023 Q4,disinformation_or_misinformation,False Information,global,,category_total,Human Report,Accounts Reinstated Following Appeal(5) (Initially Locked by Human Reviewers),0,count,4,snap-2023-q4-cc142e.pdf
California,AB 587,snap-inc,2023 Q4,disinformation_or_misinformation,False Information,global,,category_total,Human Report,Appeals Against Account Locks Enforced by Automated Tools,1,count,4,snap-2023-q4-cc142e.pdf
California,AB 587,snap-inc,2023 Q4,disinformation_or_misinformation,False Information,global,,category_total,Human Report,Appeals Against Account Locks(4) Enforced by Human Reviewers,3,count,4,snap-2023-q4-cc142e.pdf
California,AB 587,snap-inc,2023 Q4,disinformation_or_misinformation,False Information,global,,category_total,Human Report,Content Enforced by Automated Tools,18,count,4,snap-2023-q4-cc142e.pdf
California,AB 587,snap-inc,2023 Q4,disinformation_or_misinformation,False Information,global,,category_total,Human Report,Content Enforced(2) by Human Reviewers,975,count,4,snap-2023-q4-cc142e.pdf
California,AB 587,snap-inc,2023 Q4,disinformation_or_misinformation,False Information,global,,category_total,Human Report,Total Content or Accounts Flagged(1),223014,count,4,snap-2023-q4-cc142e.pdf
California,AB 587,snap-inc,2023 Q4,disinformation_or_misinformation,False Information,global,,category_total,Human Report,Unique Accounts Enforced by Automated Tools,12,count,4,snap-2023-q4-cc142e.pdf
California,AB 587,snap-inc,2023 Q4,disinformation_or_misinformation,False Information,global,,category_total,Human Report,Unique Accounts Enforced(3) by Human Reviewers,823,count,4,snap-2023-q4-cc142e.pdf
California,AB 587,snap-inc,2023 Q4,disinformation_or_misinformation,False Information,global,,category_total,Human Report,Unique Violative Viewer Rate for Content Enforced by Automated Tools,0.00,percent,4,snap-2023-q4-cc142e.pdf
California,AB 587,snap-inc,2023 Q4,disinformation_or_misinformation,False Information,global,,category_total,Human Report,Unique Violative Viewer Rate(7)for Content Enforced by Human Reviewers,0.05,percent,4,snap-2023-q4-cc142e.pdf
California,AB 587,snap-inc,2023 Q4,disinformation_or_misinformation,False Information,global,,category_total,Human Report,VVR for Content Enforced by Automated Tools,0.000001,percent,4,snap-2023-q4-cc142e.pdf
California,AB 587,snap-inc,2023 Q4,disinformation_or_misinformation,False Information,global,,category_total,Human Report,Violative View Rate (VVR)(6)for Content Enforced by Human Reviewers,0.000025,percent,4,snap-2023-q4-cc142e.pdf
California,AB 587,snap-inc,2023 Q4,disinformation_or_misinformation,False Information,united_states,,category_total,Automatic Detection,Accounts Reinstated Following Appeal (Initially Locked by Automated Tools),0,count,5,snap-2023-q4-cc142e.pdf
California,AB 587,snap-inc,2023 Q4,disinformation_or_misinformation,False Information,united_states,,category_total,Automatic Detection,Accounts Reinstated Following Appeal(5) (Initially Locked by Human Reviewers),0,count,5,snap-2023-q4-cc142e.pdf
California,AB 587,snap-inc,2023 Q4,disinformation_or_misinformation,False Information,united_states,,category_total,Automatic Detection,Appeals Against Account Locks Enforced by Automated Tools,0,count,5,snap-2023-q4-cc142e.pdf
California,AB 587,snap-inc,2023 Q4,disinformation_or_misinformation,False Information,united_states,,category_total,Automatic Detection,Appeals Against Account Locks(4) Enforced by Human Reviewers,0,count,5,snap-2023-q4-cc142e.pdf
California,AB 587,snap-inc,2023 Q4,disinformation_or_misinformation,False Information,united_states,,category_total,Automatic Detection,Content Enforced by Automated Tools,0,count,5,snap-2023-q4-cc142e.pdf
California,AB 587,snap-inc,2023 Q4,disinformation_or_misinformation,False Information,united_states,,category_total,Automatic Detection,Content Enforced(2) by Human Reviewers,4,count,5,snap-2023-q4-cc142e.pdf
California,AB 587,snap-inc,2023 Q4,disinformation_or_misinformation,False Information,united_states,,category_total,Automatic Detection,Total Content or Accounts Flagged(1),4,count,5,snap-2023-q4-cc142e.pdf
California,AB 587,snap-inc,2023 Q4,disinformation_or_misinformation,False Information,united_states,,category_total,Automatic Detection,Unique Accounts Enforced by Automated Tools,0,count,5,snap-2023-q4-cc142e.pdf
California,AB 587,snap-inc,2023 Q4,disinformation_or_misinformation,False Information,united_states,,category_total,Automatic Detection,Unique Accounts Enforced(3) by Human Reviewers,3,count,5,snap-2023-q4-cc142e.pdf
California,AB 587,snap-inc,2023 Q4,disinformation_or_misinformation,False Information,united_states,,category_total,Automatic Detection,Unique Violative Viewer Rate for Content Enforced by Automated Tools,0.00,percent,5,snap-2023-q4-cc142e.pdf
California,AB 587,snap-inc,2023 Q4,disinformation_or_misinformation,False Information,united_states,,category_total,Automatic Detection,Unique Violative Viewer Rate(7)for Content Enforced by Human Reviewers,0.00,percent,5,snap-2023-q4-cc142e.pdf
California,AB 587,snap-inc,2023 Q4,disinformation_or_misinformation,False Information,united_states,,category_total,Automatic Detection,VVR for Content Enforced by Automated Tools,0.000000,percent,5,snap-2023-q4-cc142e.pdf
California,AB 587,snap-inc,2023 Q4,disinformation_or_misinformation,False Information,united_states,,category_total,Automatic Detection,Violative View Rate (VVR)(6)for Content Enforced by Human Reviewers,0.000000,percent,5,snap-2023-q4-cc142e.pdf
California,AB 587,snap-inc,2023 Q4,disinformation_or_misinformation,False Information,united_states,,category_total,Human Report,Accounts Reinstated Following Appeal (Initially Locked by Automated Tools),0,count,5,snap-2023-q4-cc142e.pdf
California,AB 587,snap-inc,2023 Q4,disinformation_or_misinformation,False Information,united_states,,category_total,Human Report,Accounts Reinstated Following Appeal(5) (Initially Locked by Human Reviewers),0,count,5,snap-2023-q4-cc142e.pdf
California,AB 587,snap-inc,2023 Q4,disinformation_or_misinformation,False Information,united_states,,category_total,Human Report,Appeals Against Account Locks Enforced by Automated Tools,0,count,5,snap-2023-q4-cc142e.pdf
California,AB 587,snap-inc,2023 Q4,disinformation_or_misinformation,False Information,united_states,,category_total,Human Report,Appeals Against Account Locks(4) Enforced by Human Reviewers,0,count,5,snap-2023-q4-cc142e.pdf
California,AB 587,snap-inc,2023 Q4,disinformation_or_misinformation,False Information,united_states,,category_total,Human Report,Content Enforced by Automated Tools,14,count,5,snap-2023-q4-cc142e.pdf
California,AB 587,snap-inc,2023 Q4,disinformation_or_misinformation,False Information,united_states,,category_total,Human Report,Content Enforced(2) by Human Reviewers,541,count,5,snap-2023-q4-cc142e.pdf
California,AB 587,snap-inc,2023 Q4,disinformation_or_misinformation,False Information,united_states,,category_total,Human Report,Total Content or Accounts Flagged(1),53743,count,5,snap-2023-q4-cc142e.pdf
California,AB 587,snap-inc,2023 Q4,disinformation_or_misinformation,False Information,united_states,,category_total,Human Report,Unique Accounts Enforced by Automated Tools,8,count,5,snap-2023-q4-cc142e.pdf
California,AB 587,snap-inc,2023 Q4,disinformation_or_misinformation,False Information,united_states,,category_total,Human Report,Unique Accounts Enforced(3) by Human Reviewers,440,count,5,snap-2023-q4-cc142e.pdf
California,AB 587,snap-inc,2023 Q4,disinformation_or_misinformation,False Information,united_states,,category_total,Human Report,Unique Violative Viewer Rate for Content Enforced by Automated Tools,0.00,percent,5,snap-2023-q4-cc142e.pdf
California,AB 587,snap-inc,2023 Q4,disinformation_or_misinformation,False Information,united_states,,category_total,Human Report,Unique Violative Viewer Rate(7)for Content Enforced by Human Reviewers,0.10,percent,5,snap-2023-q4-cc142e.pdf
California,AB 587,snap-inc,2023 Q4,disinformation_or_misinformation,False Information,united_states,,category_total,Human Report,VVR for Content Enforced by Automated Tools,0.000003,percent,5,snap-2023-q4-cc142e.pdf
California,AB 587,snap-inc,2023 Q4,disinformation_or_misinformation,False Information,united_states,,category_total,Human Report,Violative View Rate (VVR)(6)for Content Enforced by Human Reviewers,0.000033,percent,5,snap-2023-q4-cc142e.pdf
California,AB 587,snap-inc,2023 Q4,extremism_or_radicalization,Terrorism &,global,,category_total,Human Report,Accounts Reinstated Following Appeal (Initially Locked by Automated Tools),0,count,3,snap-2023-q4-cc142e.pdf
California,AB 587,snap-inc,2023 Q4,extremism_or_radicalization,Terrorism &,global,,category_total,Human Report,Accounts Reinstated Following Appeal(5) (Initially Locked by Human Reviewers),1,count,3,snap-2023-q4-cc142e.pdf
California,AB 587,snap-inc,2023 Q4,extremism_or_radicalization,Terrorism &,global,,category_total,Human Report,Appeals Against Account Locks Enforced by Automated Tools,3,count,3,snap-2023-q4-cc142e.pdf
California,AB 587,snap-inc,2023 Q4,extremism_or_radicalization,Terrorism &,global,,category_total,Human Report,Appeals Against Account Locks(4) Enforced by Human Reviewers,41,count,3,snap-2023-q4-cc142e.pdf
California,AB 587,snap-inc,2023 Q4,extremism_or_radicalization,Terrorism &,global,,category_total,Human Report,Content Enforced by Automated Tools,56,count,3,snap-2023-q4-cc142e.pdf
California,AB 587,snap-inc,2023 Q4,extremism_or_radicalization,Terrorism &,global,,category_total,Human Report,Content Enforced(2) by Human Reviewers,1659,count,3,snap-2023-q4-cc142e.pdf
California,AB 587,snap-inc,2023 Q4,extremism_or_radicalization,Terrorism &,global,,category_total,Human Report,Total Content or Accounts Flagged(1),77898,count,3,snap-2023-q4-cc142e.pdf
California,AB 587,snap-inc,2023 Q4,extremism_or_radicalization,Terrorism &,global,,category_total,Human Report,Unique Accounts Enforced by Automated Tools,39,count,3,snap-2023-q4-cc142e.pdf
California,AB 587,snap-inc,2023 Q4,extremism_or_radicalization,Terrorism &,global,,category_total,Human Report,Unique Accounts Enforced(3) by Human Reviewers,1338,count,3,snap-2023-q4-cc142e.pdf
California,AB 587,snap-inc,2023 Q4,extremism_or_radicalization,Terrorism &,global,,category_total,Human Report,Unique Violative Viewer Rate for Content Enforced by Automated Tools,0.00,percent,3,snap-2023-q4-cc142e.pdf
California,AB 587,snap-inc,2023 Q4,extremism_or_radicalization,Terrorism &,global,,category_total,Human Report,Unique Violative Viewer Rate(7)for Content Enforced by Human Reviewers,0.22,percent,3,snap-2023-q4-cc142e.pdf
California,AB 587,snap-inc,2023 Q4,extremism_or_radicalization,Terrorism &,global,,category_total,Human Report,VVR for Content Enforced by Automated Tools,0.000002,percent,3,snap-2023-q4-cc142e.pdf
California,AB 587,snap-inc,2023 Q4,extremism_or_radicalization,Terrorism &,global,,category_total,Human Report,Violative View Rate (VVR)(6)for Content Enforced by Human Reviewers,0.000106,percent,3,snap-2023-q4-cc142e.pdf
California,AB 587,snap-inc,2023 Q4,extremism_or_radicalization,Terrorism & Violent Extremism,united_states,,category_total,Automatic Detection,Accounts Reinstated Following Appeal (Initially Locked by Automated Tools),1,count,5,snap-2023-q4-cc142e.pdf
California,AB 587,snap-inc,2023 Q4,extremism_or_radicalization,Terrorism & Violent Extremism,united_states,,category_total,Automatic Detection,Accounts Reinstated Following Appeal(5) (Initially Locked by Human Reviewers),0,count,5,snap-2023-q4-cc142e.pdf
California,AB 587,snap-inc,2023 Q4,extremism_or_radicalization,Terrorism & Violent Extremism,united_states,,category_total,Automatic Detection,Appeals Against Account Locks Enforced by Automated Tools,2,count,5,snap-2023-q4-cc142e.pdf
California,AB 587,snap-inc,2023 Q4,extremism_or_radicalization,Terrorism & Violent Extremism,united_states,,category_total,Automatic Detection,Appeals Against Account Locks(4) Enforced by Human Reviewers,0,count,5,snap-2023-q4-cc142e.pdf
California,AB 587,snap-inc,2023 Q4,extremism_or_radicalization,Terrorism & Violent Extremism,united_states,,category_total,Automatic Detection,Content Enforced by Automated Tools,0,count,5,snap-2023-q4-cc142e.pdf
California,AB 587,snap-inc,2023 Q4,extremism_or_radicalization,Terrorism & Violent Extremism,united_states,,category_total,Automatic Detection,Content Enforced(2) by Human Reviewers,819,count,5,snap-2023-q4-cc142e.pdf
California,AB 587,snap-inc,2023 Q4,extremism_or_radicalization,Terrorism & Violent Extremism,united_states,,category_total,Automatic Detection,Total Content or Accounts Flagged(1),16402,count,5,snap-2023-q4-cc142e.pdf
California,AB 587,snap-inc,2023 Q4,extremism_or_radicalization,Terrorism & Violent Extremism,united_states,,category_total,Automatic Detection,Unique Accounts Enforced by Automated Tools,0,count,5,snap-2023-q4-cc142e.pdf
California,AB 587,snap-inc,2023 Q4,extremism_or_radicalization,Terrorism & Violent Extremism,united_states,,category_total,Automatic Detection,Unique Accounts Enforced(3) by Human Reviewers,329,count,5,snap-2023-q4-cc142e.pdf
California,AB 587,snap-inc,2023 Q4,extremism_or_radicalization,Terrorism & Violent Extremism,united_states,,category_total,Automatic Detection,Unique Violative Viewer Rate for Content Enforced by Automated Tools,0.00,percent,5,snap-2023-q4-cc142e.pdf
California,AB 587,snap-inc,2023 Q4,extremism_or_radicalization,Terrorism & Violent Extremism,united_states,,category_total,Automatic Detection,Unique Violative Viewer Rate(7)for Content Enforced by Human Reviewers,0.01,percent,5,snap-2023-q4-cc142e.pdf
California,AB 587,snap-inc,2023 Q4,extremism_or_radicalization,Terrorism & Violent Extremism,united_states,,category_total,Automatic Detection,VVR for Content Enforced by Automated Tools,0.000000,percent,5,snap-2023-q4-cc142e.pdf
California,AB 587,snap-inc,2023 Q4,extremism_or_radicalization,Terrorism & Violent Extremism,united_states,,category_total,Automatic Detection,Violative View Rate (VVR)(6)for Content Enforced by Human Reviewers,0.000003,percent,5,snap-2023-q4-cc142e.pdf
California,AB 587,snap-inc,2023 Q4,extremism_or_radicalization,Terrorism & Violent Extremism,united_states,,category_total,Human Report,Accounts Reinstated Following Appeal (Initially Locked by Automated Tools),0,count,5,snap-2023-q4-cc142e.pdf
California,AB 587,snap-inc,2023 Q4,extremism_or_radicalization,Terrorism & Violent Extremism,united_states,,category_total,Human Report,Accounts Reinstated Following Appeal(5) (Initially Locked by Human Reviewers),0,count,5,snap-2023-q4-cc142e.pdf
California,AB 587,snap-inc,2023 Q4,extremism_or_radicalization,Terrorism & Violent Extremism,united_states,,category_total,Human Report,Appeals Against Account Locks Enforced by Automated Tools,1,count,5,snap-2023-q4-cc142e.pdf
California,AB 587,snap-inc,2023 Q4,extremism_or_radicalization,Terrorism & Violent Extremism,united_states,,category_total,Human Report,Appeals Against Account Locks(4) Enforced by Human Reviewers,8,count,5,snap-2023-q4-cc142e.pdf
California,AB 587,snap-inc,2023 Q4,extremism_or_radicalization,Terrorism & Violent Extremism,united_states,,category_total,Human Report,Content Enforced by Automated Tools,3,count,5,snap-2023-q4-cc142e.pdf
California,AB 587,snap-inc,2023 Q4,extremism_or_radicalization,Terrorism & Violent Extremism,united_states,,category_total,Human Report,Content Enforced(2) by Human Reviewers,268,count,5,snap-2023-q4-cc142e.pdf
California,AB 587,snap-inc,2023 Q4,extremism_or_radicalization,Terrorism & Violent Extremism,united_states,,category_total,Human Report,Total Content or Accounts Flagged(1),19629,count,5,snap-2023-q4-cc142e.pdf
California,AB 587,snap-inc,2023 Q4,extremism_or_radicalization,Terrorism & Violent Extremism,united_states,,category_total,Human Report,Unique Accounts Enforced by Automated Tools,3,count,5,snap-2023-q4-cc142e.pdf
California,AB 587,snap-inc,2023 Q4,extremism_or_radicalization,Terrorism & Violent Extremism,united_states,,category_total,Human Report,Unique Accounts Enforced(3) by Human Reviewers,243,count,5,snap-2023-q4-cc142e.pdf
California,AB 587,snap-inc,2023 Q4,extremism_or_radicalization,Terrorism & Violent Extremism,united_states,,category_total,Human Report,Unique Violative Viewer Rate for Content Enforced by Automated Tools,0.00,percent,5,snap-2023-q4-cc142e.pdf
California,AB 587,snap-inc,2023 Q4,extremism_or_radicalization,Terrorism & Violent Extremism,united_states,,category_total,Human Report,Unique Violative Viewer Rate(7)for Content Enforced by Human Reviewers,0.04,percent,5,snap-2023-q4-cc142e.pdf
California,AB 587,snap-inc,2023 Q4,extremism_or_radicalization,Terrorism & Violent Extremism,united_states,,category_total,Human Report,VVR for Content Enforced by Automated Tools,0.000000,percent,5,snap-2023-q4-cc142e.pdf
California,AB 587,snap-inc,2023 Q4,extremism_or_radicalization,Terrorism & Violent Extremism,united_states,,category_total,Human Report,Violative View Rate (VVR)(6)for Content Enforced by Human Reviewers,0.000012,percent,5,snap-2023-q4-cc142e.pdf
California,AB 587,snap-inc,2023 Q4,harassment,Harassment & Bullying,global,,category_total,Automatic Detection,Accounts Reinstated Following Appeal (Initially Locked by Automated Tools),0,count,4,snap-2023-q4-cc142e.pdf
California,AB 587,snap-inc,2023 Q4,harassment,Harassment & Bullying,global,,category_total,Automatic Detection,Accounts Reinstated Following Appeal(5) (Initially Locked by Human Reviewers),5,count,4,snap-2023-q4-cc142e.pdf
California,AB 587,snap-inc,2023 Q4,harassment,Harassment & Bullying,global,,category_total,Automatic Detection,Appeals Against Account Locks Enforced by Automated Tools,3,count,4,snap-2023-q4-cc142e.pdf
California,AB 587,snap-inc,2023 Q4,harassment,Harassment & Bullying,global,,category_total,Automatic Detection,Appeals Against Account Locks(4) Enforced by Human Reviewers,59,count,4,snap-2023-q4-cc142e.pdf
California,AB 587,snap-inc,2023 Q4,harassment,Harassment & Bullying,global,,category_total,Automatic Detection,Content Enforced by Automated Tools,123,count,4,snap-2023-q4-cc142e.pdf
California,AB 587,snap-inc,2023 Q4,harassment,Harassment & Bullying,global,,category_total,Automatic Detection,Content Enforced(2) by Human Reviewers,2659,count,4,snap-2023-q4-cc142e.pdf
California,AB 587,snap-inc,2023 Q4,harassment,Harassment & Bullying,global,,category_total,Automatic Detection,Total Content or Accounts Flagged(1),2782,count,4,snap-2023-q4-cc142e.pdf
California,AB 587,snap-inc,2023 Q4,harassment,Harassment & Bullying,global,,category_total,Automatic Detection,Unique Accounts Enforced by Automated Tools,43,count,4,snap-2023-q4-cc142e.pdf
California,AB 587,snap-inc,2023 Q4,harassment,Harassment & Bullying,global,,category_total,Automatic Detection,Unique Accounts Enforced(3) by Human Reviewers,2372,count,4,snap-2023-q4-cc142e.pdf
California,AB 587,snap-inc,2023 Q4,harassment,Harassment & Bullying,global,,category_total,Automatic Detection,Unique Violative Viewer Rate for Content Enforced by Automated Tools,0.00,percent,4,snap-2023-q4-cc142e.pdf
California,AB 587,snap-inc,2023 Q4,harassment,Harassment & Bullying,global,,category_total,Automatic Detection,Unique Violative Viewer Rate(7)for Content Enforced by Human Reviewers,0.00,percent,4,snap-2023-q4-cc142e.pdf
California,AB 587,snap-inc,2023 Q4,harassment,Harassment & Bullying,global,,category_total,Automatic Detection,VVR for Content Enforced by Automated Tools,0.000000,percent,4,snap-2023-q4-cc142e.pdf
California,AB 587,snap-inc,2023 Q4,harassment,Harassment & Bullying,global,,category_total,Automatic Detection,Violative View Rate (VVR)(6)for Content Enforced by Human Reviewers,0.000001,percent,4,snap-2023-q4-cc142e.pdf
California,AB 587,snap-inc,2023 Q4,harassment,Harassment & Bullying,global,,category_total,Human Report,Accounts Reinstated Following Appeal (Initially Locked by Automated Tools),3,count,4,snap-2023-q4-cc142e.pdf
California,AB 587,snap-inc,2023 Q4,harassment,Harassment & Bullying,global,,category_total,Human Report,Accounts Reinstated Following Appeal(5) (Initially Locked by Human Reviewers),266,count,4,snap-2023-q4-cc142e.pdf
California,AB 587,snap-inc,2023 Q4,harassment,Harassment & Bullying,global,,category_total,Human Report,Appeals Against Account Locks Enforced by Automated Tools,308,count,4,snap-2023-q4-cc142e.pdf
California,AB 587,snap-inc,2023 Q4,harassment,Harassment & Bullying,global,,category_total,Human Report,Appeals Against Account Locks(4) Enforced by Human Reviewers,10165,count,4,snap-2023-q4-cc142e.pdf
California,AB 587,snap-inc,2023 Q4,harassment,Harassment & Bullying,global,,category_total,Human Report,Content Enforced by Automated Tools,30370,count,4,snap-2023-q4-cc142e.pdf
California,AB 587,snap-inc,2023 Q4,harassment,Harassment & Bullying,global,,category_total,Human Report,Content Enforced(2) by Human Reviewers,637087,count,4,snap-2023-q4-cc142e.pdf
California,AB 587,snap-inc,2023 Q4,harassment,Harassment & Bullying,global,,category_total,Human Report,Total Content or Accounts Flagged(1),3993049,count,4,snap-2023-q4-cc142e.pdf
California,AB 587,snap-inc,2023 Q4,harassment,Harassment & Bullying,global,,category_total,Human Report,Unique Accounts Enforced by Automated Tools,21392,count,4,snap-2023-q4-cc142e.pdf
California,AB 587,snap-inc,2023 Q4,harassment,Harassment & Bullying,global,,category_total,Human Report,Unique Accounts Enforced(3) by Human Reviewers,526174,count,4,snap-2023-q4-cc142e.pdf
California,AB 587,snap-inc,2023 Q4,harassment,Harassment & Bullying,global,,category_total,Human Report,Unique Violative Viewer Rate for Content Enforced by Automated Tools,0.07,percent,4,snap-2023-q4-cc142e.pdf
California,AB 587,snap-inc,2023 Q4,harassment,Harassment & Bullying,global,,category_total,Human Report,Unique Violative Viewer Rate(7)for Content Enforced by Human Reviewers,1.99,percent,4,snap-2023-q4-cc142e.pdf
California,AB 587,snap-inc,2023 Q4,harassment,Harassment & Bullying,global,,category_total,Human Report,VVR for Content Enforced by Automated Tools,0.000050,percent,4,snap-2023-q4-cc142e.pdf
California,AB 587,snap-inc,2023 Q4,harassment,Harassment & Bullying,global,,category_total,Human Report,Violative View Rate (VVR)(6)for Content Enforced by Human Reviewers,0.001425,percent,4,snap-2023-q4-cc142e.pdf
California,AB 587,snap-inc,2023 Q4,harassment,Harassment & Bullying,united_states,,category_total,Automatic Detection,Accounts Reinstated Following Appeal (Initially Locked by Automated Tools),0,count,5,snap-2023-q4-cc142e.pdf
California,AB 587,snap-inc,2023 Q4,harassment,Harassment & Bullying,united_states,,category_total,Automatic Detection,Accounts Reinstated Following Appeal(5) (Initially Locked by Human Reviewers),3,count,5,snap-2023-q4-cc142e.pdf
California,AB 587,snap-inc,2023 Q4,harassment,Harassment & Bullying,united_states,,category_total,Automatic Detection,Appeals Against Account Locks Enforced by Automated Tools,0,count,5,snap-2023-q4-cc142e.pdf
California,AB 587,snap-inc,2023 Q4,harassment,Harassment & Bullying,united_states,,category_total,Automatic Detection,Appeals Against Account Locks(4) Enforced by Human Reviewers,17,count,5,snap-2023-q4-cc142e.pdf
California,AB 587,snap-inc,2023 Q4,harassment,Harassment & Bullying,united_states,,category_total,Automatic Detection,Content Enforced by Automated Tools,64,count,5,snap-2023-q4-cc142e.pdf
California,AB 587,snap-inc,2023 Q4,harassment,Harassment & Bullying,united_states,,category_total,Automatic Detection,Content Enforced(2) by Human Reviewers,1223,count,5,snap-2023-q4-cc142e.pdf
California,AB 587,snap-inc,2023 Q4,harassment,Harassment & Bullying,united_states,,category_total,Automatic Detection,Total Content or Accounts Flagged(1),1287,count,5,snap-2023-q4-cc142e.pdf
California,AB 587,snap-inc,2023 Q4,harassment,Harassment & Bullying,united_states,,category_total,Automatic Detection,Unique Accounts Enforced by Automated Tools,10,count,5,snap-2023-q4-cc142e.pdf
California,AB 587,snap-inc,2023 Q4,harassment,Harassment & Bullying,united_states,,category_total,Automatic Detection,Unique Accounts Enforced(3) by Human Reviewers,1104,count,5,snap-2023-q4-cc142e.pdf
California,AB 587,snap-inc,2023 Q4,harassment,Harassment & Bullying,united_states,,category_total,Automatic Detection,Unique Violative Viewer Rate for Content Enforced by Automated Tools,0.00,percent,5,snap-2023-q4-cc142e.pdf
California,AB 587,snap-inc,2023 Q4,harassment,Harassment & Bullying,united_states,,category_total,Automatic Detection,Unique Violative Viewer Rate(7)for Content Enforced by Human Reviewers,0.01,percent,5,snap-2023-q4-cc142e.pdf
California,AB 587,snap-inc,2023 Q4,harassment,Harassment & Bullying,united_states,,category_total,Automatic Detection,VVR for Content Enforced by Automated Tools,0.000000,percent,5,snap-2023-q4-cc142e.pdf
California,AB 587,snap-inc,2023 Q4,harassment,Harassment & Bullying,united_states,,category_total,Automatic Detection,Violative View Rate (VVR)(6)for Content Enforced by Human Reviewers,0.000002,percent,5,snap-2023-q4-cc142e.pdf
California,AB 587,snap-inc,2023 Q4,harassment,Harassment & Bullying,united_states,,category_total,Human Report,Accounts Reinstated Following Appeal (Initially Locked by Automated Tools),1,count,5,snap-2023-q4-cc142e.pdf
California,AB 587,snap-inc,2023 Q4,harassment,Harassment & Bullying,united_states,,category_total,Human Report,Accounts Reinstated Following Appeal(5) (Initially Locked by Human Reviewers),67,count,5,snap-2023-q4-cc142e.pdf
California,AB 587,snap-inc,2023 Q4,harassment,Harassment & Bullying,united_states,,category_total,Human Report,Appeals Against Account Locks Enforced by Automated Tools,67,count,5,snap-2023-q4-cc142e.pdf
California,AB 587,snap-inc,2023 Q4,harassment,Harassment & Bullying,united_states,,category_total,Human Report,Appeals Against Account Locks(4) Enforced by Human Reviewers,1979,count,5,snap-2023-q4-cc142e.pdf
California,AB 587,snap-inc,2023 Q4,harassment,Harassment & Bullying,united_states,,category_total,Human Report,Content Enforced by Automated Tools,8572,count,5,snap-2023-q4-cc142e.pdf
California,AB 587,snap-inc,2023 Q4,harassment,Harassment & Bullying,united_states,,category_total,Human Report,Content Enforced(2) by Human Reviewers,215267,count,5,snap-2023-q4-cc142e.pdf
California,AB 587,snap-inc,2023 Q4,harassment,Harassment & Bullying,united_states,,category_total,Human Report,Total Content or Accounts Flagged(1),1035429,count,5,snap-2023-q4-cc142e.pdf
California,AB 587,snap-inc,2023 Q4,harassment,Harassment & Bullying,united_states,,category_total,Human Report,Unique Accounts Enforced by Automated Tools,6243,count,5,snap-2023-q4-cc142e.pdf
California,AB 587,snap-inc,2023 Q4,harassment,Harassment & Bullying,united_states,,category_total,Human Report,Unique Accounts Enforced(3) by Human Reviewers,178503,count,5,snap-2023-q4-cc142e.pdf
California,AB 587,snap-inc,2023 Q4,harassment,Harassment & Bullying,united_states,,category_total,Human Report,Unique Violative Viewer Rate for Content Enforced by Automated Tools,0.11,percent,5,snap-2023-q4-cc142e.pdf
California,AB 587,snap-inc,2023 Q4,harassment,Harassment & Bullying,united_states,,category_total,Human Report,Unique Violative Viewer Rate(7)for Content Enforced by Human Reviewers,6.50,percent,5,snap-2023-q4-cc142e.pdf
California,AB 587,snap-inc,2023 Q4,harassment,Harassment & Bullying,united_states,,category_total,Human Report,VVR for Content Enforced by Automated Tools,0.000057,percent,5,snap-2023-q4-cc142e.pdf
California,AB 587,snap-inc,2023 Q4,harassment,Harassment & Bullying,united_states,,category_total,Human Report,Violative View Rate (VVR)(6)for Content Enforced by Human Reviewers,0.002411,percent,5,snap-2023-q4-cc142e.pdf
California,AB 587,snap-inc,2023 Q4,hate_speech_or_racism,Hate Speech,global,,category_total,Automatic Detection,Accounts Reinstated Following Appeal (Initially Locked by Automated Tools),0,count,3,snap-2023-q4-cc142e.pdf
California,AB 587,snap-inc,2023 Q4,hate_speech_or_racism,Hate Speech,global,,category_total,Automatic Detection,Accounts Reinstated Following Appeal(5) (Initially Locked by Human Reviewers),0,count,3,snap-2023-q4-cc142e.pdf
California,AB 587,snap-inc,2023 Q4,hate_speech_or_racism,Hate Speech,global,,category_total,Automatic Detection,Appeals Against Account Locks Enforced by Automated Tools,0,count,3,snap-2023-q4-cc142e.pdf
California,AB 587,snap-inc,2023 Q4,hate_speech_or_racism,Hate Speech,global,,category_total,Automatic Detection,Appeals Against Account Locks(4) Enforced by Human Reviewers,3,count,3,snap-2023-q4-cc142e.pdf
California,AB 587,snap-inc,2023 Q4,hate_speech_or_racism,Hate Speech,global,,category_total,Automatic Detection,Content Enforced by Automated Tools,1,count,3,snap-2023-q4-cc142e.pdf
California,AB 587,snap-inc,2023 Q4,hate_speech_or_racism,Hate Speech,global,,category_total,Automatic Detection,Content Enforced(2) by Human Reviewers,259,count,3,snap-2023-q4-cc142e.pdf
California,AB 587,snap-inc,2023 Q4,hate_speech_or_racism,Hate Speech,global,,category_total,Automatic Detection,Total Content or Accounts Flagged(1),260,count,3,snap-2023-q4-cc142e.pdf
California,AB 587,snap-inc,2023 Q4,hate_speech_or_racism,Hate Speech,global,,category_total,Automatic Detection,Unique Accounts Enforced by Automated Tools,1,count,3,snap-2023-q4-cc142e.pdf
California,AB 587,snap-inc,2023 Q4,hate_speech_or_racism,Hate Speech,global,,category_total,Automatic Detection,Unique Accounts Enforced(3) by Human Reviewers,233,count,3,snap-2023-q4-cc142e.pdf
California,AB 587,snap-inc,2023 Q4,hate_speech_or_racism,Hate Speech,global,,category_total,Automatic Detection,Unique Violative Viewer Rate for Content Enforced by Automated Tools,0.00,percent,3,snap-2023-q4-cc142e.pdf
California,AB 587,snap-inc,2023 Q4,hate_speech_or_racism,Hate Speech,global,,category_total,Automatic Detection,Unique Violative Viewer Rate(7)for Content Enforced by Human Reviewers,0.00,percent,3,snap-2023-q4-cc142e.pdf
California,AB 587,snap-inc,2023 Q4,hate_speech_or_racism,Hate Speech,global,,category_total,Automatic Detection,VVR for Content Enforced by Automated Tools,0.000000,percent,3,snap-2023-q4-cc142e.pdf
California,AB 587,snap-inc,2023 Q4,hate_speech_or_racism,Hate Speech,global,,category_total,Automatic Detection,Violative View Rate (VVR)(6)for Content Enforced by Human Reviewers,0.000000,percent,3,snap-2023-q4-cc142e.pdf
California,AB 587,snap-inc,2023 Q4,hate_speech_or_racism,Hate Speech,global,,category_total,Human Report,Accounts Reinstated Following Appeal (Initially Locked by Automated Tools),0,count,3,snap-2023-q4-cc142e.pdf
California,AB 587,snap-inc,2023 Q4,hate_speech_or_racism,Hate Speech,global,,category_total,Human Report,Accounts Reinstated Following Appeal(5) (Initially Locked by Human Reviewers),25,count,3,snap-2023-q4-cc142e.pdf
California,AB 587,snap-inc,2023 Q4,hate_speech_or_racism,Hate Speech,global,,category_total,Human Report,Appeals Against Account Locks Enforced by Automated Tools,18,count,3,snap-2023-q4-cc142e.pdf
California,AB 587,snap-inc,2023 Q4,hate_speech_or_racism,Hate Speech,global,,category_total,Human Report,Appeals Against Account Locks(4) Enforced by Human Reviewers,236,count,3,snap-2023-q4-cc142e.pdf
California,AB 587,snap-inc,2023 Q4,hate_speech_or_racism,Hate Speech,global,,category_total,Human Report,Content Enforced by Automated Tools,687,count,3,snap-2023-q4-cc142e.pdf
California,AB 587,snap-inc,2023 Q4,hate_speech_or_racism,Hate Speech,global,,category_total,Human Report,Content Enforced(2) by Human Reviewers,67934,count,3,snap-2023-q4-cc142e.pdf
California,AB 587,snap-inc,2023 Q4,hate_speech_or_racism,Hate Speech,global,,category_total,Human Report,Total Content or Accounts Flagged(1),241689,count,3,snap-2023-q4-cc142e.pdf
California,AB 587,snap-inc,2023 Q4,hate_speech_or_racism,Hate Speech,global,,category_total,Human Report,Unique Accounts Enforced by Automated Tools,310,count,3,snap-2023-q4-cc142e.pdf
California,AB 587,snap-inc,2023 Q4,hate_speech_or_racism,Hate Speech,global,,category_total,Human Report,Unique Accounts Enforced(3) by Human Reviewers,59015,count,3,snap-2023-q4-cc142e.pdf
California,AB 587,snap-inc,2023 Q4,hate_speech_or_racism,Hate Speech,global,,category_total,Human Report,Unique Violative Viewer Rate for Content Enforced by Automated Tools,0.00,percent,3,snap-2023-q4-cc142e.pdf
California,AB 587,snap-inc,2023 Q4,hate_speech_or_racism,Hate Speech,global,,category_total,Human Report,Unique Violative Viewer Rate(7)for Content Enforced by Human Reviewers,0.70,percent,3,snap-2023-q4-cc142e.pdf
California,AB 587,snap-inc,2023 Q4,hate_speech_or_racism,Hate Speech,global,,category_total,Human Report,VVR for Content Enforced by Automated Tools,0.000001,percent,3,snap-2023-q4-cc142e.pdf
California,AB 587,snap-inc,2023 Q4,hate_speech_or_racism,Hate Speech,global,,category_total,Human Report,Violative View Rate (VVR)(6)for Content Enforced by Human Reviewers,0.000361,percent,3,snap-2023-q4-cc142e.pdf
California,AB 587,snap-inc,2023 Q4,hate_speech_or_racism,Hate Speech,united_states,,category_total,Automatic Detection,Accounts Reinstated Following Appeal (Initially Locked by Automated Tools),0,count,5,snap-2023-q4-cc142e.pdf
California,AB 587,snap-inc,2023 Q4,hate_speech_or_racism,Hate Speech,united_states,,category_total,Automatic Detection,Accounts Reinstated Following Appeal(5) (Initially Locked by Human Reviewers),0,count,5,snap-2023-q4-cc142e.pdf
California,AB 587,snap-inc,2023 Q4,hate_speech_or_racism,Hate Speech,united_states,,category_total,Automatic Detection,Appeals Against Account Locks Enforced by Automated Tools,0,count,5,snap-2023-q4-cc142e.pdf
California,AB 587,snap-inc,2023 Q4,hate_speech_or_racism,Hate Speech,united_states,,category_total,Automatic Detection,Appeals Against Account Locks(4) Enforced by Human Reviewers,1,count,5,snap-2023-q4-cc142e.pdf
California,AB 587,snap-inc,2023 Q4,hate_speech_or_racism,Hate Speech,united_states,,category_total,Automatic Detection,Content Enforced by Automated Tools,1,count,5,snap-2023-q4-cc142e.pdf
California,AB 587,snap-inc,2023 Q4,hate_speech_or_racism,Hate Speech,united_states,,category_total,Automatic Detection,Content Enforced(2) by Human Reviewers,109,count,5,snap-2023-q4-cc142e.pdf
California,AB 587,snap-inc,2023 Q4,hate_speech_or_racism,Hate Speech,united_states,,category_total,Automatic Detection,Total Content or Accounts Flagged(1),110,count,5,snap-2023-q4-cc142e.pdf
California,AB 587,snap-inc,2023 Q4,hate_speech_or_racism,Hate Speech,united_states,,category_total,Automatic Detection,Unique Accounts Enforced by Automated Tools,1,count,5,snap-2023-q4-cc142e.pdf
California,AB 587,snap-inc,2023 Q4,hate_speech_or_racism,Hate Speech,united_states,,category_total,Automatic Detection,Unique Accounts Enforced(3) by Human Reviewers,101,count,5,snap-2023-q4-cc142e.pdf
California,AB 587,snap-inc,2023 Q4,hate_speech_or_racism,Hate Speech,united_states,,category_total,Automatic Detection,Unique Violative Viewer Rate for Content Enforced by Automated Tools,0.00,percent,5,snap-2023-q4-cc142e.pdf
California,AB 587,snap-inc,2023 Q4,hate_speech_or_racism,Hate Speech,united_states,,category_total,Automatic Detection,Unique Violative Viewer Rate(7)for Content Enforced by Human Reviewers,0.00,percent,5,snap-2023-q4-cc142e.pdf
California,AB 587,snap-inc,2023 Q4,hate_speech_or_racism,Hate Speech,united_states,,category_total,Automatic Detection,VVR for Content Enforced by Automated Tools,0.000000,percent,5,snap-2023-q4-cc142e.pdf
California,AB 587,snap-inc,2023 Q4,hate_speech_or_racism,Hate Speech,united_states,,category_total,Automatic Detection,Violative View Rate (VVR)(6)for Content Enforced by Human Reviewers,0.000000,percent,5,snap-2023-q4-cc142e.pdf
California,AB 587,snap-inc,2023 Q4,hate_speech_or_racism,Hate Speech,united_states,,category_total,Human Report,Accounts Reinstated Following Appeal (Initially Locked by Automated Tools),0,count,5,snap-2023-q4-cc142e.pdf
California,AB 587,snap-inc,2023 Q4,hate_speech_or_racism,Hate Speech,united_states,,category_total,Human Report,Accounts Reinstated Following Appeal(5) (Initially Locked by Human Reviewers),12,count,5,snap-2023-q4-cc142e.pdf
California,AB 587,snap-inc,2023 Q4,hate_speech_or_racism,Hate Speech,united_states,,category_total,Human Report,Appeals Against Account Locks Enforced by Automated Tools,9,count,5,snap-2023-q4-cc142e.pdf
California,AB 587,snap-inc,2023 Q4,hate_speech_or_racism,Hate Speech,united_states,,category_total,Human Report,Appeals Against Account Locks(4) Enforced by Human Reviewers,133,count,5,snap-2023-q4-cc142e.pdf
California,AB 587,snap-inc,2023 Q4,hate_speech_or_racism,Hate Speech,united_states,,category_total,Human Report,Content Enforced by Automated Tools,472,count,5,snap-2023-q4-cc142e.pdf
California,AB 587,snap-inc,2023 Q4,hate_speech_or_racism,Hate Speech,united_states,,category_total,Human Report,Content Enforced(2) by Human Reviewers,37368,count,5,snap-2023-q4-cc142e.pdf
California,AB 587,snap-inc,2023 Q4,hate_speech_or_racism,Hate Speech,united_states,,category_total,Human Report,Total Content or Accounts Flagged(1),91548,count,5,snap-2023-q4-cc142e.pdf
California,AB 587,snap-inc,2023 Q4,hate_speech_or_racism,Hate Speech,united_states,,category_total,Human Report,Unique Accounts Enforced by Automated Tools,184,count,5,snap-2023-q4-cc142e.pdf
California,AB 587,snap-inc,2023 Q4,hate_speech_or_racism,Hate Speech,united_states,,category_total,Human Report,Unique Accounts Enforced(3) by Human Reviewers,32132,count,5,snap-2023-q4-cc142e.pdf
California,AB 587,snap-inc,2023 Q4,hate_speech_or_racism,Hate Speech,united_states,,category_total,Human Report,Unique Violative Viewer Rate for Content Enforced by Automated Tools,0.01,percent,5,snap-2023-q4-cc142e.pdf
California,AB 587,snap-inc,2023 Q4,hate_speech_or_racism,Hate Speech,united_states,,category_total,Human Report,Unique Violative Viewer Rate(7)for Content Enforced by Human Reviewers,1.75,percent,5,snap-2023-q4-cc142e.pdf
California,AB 587,snap-inc,2023 Q4,hate_speech_or_racism,Hate Speech,united_states,,category_total,Human Report,VVR for Content Enforced by Automated Tools,0.000004,percent,5,snap-2023-q4-cc142e.pdf
California,AB 587,snap-inc,2023 Q4,hate_speech_or_racism,Hate Speech,united_states,,category_total,Human Report,Violative View Rate (VVR)(6)for Content Enforced by Human Reviewers,0.000595,percent,5,snap-2023-q4-cc142e.pdf
California,AB 587,snap-inc,2024 H1,disinformation_or_misinformation,False Information,global,,category_total,Automatic Detection,Accounts Reinstated Following Appeal (Initially Locked by,0,count,4,snap-2024-h1-583a9b.pdf
California,AB 587,snap-inc,2024 H1,disinformation_or_misinformation,False Information,global,,category_total,Automatic Detection,Accounts Reinstated Following Appeal(5) (Initially Locked by,0,count,4,snap-2024-h1-583a9b.pdf
California,AB 587,snap-inc,2024 H1,disinformation_or_misinformation,False Information,global,,category_total,Automatic Detection,Appeals Against Account Locks Enforced by Automated Tools,0,count,4,snap-2024-h1-583a9b.pdf
California,AB 587,snap-inc,2024 H1,disinformation_or_misinformation,False Information,global,,category_total,Automatic Detection,Appeals Against Account Locks(4),0,count,4,snap-2024-h1-583a9b.pdf
California,AB 587,snap-inc,2024 H1,disinformation_or_misinformation,False Information,global,,category_total,Automatic Detection,Content Enforced by Automated Tools,0,count,4,snap-2024-h1-583a9b.pdf
California,AB 587,snap-inc,2024 H1,disinformation_or_misinformation,False Information,global,,category_total,Automatic Detection,Content Enforced(2) by Human Reviewers,26,count,4,snap-2024-h1-583a9b.pdf
California,AB 587,snap-inc,2024 H1,disinformation_or_misinformation,False Information,global,,category_total,Automatic Detection,Total Content or Accounts Flagged(1),26,count,4,snap-2024-h1-583a9b.pdf
California,AB 587,snap-inc,2024 H1,disinformation_or_misinformation,False Information,global,,category_total,Automatic Detection,Unique Accounts Enforced by Automated,0,count,4,snap-2024-h1-583a9b.pdf
California,AB 587,snap-inc,2024 H1,disinformation_or_misinformation,False Information,global,,category_total,Automatic Detection,Unique Accounts Enforced(3) by Human,23,count,4,snap-2024-h1-583a9b.pdf
California,AB 587,snap-inc,2024 H1,disinformation_or_misinformation,False Information,global,,category_total,Automatic Detection,Unique Violative Viewer Rate for Content Enforced by Automated Tools,0.00,percent,4,snap-2024-h1-583a9b.pdf
California,AB 587,snap-inc,2024 H1,disinformation_or_misinformation,False Information,global,,category_total,Automatic Detection,Unique Violative Viewer Rate(7)for Content Enforced by Human,0.00,percent,4,snap-2024-h1-583a9b.pdf
California,AB 587,snap-inc,2024 H1,disinformation_or_misinformation,False Information,global,,category_total,Automatic Detection,VVR for Content Enforced by Automated,0.000000,percent,4,snap-2024-h1-583a9b.pdf
California,AB 587,snap-inc,2024 H1,disinformation_or_misinformation,False Information,global,,category_total,Automatic Detection,Violative View Rate (VVR)(6)for Content Enforced by Human Reviewers,0.000000,percent,4,snap-2024-h1-583a9b.pdf
California,AB 587,snap-inc,2024 H1,disinformation_or_misinformation,False Information,global,,category_total,Human Report,Accounts Reinstated Following Appeal (Initially Locked by,0,count,4,snap-2024-h1-583a9b.pdf
California,AB 587,snap-inc,2024 H1,disinformation_or_misinformation,False Information,global,,category_total,Human Report,Accounts Reinstated Following Appeal(5) (Initially Locked by,0,count,4,snap-2024-h1-583a9b.pdf
California,AB 587,snap-inc,2024 H1,disinformation_or_misinformation,False Information,global,,category_total,Human Report,Appeals Against Account Locks Enforced by Automated Tools,0,count,4,snap-2024-h1-583a9b.pdf
California,AB 587,snap-inc,2024 H1,disinformation_or_misinformation,False Information,global,,category_total,Human Report,Appeals Against Account Locks(4),6,count,4,snap-2024-h1-583a9b.pdf
California,AB 587,snap-inc,2024 H1,disinformation_or_misinformation,False Information,global,,category_total,Human Report,Content Enforced by Automated Tools,4681,count,4,snap-2024-h1-583a9b.pdf
California,AB 587,snap-inc,2024 H1,disinformation_or_misinformation,False Information,global,,category_total,Human Report,Content Enforced(2) by Human Reviewers,2319,count,4,snap-2024-h1-583a9b.pdf
California,AB 587,snap-inc,2024 H1,disinformation_or_misinformation,False Information,global,,category_total,Human Report,Total Content or Accounts Flagged(1),424940,count,4,snap-2024-h1-583a9b.pdf
California,AB 587,snap-inc,2024 H1,disinformation_or_misinformation,False Information,global,,category_total,Human Report,Unique Accounts Enforced by Automated,4681,count,4,snap-2024-h1-583a9b.pdf
California,AB 587,snap-inc,2024 H1,disinformation_or_misinformation,False Information,global,,category_total,Human Report,Unique Accounts Enforced(3) by Human,2110,count,4,snap-2024-h1-583a9b.pdf
California,AB 587,snap-inc,2024 H1,disinformation_or_misinformation,False Information,global,,category_total,Human Report,Unique Violative Viewer Rate for Content Enforced by Automated Tools,0.00,percent,4,snap-2024-h1-583a9b.pdf
California,AB 587,snap-inc,2024 H1,disinformation_or_misinformation,False Information,global,,category_total,Human Report,Unique Violative Viewer Rate(7)for Content Enforced by Human,0.06,percent,4,snap-2024-h1-583a9b.pdf
California,AB 587,snap-inc,2024 H1,disinformation_or_misinformation,False Information,global,,category_total,Human Report,VVR for Content Enforced by Automated,0.000000,percent,4,snap-2024-h1-583a9b.pdf
California,AB 587,snap-inc,2024 H1,disinformation_or_misinformation,False Information,global,,category_total,Human Report,Violative View Rate (VVR)(6)for Content Enforced by Human Reviewers,0.000014,percent,4,snap-2024-h1-583a9b.pdf
California,AB 587,snap-inc,2024 H1,disinformation_or_misinformation,False Information,united_states,,category_total,Automatic Detection,Accounts Reinstated Following Appeal (Initially Locked by Automated Tools),0,count,5,snap-2024-h1-583a9b.pdf
California,AB 587,snap-inc,2024 H1,disinformation_or_misinformation,False Information,united_states,,category_total,Automatic Detection,Accounts Reinstated Following Appeal(5) (Initially Locked by Human Reviewers),0,count,5,snap-2024-h1-583a9b.pdf
California,AB 587,snap-inc,2024 H1,disinformation_or_misinformation,False Information,united_states,,category_total,Automatic Detection,Appeals Against Account Locks Enforced by Automated Tools,0,count,5,snap-2024-h1-583a9b.pdf
California,AB 587,snap-inc,2024 H1,disinformation_or_misinformation,False Information,united_states,,category_total,Automatic Detection,Appeals Against Account Locks(4) Enforced by Human Reviewers,0,count,5,snap-2024-h1-583a9b.pdf
California,AB 587,snap-inc,2024 H1,disinformation_or_misinformation,False Information,united_states,,category_total,Automatic Detection,Content Enforced by Automated Tools,0,count,5,snap-2024-h1-583a9b.pdf
California,AB 587,snap-inc,2024 H1,disinformation_or_misinformation,False Information,united_states,,category_total,Automatic Detection,Content Enforced(2) by Human Reviewers,15,count,5,snap-2024-h1-583a9b.pdf
California,AB 587,snap-inc,2024 H1,disinformation_or_misinformation,False Information,united_states,,category_total,Automatic Detection,Total Content or Accounts Flagged(1),15,count,5,snap-2024-h1-583a9b.pdf
California,AB 587,snap-inc,2024 H1,disinformation_or_misinformation,False Information,united_states,,category_total,Automatic Detection,Unique Accounts Enforced by Automated Tools,0,count,5,snap-2024-h1-583a9b.pdf
California,AB 587,snap-inc,2024 H1,disinformation_or_misinformation,False Information,united_states,,category_total,Automatic Detection,Unique Accounts Enforced(3) by Human Reviewers,14,count,5,snap-2024-h1-583a9b.pdf
California,AB 587,snap-inc,2024 H1,disinformation_or_misinformation,False Information,united_states,,category_total,Automatic Detection,Unique Violative Viewer Rate for Content Enforced by Automated Tools,0.00,percent,5,snap-2024-h1-583a9b.pdf
California,AB 587,snap-inc,2024 H1,disinformation_or_misinformation,False Information,united_states,,category_total,Automatic Detection,Unique Violative Viewer Rate(7)for Content Enforced by Human Reviewers,0.00,percent,5,snap-2024-h1-583a9b.pdf
California,AB 587,snap-inc,2024 H1,disinformation_or_misinformation,False Information,united_states,,category_total,Automatic Detection,VVR for Content Enforced by Automated Tools,0.000000,percent,5,snap-2024-h1-583a9b.pdf
California,AB 587,snap-inc,2024 H1,disinformation_or_misinformation,False Information,united_states,,category_total,Automatic Detection,Violative View Rate (VVR)(6)for Content Enforced by Human Reviewers,0.000000,percent,5,snap-2024-h1-583a9b.pdf
California,AB 587,snap-inc,2024 H1,disinformation_or_misinformation,False Information,united_states,,category_total,Human Report,Accounts Reinstated Following Appeal (Initially Locked by Automated Tools),0,count,5,snap-2024-h1-583a9b.pdf
California,AB 587,snap-inc,2024 H1,disinformation_or_misinformation,False Information,united_states,,category_total,Human Report,Accounts Reinstated Following Appeal(5) (Initially Locked by Human Reviewers),0,count,5,snap-2024-h1-583a9b.pdf
California,AB 587,snap-inc,2024 H1,disinformation_or_misinformation,False Information,united_states,,category_total,Human Report,Appeals Against Account Locks Enforced by Automated Tools,0,count,5,snap-2024-h1-583a9b.pdf
California,AB 587,snap-inc,2024 H1,disinformation_or_misinformation,False Information,united_states,,category_total,Human Report,Appeals Against Account Locks(4) Enforced by Human Reviewers,1,count,5,snap-2024-h1-583a9b.pdf
California,AB 587,snap-inc,2024 H1,disinformation_or_misinformation,False Information,united_states,,category_total,Human Report,Content Enforced by Automated Tools,1498,count,5,snap-2024-h1-583a9b.pdf
California,AB 587,snap-inc,2024 H1,disinformation_or_misinformation,False Information,united_states,,category_total,Human Report,Content Enforced(2) by Human Reviewers,707,count,5,snap-2024-h1-583a9b.pdf
California,AB 587,snap-inc,2024 H1,disinformation_or_misinformation,False Information,united_states,,category_total,Human Report,Total Content or Accounts Flagged(1),114564,count,5,snap-2024-h1-583a9b.pdf
California,AB 587,snap-inc,2024 H1,disinformation_or_misinformation,False Information,united_states,,category_total,Human Report,Unique Accounts Enforced by Automated Tools,1498,count,5,snap-2024-h1-583a9b.pdf
California,AB 587,snap-inc,2024 H1,disinformation_or_misinformation,False Information,united_states,,category_total,Human Report,Unique Accounts Enforced(3) by Human Reviewers,654,count,5,snap-2024-h1-583a9b.pdf
California,AB 587,snap-inc,2024 H1,disinformation_or_misinformation,False Information,united_states,,category_total,Human Report,Unique Violative Viewer Rate for Content Enforced by Automated Tools,0.00,percent,5,snap-2024-h1-583a9b.pdf
California,AB 587,snap-inc,2024 H1,disinformation_or_misinformation,False Information,united_states,,category_total,Human Report,Unique Violative Viewer Rate(7)for Content Enforced by Human Reviewers,0.11,percent,5,snap-2024-h1-583a9b.pdf
California,AB 587,snap-inc,2024 H1,disinformation_or_misinformation,False Information,united_states,,category_total,Human Report,VVR for Content Enforced by Automated Tools,0.000000,percent,5,snap-2024-h1-583a9b.pdf
California,AB 587,snap-inc,2024 H1,disinformation_or_misinformation,False Information,united_states,,category_total,Human Report,Violative View Rate (VVR)(6)for Content Enforced by Human Reviewers,0.000015,percent,5,snap-2024-h1-583a9b.pdf
California,AB 587,snap-inc,2024 H1,extremism_or_radicalization,Terrorism & Violent Extremism,global,,category_total,Automatic Detection,Accounts Reinstated Following Appeal (Initially Locked by,0,count,4,snap-2024-h1-583a9b.pdf
California,AB 587,snap-inc,2024 H1,extremism_or_radicalization,Terrorism & Violent Extremism,global,,category_total,Automatic Detection,Accounts Reinstated Following Appeal(5) (Initially Locked by,0,count,4,snap-2024-h1-583a9b.pdf
California,AB 587,snap-inc,2024 H1,extremism_or_radicalization,Terrorism & Violent Extremism,global,,category_total,Automatic Detection,Appeals Against Account Locks Enforced by Automated Tools,4,count,4,snap-2024-h1-583a9b.pdf
California,AB 587,snap-inc,2024 H1,extremism_or_radicalization,Terrorism & Violent Extremism,global,,category_total,Automatic Detection,Appeals Against Account Locks(4),5,count,4,snap-2024-h1-583a9b.pdf
California,AB 587,snap-inc,2024 H1,extremism_or_radicalization,Terrorism & Violent Extremism,global,,category_total,Automatic Detection,Content Enforced by Automated Tools,0,count,4,snap-2024-h1-583a9b.pdf
California,AB 587,snap-inc,2024 H1,extremism_or_radicalization,Terrorism & Violent Extremism,global,,category_total,Automatic Detection,Content Enforced(2) by Human Reviewers,8088,count,4,snap-2024-h1-583a9b.pdf
California,AB 587,snap-inc,2024 H1,extremism_or_radicalization,Terrorism & Violent Extremism,global,,category_total,Automatic Detection,Total Content or Accounts Flagged(1),10549,count,4,snap-2024-h1-583a9b.pdf
California,AB 587,snap-inc,2024 H1,extremism_or_radicalization,Terrorism & Violent Extremism,global,,category_total,Automatic Detection,Unique Accounts Enforced by Automated,0,count,4,snap-2024-h1-583a9b.pdf
California,AB 587,snap-inc,2024 H1,extremism_or_radicalization,Terrorism & Violent Extremism,global,,category_total,Automatic Detection,Unique Accounts Enforced(3) by Human,4238,count,4,snap-2024-h1-583a9b.pdf
California,AB 587,snap-inc,2024 H1,extremism_or_radicalization,Terrorism & Violent Extremism,global,,category_total,Automatic Detection,Unique Violative Viewer Rate for Content Enforced by Automated Tools,0.00,percent,4,snap-2024-h1-583a9b.pdf
California,AB 587,snap-inc,2024 H1,extremism_or_radicalization,Terrorism & Violent Extremism,global,,category_total,Automatic Detection,Unique Violative Viewer Rate(7)for Content Enforced by Human,0.01,percent,4,snap-2024-h1-583a9b.pdf
California,AB 587,snap-inc,2024 H1,extremism_or_radicalization,Terrorism & Violent Extremism,global,,category_total,Automatic Detection,VVR for Content Enforced by Automated,0.000000,percent,4,snap-2024-h1-583a9b.pdf
California,AB 587,snap-inc,2024 H1,extremism_or_radicalization,Terrorism & Violent Extremism,global,,category_total,Automatic Detection,Violative View Rate (VVR)(6)for Content Enforced by Human Reviewers,0.000003,percent,4,snap-2024-h1-583a9b.pdf
California,AB 587,snap-inc,2024 H1,extremism_or_radicalization,Terrorism & Violent Extremism,global,,category_total,Human Report,Accounts Reinstated Following Appeal (Initially Locked by,0,count,4,snap-2024-h1-583a9b.pdf
California,AB 587,snap-inc,2024 H1,extremism_or_radicalization,Terrorism & Violent Extremism,global,,category_total,Human Report,Accounts Reinstated Following Appeal(5) (Initially Locked by,0,count,4,snap-2024-h1-583a9b.pdf
California,AB 587,snap-inc,2024 H1,extremism_or_radicalization,Terrorism & Violent Extremism,global,,category_total,Human Report,Appeals Against Account Locks Enforced by Automated Tools,0,count,4,snap-2024-h1-583a9b.pdf
California,AB 587,snap-inc,2024 H1,extremism_or_radicalization,Terrorism & Violent Extremism,global,,category_total,Human Report,Appeals Against Account Locks(4),30,count,4,snap-2024-h1-583a9b.pdf
California,AB 587,snap-inc,2024 H1,extremism_or_radicalization,Terrorism & Violent Extremism,global,,category_total,Human Report,Content Enforced by Automated Tools,205,count,4,snap-2024-h1-583a9b.pdf
California,AB 587,snap-inc,2024 H1,extremism_or_radicalization,Terrorism & Violent Extremism,global,,category_total,Human Report,Content Enforced(2) by Human Reviewers,1922,count,4,snap-2024-h1-583a9b.pdf
California,AB 587,snap-inc,2024 H1,extremism_or_radicalization,Terrorism & Violent Extremism,global,,category_total,Human Report,Total Content or Accounts Flagged(1),190328,count,4,snap-2024-h1-583a9b.pdf
California,AB 587,snap-inc,2024 H1,extremism_or_radicalization,Terrorism & Violent Extremism,global,,category_total,Human Report,Unique Accounts Enforced by Automated,205,count,4,snap-2024-h1-583a9b.pdf
California,AB 587,snap-inc,2024 H1,extremism_or_radicalization,Terrorism & Violent Extremism,global,,category_total,Human Report,Unique Accounts Enforced(3) by Human,1700,count,4,snap-2024-h1-583a9b.pdf
California,AB 587,snap-inc,2024 H1,extremism_or_radicalization,Terrorism & Violent Extremism,global,,category_total,Human Report,Unique Violative Viewer Rate for Content Enforced by Automated Tools,0.00,percent,4,snap-2024-h1-583a9b.pdf
California,AB 587,snap-inc,2024 H1,extremism_or_radicalization,Terrorism & Violent Extremism,global,,category_total,Human Report,Unique Violative Viewer Rate(7)for Content Enforced by Human,0.04,percent,4,snap-2024-h1-583a9b.pdf
California,AB 587,snap-inc,2024 H1,extremism_or_radicalization,Terrorism & Violent Extremism,global,,category_total,Human Report,VVR for Content Enforced by Automated,0.000000,percent,4,snap-2024-h1-583a9b.pdf
California,AB 587,snap-inc,2024 H1,extremism_or_radicalization,Terrorism & Violent Extremism,global,,category_total,Human Report,Violative View Rate (VVR)(6)for Content Enforced by Human Reviewers,0.000008,percent,4,snap-2024-h1-583a9b.pdf
California,AB 587,snap-inc,2024 H1,extremism_or_radicalization,Terrorism & Violent Extremism,united_states,,category_total,Automatic Detection,Accounts Reinstated Following Appeal (Initially Locked by Automated Tools),0,count,5,snap-2024-h1-583a9b.pdf
California,AB 587,snap-inc,2024 H1,extremism_or_radicalization,Terrorism & Violent Extremism,united_states,,category_total,Automatic Detection,Accounts Reinstated Following Appeal(5) (Initially Locked by Human Reviewers),0,count,5,snap-2024-h1-583a9b.pdf
California,AB 587,snap-inc,2024 H1,extremism_or_radicalization,Terrorism & Violent Extremism,united_states,,category_total,Automatic Detection,Appeals Against Account Locks Enforced by Automated Tools,0,count,5,snap-2024-h1-583a9b.pdf
California,AB 587,snap-inc,2024 H1,extremism_or_radicalization,Terrorism & Violent Extremism,united_states,,category_total,Automatic Detection,Appeals Against Account Locks(4) Enforced by Human Reviewers,0,count,5,snap-2024-h1-583a9b.pdf
California,AB 587,snap-inc,2024 H1,extremism_or_radicalization,Terrorism & Violent Extremism,united_states,,category_total,Automatic Detection,Content Enforced by Automated Tools,0,count,5,snap-2024-h1-583a9b.pdf
California,AB 587,snap-inc,2024 H1,extremism_or_radicalization,Terrorism & Violent Extremism,united_states,,category_total,Automatic Detection,Content Enforced(2) by Human Reviewers,419,count,5,snap-2024-h1-583a9b.pdf
California,AB 587,snap-inc,2024 H1,extremism_or_radicalization,Terrorism & Violent Extremism,united_states,,category_total,Automatic Detection,Total Content or Accounts Flagged(1),561,count,5,snap-2024-h1-583a9b.pdf
California,AB 587,snap-inc,2024 H1,extremism_or_radicalization,Terrorism & Violent Extremism,united_states,,category_total,Automatic Detection,Unique Accounts Enforced by Automated Tools,0,count,5,snap-2024-h1-583a9b.pdf
California,AB 587,snap-inc,2024 H1,extremism_or_radicalization,Terrorism & Violent Extremism,united_states,,category_total,Automatic Detection,Unique Accounts Enforced(3) by Human Reviewers,232,count,5,snap-2024-h1-583a9b.pdf
California,AB 587,snap-inc,2024 H1,extremism_or_radicalization,Terrorism & Violent Extremism,united_states,,category_total,Automatic Detection,Unique Violative Viewer Rate for Content Enforced by Automated Tools,0.00,percent,5,snap-2024-h1-583a9b.pdf
California,AB 587,snap-inc,2024 H1,extremism_or_radicalization,Terrorism & Violent Extremism,united_states,,category_total,Automatic Detection,Unique Violative Viewer Rate(7)for Content Enforced by Human Reviewers,0.00,percent,5,snap-2024-h1-583a9b.pdf
California,AB 587,snap-inc,2024 H1,extremism_or_radicalization,Terrorism & Violent Extremism,united_states,,category_total,Automatic Detection,VVR for Content Enforced by Automated Tools,0.000000,percent,5,snap-2024-h1-583a9b.pdf
California,AB 587,snap-inc,2024 H1,extremism_or_radicalization,Terrorism & Violent Extremism,united_states,,category_total,Automatic Detection,Violative View Rate (VVR)(6)for Content Enforced by Human Reviewers,0.000000,percent,5,snap-2024-h1-583a9b.pdf
California,AB 587,snap-inc,2024 H1,extremism_or_radicalization,Terrorism & Violent Extremism,united_states,,category_total,Human Report,Accounts Reinstated Following Appeal (Initially Locked by Automated Tools),0,count,5,snap-2024-h1-583a9b.pdf
California,AB 587,snap-inc,2024 H1,extremism_or_radicalization,Terrorism & Violent Extremism,united_states,,category_total,Human Report,Accounts Reinstated Following Appeal(5) (Initially Locked by Human Reviewers),0,count,5,snap-2024-h1-583a9b.pdf
California,AB 587,snap-inc,2024 H1,extremism_or_radicalization,Terrorism & Violent Extremism,united_states,,category_total,Human Report,Appeals Against Account Locks Enforced by Automated Tools,0,count,5,snap-2024-h1-583a9b.pdf
California,AB 587,snap-inc,2024 H1,extremism_or_radicalization,Terrorism & Violent Extremism,united_states,,category_total,Human Report,Appeals Against Account Locks(4) Enforced by Human Reviewers,6,count,5,snap-2024-h1-583a9b.pdf
California,AB 587,snap-inc,2024 H1,extremism_or_radicalization,Terrorism & Violent Extremism,united_states,,category_total,Human Report,Content Enforced by Automated Tools,40,count,5,snap-2024-h1-583a9b.pdf
California,AB 587,snap-inc,2024 H1,extremism_or_radicalization,Terrorism & Violent Extremism,united_states,,category_total,Human Report,Content Enforced(2) by Human Reviewers,343,count,5,snap-2024-h1-583a9b.pdf
California,AB 587,snap-inc,2024 H1,extremism_or_radicalization,Terrorism & Violent Extremism,united_states,,category_total,Human Report,Total Content or Accounts Flagged(1),46346,count,5,snap-2024-h1-583a9b.pdf
California,AB 587,snap-inc,2024 H1,extremism_or_radicalization,Terrorism & Violent Extremism,united_states,,category_total,Human Report,Unique Accounts Enforced by Automated Tools,40,count,5,snap-2024-h1-583a9b.pdf
California,AB 587,snap-inc,2024 H1,extremism_or_radicalization,Terrorism & Violent Extremism,united_states,,category_total,Human Report,Unique Accounts Enforced(3) by Human Reviewers,324,count,5,snap-2024-h1-583a9b.pdf
California,AB 587,snap-inc,2024 H1,extremism_or_radicalization,Terrorism & Violent Extremism,united_states,,category_total,Human Report,Unique Violative Viewer Rate for Content Enforced by Automated Tools,0.00,percent,5,snap-2024-h1-583a9b.pdf
California,AB 587,snap-inc,2024 H1,extremism_or_radicalization,Terrorism & Violent Extremism,united_states,,category_total,Human Report,Unique Violative Viewer Rate(7)for Content Enforced by Human Reviewers,0.01,percent,5,snap-2024-h1-583a9b.pdf
California,AB 587,snap-inc,2024 H1,extremism_or_radicalization,Terrorism & Violent Extremism,united_states,,category_total,Human Report,VVR for Content Enforced by Automated Tools,0.000000,percent,5,snap-2024-h1-583a9b.pdf
California,AB 587,snap-inc,2024 H1,extremism_or_radicalization,Terrorism & Violent Extremism,united_states,,category_total,Human Report,Violative View Rate (VVR)(6)for Content Enforced by Human Reviewers,0.000002,percent,5,snap-2024-h1-583a9b.pdf
California,AB 587,snap-inc,2024 H1,harassment,Harassment & Bullying,global,,category_total,Automatic Detection,Accounts Reinstated Following Appeal (Initially Locked by,0,count,4,snap-2024-h1-583a9b.pdf
California,AB 587,snap-inc,2024 H1,harassment,Harassment & Bullying,global,,category_total,Automatic Detection,Accounts Reinstated Following Appeal(5) (Initially Locked by,5,count,4,snap-2024-h1-583a9b.pdf
California,AB 587,snap-inc,2024 H1,harassment,Harassment & Bullying,global,,category_total,Automatic Detection,Appeals Against Account Locks Enforced by Automated Tools,9,count,4,snap-2024-h1-583a9b.pdf
California,AB 587,snap-inc,2024 H1,harassment,Harassment & Bullying,global,,category_total,Automatic Detection,Appeals Against Account Locks(4),103,count,4,snap-2024-h1-583a9b.pdf
California,AB 587,snap-inc,2024 H1,harassment,Harassment & Bullying,global,,category_total,Automatic Detection,Content Enforced by Automated Tools,15,count,4,snap-2024-h1-583a9b.pdf
California,AB 587,snap-inc,2024 H1,harassment,Harassment & Bullying,global,,category_total,Automatic Detection,Content Enforced(2) by Human Reviewers,9240,count,4,snap-2024-h1-583a9b.pdf
California,AB 587,snap-inc,2024 H1,harassment,Harassment & Bullying,global,,category_total,Automatic Detection,Total Content or Accounts Flagged(1),17058,count,4,snap-2024-h1-583a9b.pdf
California,AB 587,snap-inc,2024 H1,harassment,Harassment & Bullying,global,,category_total,Automatic Detection,Unique Accounts Enforced by Automated,12,count,4,snap-2024-h1-583a9b.pdf
California,AB 587,snap-inc,2024 H1,harassment,Harassment & Bullying,global,,category_total,Automatic Detection,Unique Accounts Enforced(3) by Human,7415,count,4,snap-2024-h1-583a9b.pdf
California,AB 587,snap-inc,2024 H1,harassment,Harassment & Bullying,global,,category_total,Automatic Detection,Unique Violative Viewer Rate for Content Enforced by Automated Tools,0.00,percent,4,snap-2024-h1-583a9b.pdf
California,AB 587,snap-inc,2024 H1,harassment,Harassment & Bullying,global,,category_total,Automatic Detection,Unique Violative Viewer Rate(7)for Content Enforced by Human,0.00,percent,4,snap-2024-h1-583a9b.pdf
California,AB 587,snap-inc,2024 H1,harassment,Harassment & Bullying,global,,category_total,Automatic Detection,VVR for Content Enforced by Automated,0.000000,percent,4,snap-2024-h1-583a9b.pdf
California,AB 587,snap-inc,2024 H1,harassment,Harassment & Bullying,global,,category_total,Automatic Detection,Violative View Rate (VVR)(6)for Content Enforced by Human Reviewers,0.000001,percent,4,snap-2024-h1-583a9b.pdf
California,AB 587,snap-inc,2024 H1,harassment,Harassment & Bullying,global,,category_total,Human Report,Accounts Reinstated Following Appeal (Initially Locked by,8,count,4,snap-2024-h1-583a9b.pdf
California,AB 587,snap-inc,2024 H1,harassment,Harassment & Bullying,global,,category_total,Human Report,Accounts Reinstated Following Appeal(5) (Initially Locked by,624,count,4,snap-2024-h1-583a9b.pdf
California,AB 587,snap-inc,2024 H1,harassment,Harassment & Bullying,global,,category_total,Human Report,Appeals Against Account Locks Enforced by Automated Tools,834,count,4,snap-2024-h1-583a9b.pdf
California,AB 587,snap-inc,2024 H1,harassment,Harassment & Bullying,global,,category_total,Human Report,Appeals Against Account Locks(4),20379,count,4,snap-2024-h1-583a9b.pdf
California,AB 587,snap-inc,2024 H1,harassment,Harassment & Bullying,global,,category_total,Human Report,Content Enforced by Automated Tools,464229,count,4,snap-2024-h1-583a9b.pdf
California,AB 587,snap-inc,2024 H1,harassment,Harassment & Bullying,global,,category_total,Human Report,Content Enforced(2) by Human Reviewers,1812817,count,4,snap-2024-h1-583a9b.pdf
California,AB 587,snap-inc,2024 H1,harassment,Harassment & Bullying,global,,category_total,Human Report,Total Content or Accounts Flagged(1),6568543,count,4,snap-2024-h1-583a9b.pdf
California,AB 587,snap-inc,2024 H1,harassment,Harassment & Bullying,global,,category_total,Human Report,Unique Accounts Enforced by Automated,376828,count,4,snap-2024-h1-583a9b.pdf
California,AB 587,snap-inc,2024 H1,harassment,Harassment & Bullying,global,,category_total,Human Report,Unique Accounts Enforced(3) by Human,1426371,count,4,snap-2024-h1-583a9b.pdf
California,AB 587,snap-inc,2024 H1,harassment,Harassment & Bullying,global,,category_total,Human Report,Unique Violative Viewer Rate for Content Enforced by Automated Tools,0.23,percent,4,snap-2024-h1-583a9b.pdf
California,AB 587,snap-inc,2024 H1,harassment,Harassment & Bullying,global,,category_total,Human Report,Unique Violative Viewer Rate(7)for Content Enforced by Human,2.28,percent,4,snap-2024-h1-583a9b.pdf
California,AB 587,snap-inc,2024 H1,harassment,Harassment & Bullying,global,,category_total,Human Report,VVR for Content Enforced by Automated,0.000079,percent,4,snap-2024-h1-583a9b.pdf
California,AB 587,snap-inc,2024 H1,harassment,Harassment & Bullying,global,,category_total,Human Report,Violative View Rate (VVR)(6)for Content Enforced by Human Reviewers,0.001043,percent,4,snap-2024-h1-583a9b.pdf
California,AB 587,snap-inc,2024 H1,harassment,Harassment & Bullying,united_states,,category_total,Automatic Detection,Accounts Reinstated Following Appeal (Initially Locked by Automated Tools),0,count,6,snap-2024-h1-583a9b.pdf
California,AB 587,snap-inc,2024 H1,harassment,Harassment & Bullying,united_states,,category_total,Automatic Detection,Accounts Reinstated Following Appeal(5) (Initially Locked by Human Reviewers),2,count,6,snap-2024-h1-583a9b.pdf
California,AB 587,snap-inc,2024 H1,harassment,Harassment & Bullying,united_states,,category_total,Automatic Detection,Appeals Against Account Locks Enforced by Automated Tools,2,count,6,snap-2024-h1-583a9b.pdf
California,AB 587,snap-inc,2024 H1,harassment,Harassment & Bullying,united_states,,category_total,Automatic Detection,Appeals Against Account Locks(4) Enforced by Human Reviewers,37,count,6,snap-2024-h1-583a9b.pdf
California,AB 587,snap-inc,2024 H1,harassment,Harassment & Bullying,united_states,,category_total,Automatic Detection,Content Enforced by Automated Tools,1,count,6,snap-2024-h1-583a9b.pdf
California,AB 587,snap-inc,2024 H1,harassment,Harassment & Bullying,united_states,,category_total,Automatic Detection,Content Enforced(2) by Human Reviewers,3655,count,6,snap-2024-h1-583a9b.pdf
California,AB 587,snap-inc,2024 H1,harassment,Harassment & Bullying,united_states,,category_total,Automatic Detection,Total Content or Accounts Flagged(1),4766,count,6,snap-2024-h1-583a9b.pdf
California,AB 587,snap-inc,2024 H1,harassment,Harassment & Bullying,united_states,,category_total,Automatic Detection,Unique Accounts Enforced by Automated Tools,1,count,6,snap-2024-h1-583a9b.pdf
California,AB 587,snap-inc,2024 H1,harassment,Harassment & Bullying,united_states,,category_total,Automatic Detection,Unique Accounts Enforced(3) by Human Reviewers,3151,count,6,snap-2024-h1-583a9b.pdf
California,AB 587,snap-inc,2024 H1,harassment,Harassment & Bullying,united_states,,category_total,Automatic Detection,Unique Violative Viewer Rate for Content Enforced by Automated Tools,0.00,percent,6,snap-2024-h1-583a9b.pdf
California,AB 587,snap-inc,2024 H1,harassment,Harassment & Bullying,united_states,,category_total,Automatic Detection,Unique Violative Viewer Rate(7)for Content Enforced by Human Reviewers,0.03,percent,6,snap-2024-h1-583a9b.pdf
California,AB 587,snap-inc,2024 H1,harassment,Harassment & Bullying,united_states,,category_total,Automatic Detection,VVR for Content Enforced by Automated Tools,0.000000,percent,6,snap-2024-h1-583a9b.pdf
California,AB 587,snap-inc,2024 H1,harassment,Harassment & Bullying,united_states,,category_total,Automatic Detection,Violative View Rate (VVR)(6)for Content Enforced by Human Reviewers,0.000005,percent,6,snap-2024-h1-583a9b.pdf
California,AB 587,snap-inc,2024 H1,hate_speech_or_racism,Hate Speech,global,,category_total,Automatic Detection,Accounts Reinstated Following Appeal (Initially Locked by,0,count,4,snap-2024-h1-583a9b.pdf
California,AB 587,snap-inc,2024 H1,hate_speech_or_racism,Hate Speech,global,,category_total,Automatic Detection,Accounts Reinstated Following Appeal(5) (Initially Locked by,2,count,4,snap-2024-h1-583a9b.pdf
California,AB 587,snap-inc,2024 H1,hate_speech_or_racism,Hate Speech,global,,category_total,Automatic Detection,Appeals Against Account Locks Enforced by Automated Tools,0,count,4,snap-2024-h1-583a9b.pdf
California,AB 587,snap-inc,2024 H1,hate_speech_or_racism,Hate Speech,global,,category_total,Automatic Detection,Appeals Against Account Locks(4),5,count,4,snap-2024-h1-583a9b.pdf
California,AB 587,snap-inc,2024 H1,hate_speech_or_racism,Hate Speech,global,,category_total,Automatic Detection,Content Enforced by Automated Tools,0,count,4,snap-2024-h1-583a9b.pdf
California,AB 587,snap-inc,2024 H1,hate_speech_or_racism,Hate Speech,global,,category_total,Automatic Detection,Content Enforced(2) by Human Reviewers,2306,count,4,snap-2024-h1-583a9b.pdf
California,AB 587,snap-inc,2024 H1,hate_speech_or_racism,Hate Speech,global,,category_total,Automatic Detection,Total Content or Accounts Flagged(1),2306,count,4,snap-2024-h1-583a9b.pdf
California,AB 587,snap-inc,2024 H1,hate_speech_or_racism,Hate Speech,global,,category_total,Automatic Detection,Unique Accounts Enforced by Automated,0,count,4,snap-2024-h1-583a9b.pdf
California,AB 587,snap-inc,2024 H1,hate_speech_or_racism,Hate Speech,global,,category_total,Automatic Detection,Unique Accounts Enforced(3) by Human,1963,count,4,snap-2024-h1-583a9b.pdf
California,AB 587,snap-inc,2024 H1,hate_speech_or_racism,Hate Speech,global,,category_total,Automatic Detection,Unique Violative Viewer Rate for Content Enforced by Automated Tools,0.00,percent,4,snap-2024-h1-583a9b.pdf
California,AB 587,snap-inc,2024 H1,hate_speech_or_racism,Hate Speech,global,,category_total,Automatic Detection,Unique Violative Viewer Rate(7)for Content Enforced by Human,0.00,percent,4,snap-2024-h1-583a9b.pdf
California,AB 587,snap-inc,2024 H1,hate_speech_or_racism,Hate Speech,global,,category_total,Automatic Detection,VVR for Content Enforced by Automated,0.000000,percent,4,snap-2024-h1-583a9b.pdf
California,AB 587,snap-inc,2024 H1,hate_speech_or_racism,Hate Speech,global,,category_total,Automatic Detection,Violative View Rate (VVR)(6)for Content Enforced by Human Reviewers,0.000001,percent,4,snap-2024-h1-583a9b.pdf
California,AB 587,snap-inc,2024 H1,hate_speech_or_racism,Hate Speech,global,,category_total,Human Report,Accounts Reinstated Following Appeal (Initially Locked by,1,count,4,snap-2024-h1-583a9b.pdf
California,AB 587,snap-inc,2024 H1,hate_speech_or_racism,Hate Speech,global,,category_total,Human Report,Accounts Reinstated Following Appeal(5) (Initially Locked by,104,count,4,snap-2024-h1-583a9b.pdf
California,AB 587,snap-inc,2024 H1,hate_speech_or_racism,Hate Speech,global,,category_total,Human Report,Appeals Against Account Locks Enforced by Automated Tools,33,count,4,snap-2024-h1-583a9b.pdf
California,AB 587,snap-inc,2024 H1,hate_speech_or_racism,Hate Speech,global,,category_total,Human Report,Appeals Against Account Locks(4),673,count,4,snap-2024-h1-583a9b.pdf
California,AB 587,snap-inc,2024 H1,hate_speech_or_racism,Hate Speech,global,,category_total,Human Report,Content Enforced by Automated Tools,4628,count,4,snap-2024-h1-583a9b.pdf
California,AB 587,snap-inc,2024 H1,hate_speech_or_racism,Hate Speech,global,,category_total,Human Report,Content Enforced(2) by Human Reviewers,254284,count,4,snap-2024-h1-583a9b.pdf
California,AB 587,snap-inc,2024 H1,hate_speech_or_racism,Hate Speech,global,,category_total,Human Report,Total Content or Accounts Flagged(1),693019,count,4,snap-2024-h1-583a9b.pdf
California,AB 587,snap-inc,2024 H1,hate_speech_or_racism,Hate Speech,global,,category_total,Human Report,Unique Accounts Enforced by Automated,4366,count,4,snap-2024-h1-583a9b.pdf
California,AB 587,snap-inc,2024 H1,hate_speech_or_racism,Hate Speech,global,,category_total,Human Report,Unique Accounts Enforced(3) by Human,215979,count,4,snap-2024-h1-583a9b.pdf
California,AB 587,snap-inc,2024 H1,hate_speech_or_racism,Hate Speech,global,,category_total,Human Report,Unique Violative Viewer Rate for Content Enforced by Automated Tools,0.00,percent,4,snap-2024-h1-583a9b.pdf
California,AB 587,snap-inc,2024 H1,hate_speech_or_racism,Hate Speech,global,,category_total,Human Report,Unique Violative Viewer Rate(7)for Content Enforced by Human,0.74,percent,4,snap-2024-h1-583a9b.pdf
California,AB 587,snap-inc,2024 H1,hate_speech_or_racism,Hate Speech,global,,category_total,Human Report,VVR for Content Enforced by Automated,0.000001,percent,4,snap-2024-h1-583a9b.pdf
California,AB 587,snap-inc,2024 H1,hate_speech_or_racism,Hate Speech,global,,category_total,Human Report,Violative View Rate (VVR)(6)for Content Enforced by Human Reviewers,0.000227,percent,4,snap-2024-h1-583a9b.pdf
California,AB 587,snap-inc,2024 H1,hate_speech_or_racism,Hate Speech,united_states,,category_total,Automatic Detection,Accounts Reinstated Following Appeal (Initially Locked by Automated Tools),0,count,5,snap-2024-h1-583a9b.pdf
California,AB 587,snap-inc,2024 H1,hate_speech_or_racism,Hate Speech,united_states,,category_total,Automatic Detection,Accounts Reinstated Following Appeal(5) (Initially Locked by Human Reviewers),2,count,5,snap-2024-h1-583a9b.pdf
California,AB 587,snap-inc,2024 H1,hate_speech_or_racism,Hate Speech,united_states,,category_total,Automatic Detection,Appeals Against Account Locks Enforced by Automated Tools,0,count,5,snap-2024-h1-583a9b.pdf
California,AB 587,snap-inc,2024 H1,hate_speech_or_racism,Hate Speech,united_states,,category_total,Automatic Detection,Appeals Against Account Locks(4) Enforced by Human Reviewers,4,count,5,snap-2024-h1-583a9b.pdf
California,AB 587,snap-inc,2024 H1,hate_speech_or_racism,Hate Speech,united_states,,category_total,Automatic Detection,Content Enforced by Automated Tools,0,count,5,snap-2024-h1-583a9b.pdf
California,AB 587,snap-inc,2024 H1,hate_speech_or_racism,Hate Speech,united_states,,category_total,Automatic Detection,Content Enforced(2) by Human Reviewers,2042,count,5,snap-2024-h1-583a9b.pdf
California,AB 587,snap-inc,2024 H1,hate_speech_or_racism,Hate Speech,united_states,,category_total,Automatic Detection,Total Content or Accounts Flagged(1),2042,count,5,snap-2024-h1-583a9b.pdf
California,AB 587,snap-inc,2024 H1,hate_speech_or_racism,Hate Speech,united_states,,category_total,Automatic Detection,Unique Accounts Enforced by Automated Tools,0,count,5,snap-2024-h1-583a9b.pdf
California,AB 587,snap-inc,2024 H1,hate_speech_or_racism,Hate Speech,united_states,,category_total,Automatic Detection,Unique Accounts Enforced(3) by Human Reviewers,1737,count,5,snap-2024-h1-583a9b.pdf
California,AB 587,snap-inc,2024 H1,hate_speech_or_racism,Hate Speech,united_states,,category_total,Automatic Detection,Unique Violative Viewer Rate for Content Enforced by Automated Tools,0.00,percent,5,snap-2024-h1-583a9b.pdf
California,AB 587,snap-inc,2024 H1,hate_speech_or_racism,Hate Speech,united_states,,category_total,Automatic Detection,Unique Violative Viewer Rate(7)for Content Enforced by Human Reviewers,0.03,percent,5,snap-2024-h1-583a9b.pdf
California,AB 587,snap-inc,2024 H1,hate_speech_or_racism,Hate Speech,united_states,,category_total,Automatic Detection,VVR for Content Enforced by Automated Tools,0.000000,percent,5,snap-2024-h1-583a9b.pdf
California,AB 587,snap-inc,2024 H1,hate_speech_or_racism,Hate Speech,united_states,,category_total,Automatic Detection,Violative View Rate (VVR)(6)for Content Enforced by Human Reviewers,0.000005,percent,5,snap-2024-h1-583a9b.pdf
California,AB 587,snap-inc,2024 H1,hate_speech_or_racism,Hate Speech,united_states,,category_total,Human Report,Accounts Reinstated Following Appeal (Initially Locked by Automated Tools),1,count,5,snap-2024-h1-583a9b.pdf
California,AB 587,snap-inc,2024 H1,hate_speech_or_racism,Hate Speech,united_states,,category_total,Human Report,Accounts Reinstated Following Appeal(5) (Initially Locked by Human Reviewers),47,count,5,snap-2024-h1-583a9b.pdf
California,AB 587,snap-inc,2024 H1,hate_speech_or_racism,Hate Speech,united_states,,category_total,Human Report,Appeals Against Account Locks Enforced by Automated Tools,17,count,5,snap-2024-h1-583a9b.pdf
California,AB 587,snap-inc,2024 H1,hate_speech_or_racism,Hate Speech,united_states,,category_total,Human Report,Appeals Against Account Locks(4) Enforced by Human Reviewers,341,count,5,snap-2024-h1-583a9b.pdf
California,AB 587,snap-inc,2024 H1,hate_speech_or_racism,Hate Speech,united_states,,category_total,Human Report,Content Enforced by Automated Tools,2470,count,5,snap-2024-h1-583a9b.pdf
California,AB 587,snap-inc,2024 H1,hate_speech_or_racism,Hate Speech,united_states,,category_total,Human Report,Content Enforced(2) by Human Reviewers,129628,count,5,snap-2024-h1-583a9b.pdf
California,AB 587,snap-inc,2024 H1,hate_speech_or_racism,Hate Speech,united_states,,category_total,Human Report,Total Content or Accounts Flagged(1),265595,count,5,snap-2024-h1-583a9b.pdf
California,AB 587,snap-inc,2024 H1,hate_speech_or_racism,Hate Speech,united_states,,category_total,Human Report,Unique Accounts Enforced by Automated Tools,2317,count,5,snap-2024-h1-583a9b.pdf
California,AB 587,snap-inc,2024 H1,hate_speech_or_racism,Hate Speech,united_states,,category_total,Human Report,Unique Accounts Enforced(3) by Human Reviewers,109078,count,5,snap-2024-h1-583a9b.pdf
California,AB 587,snap-inc,2024 H1,hate_speech_or_racism,Hate Speech,united_states,,category_total,Human Report,Unique Violative Viewer Rate for Content Enforced by Automated Tools,0.01,percent,5,snap-2024-h1-583a9b.pdf
California,AB 587,snap-inc,2024 H1,hate_speech_or_racism,Hate Speech,united_states,,category_total,Human Report,Unique Violative Viewer Rate(7)for Content Enforced by Human Reviewers,2.34,percent,5,snap-2024-h1-583a9b.pdf
California,AB 587,snap-inc,2024 H1,hate_speech_or_racism,Hate Speech,united_states,,category_total,Human Report,VVR for Content Enforced by Automated Tools,0.000001,percent,5,snap-2024-h1-583a9b.pdf
California,AB 587,snap-inc,2024 H1,hate_speech_or_racism,Hate Speech,united_states,,category_total,Human Report,Violative View Rate (VVR)(6)for Content Enforced by Human Reviewers,0.000502,percent,5,snap-2024-h1-583a9b.pdf
California,AB 587,tiktok-inc,2023 Q3,disinformation_or_misinformation,Disinformation or Misinformation,reported,,category_total,Category of content,Actioned items resulting in removal5,24576,count,15,tiktok-2023-q3-a253e7.pdf
California,AB 587,tiktok-inc,2023 Q3,disinformation_or_misinformation,Disinformation or Misinformation,reported,,category_total,Category of content,Appeals of actioned content,8348,count,15,tiktok-2023-q3-a253e7.pdf
California,AB 587,tiktok-inc,2023 Q3,disinformation_or_misinformation,Disinformation or Misinformation,reported,,category_total,Category of content,Reversals of actions on appeal,6274,count,15,tiktok-2023-q3-a253e7.pdf
California,AB 587,tiktok-inc,2023 Q3,disinformation_or_misinformation,Disinformation or Misinformation,reported,,category_total,Category of content3,,86866,count,15,tiktok-2023-q3-a253e7.pdf
California,AB 587,tiktok-inc,2023 Q3,disinformation_or_misinformation,Disinformation or Misinformation,reported,,category_total,Category of content3,Actioned items resulting in removal,89191,count,15,tiktok-2023-q3-a253e7.pdf
California,AB 587,tiktok-inc,2023 Q3,disinformation_or_misinformation,Disinformation or Misinformation,reported,,category_total,Category of content3,Appeals of actioned content,28400,count,15,tiktok-2023-q3-a253e7.pdf
California,AB 587,tiktok-inc,2023 Q3,disinformation_or_misinformation,Disinformation or Misinformation,reported,,category_total,Category of content3,Reversals of actions on appeal,2798,count,15,tiktok-2023-q3-a253e7.pdf
California,AB 587,tiktok-inc,2023 Q3,disinformation_or_misinformation,Disinformation or Misinformation,reported,,category_total,Category of content3,Source of action4,2523,count,15,tiktok-2023-q3-a253e7.pdf
California,AB 587,tiktok-inc,2023 Q3,extremism_or_radicalization,Extremism or radicalization,reported,,category_total,Category of content,Actioned items resulting in removal5,42258,count,15,tiktok-2023-q3-a253e7.pdf
California,AB 587,tiktok-inc,2023 Q3,extremism_or_radicalization,Extremism or radicalization,reported,,category_total,Category of content,Appeals of actioned content,7661,count,15,tiktok-2023-q3-a253e7.pdf
California,AB 587,tiktok-inc,2023 Q3,extremism_or_radicalization,Extremism or radicalization,reported,,category_total,Category of content,Reversals of actions on appeal,5242,count,15,tiktok-2023-q3-a253e7.pdf
California,AB 587,tiktok-inc,2023 Q3,extremism_or_radicalization,Extremism or radicalization,reported,,category_total,Category of content3,,150502,count,15,tiktok-2023-q3-a253e7.pdf
California,AB 587,tiktok-inc,2023 Q3,extremism_or_radicalization,Extremism or radicalization,reported,,category_total,Category of content3,Actioned items resulting in removal,153691,count,15,tiktok-2023-q3-a253e7.pdf
California,AB 587,tiktok-inc,2023 Q3,extremism_or_radicalization,Extremism or radicalization,reported,,category_total,Category of content3,Appeals of actioned content,32721,count,15,tiktok-2023-q3-a253e7.pdf
California,AB 587,tiktok-inc,2023 Q3,extremism_or_radicalization,Extremism or radicalization,reported,,category_total,Category of content3,Reversals of actions on appeal,14988,count,15,tiktok-2023-q3-a253e7.pdf
California,AB 587,tiktok-inc,2023 Q3,extremism_or_radicalization,Extremism or radicalization,reported,,category_total,Category of content3,Source of action4,3088,count,15,tiktok-2023-q3-a253e7.pdf
California,AB 587,tiktok-inc,2023 Q3,harassment,Harassment,reported,,category_total,Category of content,Actioned items resulting in removal5,708600,count,15,tiktok-2023-q3-a253e7.pdf
California,AB 587,tiktok-inc,2023 Q3,harassment,Harassment,reported,,category_total,Category of content,Appeals of actioned content,142880,count,15,tiktok-2023-q3-a253e7.pdf
California,AB 587,tiktok-inc,2023 Q3,harassment,Harassment,reported,,category_total,Category of content,Reversals of actions on appeal,98976,count,15,tiktok-2023-q3-a253e7.pdf
California,AB 587,tiktok-inc,2023 Q3,harassment,Harassment,reported,,category_total,Category of content3,,915314,count,15,tiktok-2023-q3-a253e7.pdf
California,AB 587,tiktok-inc,2023 Q3,harassment,Harassment,reported,,category_total,Category of content3,Actioned items resulting in removal,1019538,count,15,tiktok-2023-q3-a253e7.pdf
California,AB 587,tiktok-inc,2023 Q3,harassment,Harassment,reported,,category_total,Category of content3,Appeals of actioned content,278205,count,15,tiktok-2023-q3-a253e7.pdf
California,AB 587,tiktok-inc,2023 Q3,harassment,Harassment,reported,,category_total,Category of content3,Reversals of actions on appeal,148637,count,15,tiktok-2023-q3-a253e7.pdf
California,AB 587,tiktok-inc,2023 Q3,harassment,Harassment,reported,,category_total,Category of content3,Source of action4,110203,count,15,tiktok-2023-q3-a253e7.pdf
California,AB 587,tiktok-inc,2023 Q3,hate_speech_or_racism,Hate Speech,reported,,category_total,Category of content,Actioned items resulting in removal5,256909,count,15,tiktok-2023-q3-a253e7.pdf
California,AB 587,tiktok-inc,2023 Q3,hate_speech_or_racism,Hate Speech,reported,,category_total,Category of content,Appeals of actioned content,66729,count,15,tiktok-2023-q3-a253e7.pdf
California,AB 587,tiktok-inc,2023 Q3,hate_speech_or_racism,Hate Speech,reported,,category_total,Category of content,Reversals of actions on appeal,45263,count,15,tiktok-2023-q3-a253e7.pdf
California,AB 587,tiktok-inc,2023 Q3,hate_speech_or_racism,Hate Speech,reported,,category_total,Category of content3,,738257,count,15,tiktok-2023-q3-a253e7.pdf
California,AB 587,tiktok-inc,2023 Q3,hate_speech_or_racism,Hate Speech,reported,,category_total,Category of content3,Actioned items resulting in removal,820137,count,15,tiktok-2023-q3-a253e7.pdf
California,AB 587,tiktok-inc,2023 Q3,hate_speech_or_racism,Hate Speech,reported,,category_total,Category of content3,Appeals of actioned content,178669,count,15,tiktok-2023-q3-a253e7.pdf
California,AB 587,tiktok-inc,2023 Q3,hate_speech_or_racism,Hate Speech,reported,,category_total,Category of content3,Reversals of actions on appeal,93627,count,15,tiktok-2023-q3-a253e7.pdf
California,AB 587,tiktok-inc,2023 Q3,hate_speech_or_racism,Hate Speech,reported,,category_total,Category of content3,Source of action4,84521,count,15,tiktok-2023-q3-a253e7.pdf
California,AB 587,tiktok-inc,2023 Q4,disinformation_or_misinformation,Disinformation or Misinformation,reported,,category_total,Category of content,Actioned items resulting in removal7,16474,count,16,tiktok-2023-q4-09410d.pdf
California,AB 587,tiktok-inc,2023 Q4,disinformation_or_misinformation,Disinformation or Misinformation,reported,,category_total,Category of content,Actioned items resulting in the suspension of a livestream,8149,count,16,tiktok-2023-q4-09410d.pdf
California,AB 587,tiktok-inc,2023 Q4,disinformation_or_misinformation,Disinformation or Misinformation,reported,,category_total,Category of content,Items flagged by users,220625,count,16,tiktok-2023-q4-09410d.pdf
California,AB 587,tiktok-inc,2023 Q4,disinformation_or_misinformation,Disinformation or Misinformation,reported,,category_total,Category of content3,,115406,count,15,tiktok-2023-q4-09410d.pdf
California,AB 587,tiktok-inc,2023 Q4,disinformation_or_misinformation,Disinformation or Misinformation,reported,,category_total,Category of content3,Actioned items resulting in removal,235130,count,15,tiktok-2023-q4-09410d.pdf
California,AB 587,tiktok-inc,2023 Q4,disinformation_or_misinformation,Disinformation or Misinformation,reported,,category_total,Category of content3,Appeals of actioned content,42637,count,15,tiktok-2023-q4-09410d.pdf
California,AB 587,tiktok-inc,2023 Q4,disinformation_or_misinformation,Disinformation or Misinformation,reported,,category_total,Category of content3,Items flagged by users and civil society partners,1339842,count,15,tiktok-2023-q4-09410d.pdf
California,AB 587,tiktok-inc,2023 Q4,disinformation_or_misinformation,Disinformation or Misinformation,reported,,category_total,Category of content3,Reversals of actions on appeal,8516,count,15,tiktok-2023-q4-09410d.pdf
California,AB 587,tiktok-inc,2023 Q4,disinformation_or_misinformation,Disinformation or Misinformation,reported,,category_total,Category of content3,Source of action4,119866,count,15,tiktok-2023-q4-09410d.pdf
California,AB 587,tiktok-inc,2023 Q4,extremism_or_radicalization,Extremism or radicalization,reported,,category_total,Category of content,Actioned items resulting in removal7,11951,count,16,tiktok-2023-q4-09410d.pdf
California,AB 587,tiktok-inc,2023 Q4,extremism_or_radicalization,Extremism or radicalization,reported,,category_total,Category of content,Actioned items resulting in the suspension of a livestream,1908,count,16,tiktok-2023-q4-09410d.pdf
California,AB 587,tiktok-inc,2023 Q4,extremism_or_radicalization,Extremism or radicalization,reported,,category_total,Category of content,Items flagged by users,1309418,count,16,tiktok-2023-q4-09410d.pdf
California,AB 587,tiktok-inc,2023 Q4,extremism_or_radicalization,Extremism or radicalization,reported,,category_total,Category of content3,,172715,count,15,tiktok-2023-q4-09410d.pdf
California,AB 587,tiktok-inc,2023 Q4,extremism_or_radicalization,Extremism or radicalization,reported,,category_total,Category of content3,Actioned items resulting in removal,183623,count,15,tiktok-2023-q4-09410d.pdf
California,AB 587,tiktok-inc,2023 Q4,extremism_or_radicalization,Extremism or radicalization,reported,,category_total,Category of content3,Appeals of actioned content,34428,count,15,tiktok-2023-q4-09410d.pdf
California,AB 587,tiktok-inc,2023 Q4,extremism_or_radicalization,Extremism or radicalization,reported,,category_total,Category of content3,Items flagged by users and civil society partners,2307305,count,15,tiktok-2023-q4-09410d.pdf
California,AB 587,tiktok-inc,2023 Q4,extremism_or_radicalization,Extremism or radicalization,reported,,category_total,Category of content3,Reversals of actions on appeal,19377,count,15,tiktok-2023-q4-09410d.pdf
California,AB 587,tiktok-inc,2023 Q4,extremism_or_radicalization,Extremism or radicalization,reported,,category_total,Category of content3,Source of action4,12356,count,15,tiktok-2023-q4-09410d.pdf
California,AB 587,tiktok-inc,2023 Q4,harassment,Harassment,reported,,category_total,Category of content,Actioned items resulting in removal7,607305,count,16,tiktok-2023-q4-09410d.pdf
California,AB 587,tiktok-inc,2023 Q4,harassment,Harassment,reported,,category_total,Category of content,Actioned items resulting in the suspension of a livestream,56296,count,16,tiktok-2023-q4-09410d.pdf
California,AB 587,tiktok-inc,2023 Q4,harassment,Harassment,reported,,category_total,Category of content,Items flagged by users,1417004,count,16,tiktok-2023-q4-09410d.pdf
California,AB 587,tiktok-inc,2023 Q4,harassment,Harassment,reported,,category_total,Category of content3,,488336,count,15,tiktok-2023-q4-09410d.pdf
California,AB 587,tiktok-inc,2023 Q4,harassment,Harassment,reported,,category_total,Category of content3,Actioned items resulting in removal,734789,count,15,tiktok-2023-q4-09410d.pdf
California,AB 587,tiktok-inc,2023 Q4,harassment,Harassment,reported,,category_total,Category of content3,Appeals of actioned content,158650,count,15,tiktok-2023-q4-09410d.pdf
California,AB 587,tiktok-inc,2023 Q4,harassment,Harassment,reported,,category_total,Category of content3,Items flagged by users and civil society partners,1143725,count,15,tiktok-2023-q4-09410d.pdf
California,AB 587,tiktok-inc,2023 Q4,harassment,Harassment,reported,,category_total,Category of content3,Reversals of actions on appeal,95287,count,15,tiktok-2023-q4-09410d.pdf
California,AB 587,tiktok-inc,2023 Q4,harassment,Harassment,reported,,category_total,Category of content3,Source of action4,252490,count,15,tiktok-2023-q4-09410d.pdf
California,AB 587,tiktok-inc,2023 Q4,hate_speech_or_racism,Hate Speech,reported,,category_total,Category of content,Actioned items resulting in removal7,224852,count,16,tiktok-2023-q4-09410d.pdf
California,AB 587,tiktok-inc,2023 Q4,hate_speech_or_racism,Hate Speech,reported,,category_total,Category of content,Actioned items resulting in the suspension of a livestream,161289,count,16,tiktok-2023-q4-09410d.pdf
California,AB 587,tiktok-inc,2023 Q4,hate_speech_or_racism,Hate Speech,reported,,category_total,Category of content,Items flagged by users,1191788,count,16,tiktok-2023-q4-09410d.pdf
California,AB 587,tiktok-inc,2023 Q4,hate_speech_or_racism,Hate Speech,reported,,category_total,Category of content3,,517194,count,15,tiktok-2023-q4-09410d.pdf
California,AB 587,tiktok-inc,2023 Q4,hate_speech_or_racism,Hate Speech,reported,,category_total,Category of content3,Actioned items resulting in removal,579892,count,15,tiktok-2023-q4-09410d.pdf
California,AB 587,tiktok-inc,2023 Q4,hate_speech_or_racism,Hate Speech,reported,,category_total,Category of content3,Appeals of actioned content,108098,count,15,tiktok-2023-q4-09410d.pdf
California,AB 587,tiktok-inc,2023 Q4,hate_speech_or_racism,Hate Speech,reported,,category_total,Category of content3,Items flagged by users and civil society partners,1084519,count,15,tiktok-2023-q4-09410d.pdf
California,AB 587,tiktok-inc,2023 Q4,hate_speech_or_racism,Hate Speech,reported,,category_total,Category of content3,Reversals of actions on appeal,63673,count,15,tiktok-2023-q4-09410d.pdf
California,AB 587,tiktok-inc,2023 Q4,hate_speech_or_racism,Hate Speech,reported,,category_total,Category of content3,Source of action4,66172,count,15,tiktok-2023-q4-09410d.pdf
New York,GBS 1102 (S895B),discord-inc,2025 Q3,disinformation_or_misinformation,(C) Disinformation or misinformation,reported,,category_total,Account Action Reason,Appeals Granted,0,count,15,2025-q3-discord-inc.pdf
New York,GBS 1102 (S895B),discord-inc,2025 Q3,disinformation_or_misinformation,(C) Disinformation or misinformation,reported,,category_total,Account Action Reason,Appeals Submitted,0,count,15,2025-q3-discord-inc.pdf
New York,GBS 1102 (S895B),discord-inc,2025 Q3,disinformation_or_misinformation,(C) Disinformation or misinformation,reported,,category_total,Accounts Disabled,,0,count,13,2025-q3-discord-inc.pdf
New York,GBS 1102 (S895B),discord-inc,2025 Q3,disinformation_or_misinformation,(C) Disinformation or misinformation,reported,,category_total,Individual Accounts Warned,,5,count,12,2025-q3-discord-inc.pdf
New York,GBS 1102 (S895B),discord-inc,2025 Q3,disinformation_or_misinformation,(C) Disinformation or misinformation,reported,,category_total,Server Member Warnings,,1,count,13,2025-q3-discord-inc.pdf
New York,GBS 1102 (S895B),discord-inc,2025 Q3,disinformation_or_misinformation,(C) Disinformation or misinformation,reported,,category_total,Servers Removed Proactively,,1,count,13,2025-q3-discord-inc.pdf
New York,GBS 1102 (S895B),discord-inc,2025 Q3,disinformation_or_misinformation,(C) Disinformation or misinformation,reported,,category_total,Servers Removed Reactively,,0,count,14,2025-q3-discord-inc.pdf
New York,GBS 1102 (S895B),discord-inc,2025 Q3,disinformation_or_misinformation,(C) Disinformation or misinformation,reported,,category_total,Servers Warned,,0,count,13,2025-q3-discord-inc.pdf
New York,GBS 1102 (S895B),discord-inc,2025 Q3,disinformation_or_misinformation,(C) Disinformation or misinformation,reported,,category_total,Total Servers Removed,,1,count,14,2025-q3-discord-inc.pdf
New York,GBS 1102 (S895B),discord-inc,2025 Q3,extremism_or_radicalization,(B) Extremism or radicalization,reported,,category_total,Account Action Reason,Appeals Granted,10,count,15,2025-q3-discord-inc.pdf
New York,GBS 1102 (S895B),discord-inc,2025 Q3,extremism_or_radicalization,(B) Extremism or radicalization,reported,,category_total,Account Action Reason,Appeals Submitted,6854,count,15,2025-q3-discord-inc.pdf
New York,GBS 1102 (S895B),discord-inc,2025 Q3,extremism_or_radicalization,(B) Extremism or radicalization,reported,,category_total,Accounts Disabled,,10689,count,13,2025-q3-discord-inc.pdf
New York,GBS 1102 (S895B),discord-inc,2025 Q3,extremism_or_radicalization,(B) Extremism or radicalization,reported,,category_total,Individual Accounts Warned,,755,count,12,2025-q3-discord-inc.pdf
New York,GBS 1102 (S895B),discord-inc,2025 Q3,extremism_or_radicalization,(B) Extremism or radicalization,reported,,category_total,Server Member Warnings,,28494,count,13,2025-q3-discord-inc.pdf
New York,GBS 1102 (S895B),discord-inc,2025 Q3,extremism_or_radicalization,(B) Extremism or radicalization,reported,,category_total,Servers Removed Proactively,,782,count,13,2025-q3-discord-inc.pdf
New York,GBS 1102 (S895B),discord-inc,2025 Q3,extremism_or_radicalization,(B) Extremism or radicalization,reported,,category_total,Servers Removed Reactively,,63,count,14,2025-q3-discord-inc.pdf
New York,GBS 1102 (S895B),discord-inc,2025 Q3,extremism_or_radicalization,(B) Extremism or radicalization,reported,,category_total,Servers Warned,,27,count,13,2025-q3-discord-inc.pdf
New York,GBS 1102 (S895B),discord-inc,2025 Q3,extremism_or_radicalization,(B) Extremism or radicalization,reported,,category_total,Total Servers Removed,,845,count,14,2025-q3-discord-inc.pdf
New York,GBS 1102 (S895B),discord-inc,2025 Q3,harassment,(D) Harassment,reported,,category_total,Account Action Reason,Appeals Granted,94,count,15,2025-q3-discord-inc.pdf
New York,GBS 1102 (S895B),discord-inc,2025 Q3,harassment,(D) Harassment,reported,,category_total,Account Action Reason,Appeals Submitted,31836,count,15,2025-q3-discord-inc.pdf
New York,GBS 1102 (S895B),discord-inc,2025 Q3,harassment,(D) Harassment,reported,,category_total,Accounts Disabled,,1429,count,13,2025-q3-discord-inc.pdf
New York,GBS 1102 (S895B),discord-inc,2025 Q3,harassment,(D) Harassment,reported,,category_total,Individual Accounts Warned,,24441,count,12,2025-q3-discord-inc.pdf
New York,GBS 1102 (S895B),discord-inc,2025 Q3,harassment,(D) Harassment,reported,,category_total,Server Member Warnings,,662,count,13,2025-q3-discord-inc.pdf
New York,GBS 1102 (S895B),discord-inc,2025 Q3,harassment,(D) Harassment,reported,,category_total,Servers Removed Proactively,,423,count,13,2025-q3-discord-inc.pdf
New York,GBS 1102 (S895B),discord-inc,2025 Q3,harassment,(D) Harassment,reported,,category_total,Servers Removed Reactively,,182,count,14,2025-q3-discord-inc.pdf
New York,GBS 1102 (S895B),discord-inc,2025 Q3,harassment,(D) Harassment,reported,,category_total,Servers Warned,,130,count,13,2025-q3-discord-inc.pdf
New York,GBS 1102 (S895B),discord-inc,2025 Q3,harassment,(D) Harassment,reported,,category_total,Total Servers Removed,,605,count,14,2025-q3-discord-inc.pdf
New York,GBS 1102 (S895B),discord-inc,2025 Q3,hate_speech_or_racism,(A) Hate speech or racism,reported,,category_total,Account Action Reason,Appeals Granted,644,count,15,2025-q3-discord-inc.pdf
New York,GBS 1102 (S895B),discord-inc,2025 Q3,hate_speech_or_racism,(A) Hate speech or racism,reported,,category_total,Account Action Reason,Appeals Submitted,10742,count,15,2025-q3-discord-inc.pdf
New York,GBS 1102 (S895B),discord-inc,2025 Q3,hate_speech_or_racism,(A) Hate speech or racism,reported,,category_total,Accounts Disabled,,279,count,13,2025-q3-discord-inc.pdf
New York,GBS 1102 (S895B),discord-inc,2025 Q3,hate_speech_or_racism,(A) Hate speech or racism,reported,,category_total,Individual Accounts Warned,,47795,count,12,2025-q3-discord-inc.pdf
New York,GBS 1102 (S895B),discord-inc,2025 Q3,hate_speech_or_racism,(A) Hate speech or racism,reported,,category_total,Server Member Warnings,,1164,count,13,2025-q3-discord-inc.pdf
New York,GBS 1102 (S895B),discord-inc,2025 Q3,hate_speech_or_racism,(A) Hate speech or racism,reported,,category_total,Servers Removed Proactively,,174,count,13,2025-q3-discord-inc.pdf
New York,GBS 1102 (S895B),discord-inc,2025 Q3,hate_speech_or_racism,(A) Hate speech or racism,reported,,category_total,Servers Removed Reactively,,22,count,14,2025-q3-discord-inc.pdf
New York,GBS 1102 (S895B),discord-inc,2025 Q3,hate_speech_or_racism,(A) Hate speech or racism,reported,,category_total,Servers Warned,,926,count,13,2025-q3-discord-inc.pdf
New York,GBS 1102 (S895B),discord-inc,2025 Q3,hate_speech_or_racism,(A) Hate speech or racism,reported,,category_total,Total Servers Removed,,196,count,14,2025-q3-discord-inc.pdf
New York,GBS 1102 (S895B),linkedin-corporation,2025 Q3,disinformation_or_misinformation,False and misleading,reported,,category_total,,,11688655,count,7,2025-q3-linkedin-corporation.pdf
New York,GBS 1102 (S895B),linkedin-corporation,2025 Q3,disinformation_or_misinformation,False and misleading,reported,,category_total,,,303655,count,7,2025-q3-linkedin-corporation.pdf
New York,GBS 1102 (S895B),linkedin-corporation,2025 Q3,disinformation_or_misinformation,False and misleading,reported,,category_total,,,40,count,8,2025-q3-linkedin-corporation.pdf
New York,GBS 1102 (S895B),linkedin-corporation,2025 Q3,disinformation_or_misinformation,False and misleading,reported,,category_total,,,576,count,8,2025-q3-linkedin-corporation.pdf
New York,GBS 1102 (S895B),linkedin-corporation,2025 Q3,disinformation_or_misinformation,False and misleading,reported,,category_total,,,7661,count,7,2025-q3-linkedin-corporation.pdf
New York,GBS 1102 (S895B),linkedin-corporation,2025 Q3,disinformation_or_misinformation,False and misleading,reported,,category_total,,Number of viewers,5551045,count,7,2025-q3-linkedin-corporation.pdf
New York,GBS 1102 (S895B),linkedin-corporation,2025 Q3,disinformation_or_misinformation,False and misleading,reported,,category_total,LinkedIn Policy5,,16601,count,7,2025-q3-linkedin-corporation.pdf
New York,GBS 1102 (S895B),linkedin-corporation,2025 Q3,disinformation_or_misinformation,False and misleading,reported,,category_total,LinkedIn Policy5,Number of actioned items of content,45156,count,7,2025-q3-linkedin-corporation.pdf
New York,GBS 1102 (S895B),linkedin-corporation,2025 Q3,disinformation_or_misinformation,False and misleading,reported,,category_total,LinkedIn Policy5,Number of items of content where LinkedIn applied Action 1,28555,count,7,2025-q3-linkedin-corporation.pdf
New York,GBS 1102 (S895B),linkedin-corporation,2025 Q3,extremism_or_radicalization,Dangerous organizations or individuals,reported,,category_total,,,1,count,8,2025-q3-linkedin-corporation.pdf
New York,GBS 1102 (S895B),linkedin-corporation,2025 Q3,extremism_or_radicalization,Dangerous organizations or individuals,reported,,category_total,,,226,count,7,2025-q3-linkedin-corporation.pdf
New York,GBS 1102 (S895B),linkedin-corporation,2025 Q3,extremism_or_radicalization,Dangerous organizations or individuals,reported,,category_total,,,47006,count,7,2025-q3-linkedin-corporation.pdf
New York,GBS 1102 (S895B),linkedin-corporation,2025 Q3,extremism_or_radicalization,Dangerous organizations or individuals,reported,,category_total,,,564810,count,7,2025-q3-linkedin-corporation.pdf
New York,GBS 1102 (S895B),linkedin-corporation,2025 Q3,extremism_or_radicalization,Dangerous organizations or individuals,reported,,category_total,,,77,count,8,2025-q3-linkedin-corporation.pdf
New York,GBS 1102 (S895B),linkedin-corporation,2025 Q3,extremism_or_radicalization,Dangerous organizations or individuals,reported,,category_total,,Number of viewers,6795042,count,7,2025-q3-linkedin-corporation.pdf
New York,GBS 1102 (S895B),linkedin-corporation,2025 Q3,extremism_or_radicalization,Dangerous organizations or individuals,reported,,category_total,LinkedIn Policy5,,0,count,7,2025-q3-linkedin-corporation.pdf
New York,GBS 1102 (S895B),linkedin-corporation,2025 Q3,extremism_or_radicalization,Dangerous organizations or individuals,reported,,category_total,LinkedIn Policy5,Number of actioned items of content,2100,count,7,2025-q3-linkedin-corporation.pdf
New York,GBS 1102 (S895B),linkedin-corporation,2025 Q3,extremism_or_radicalization,Dangerous organizations or individuals,reported,,category_total,LinkedIn Policy5,Number of items of content where LinkedIn applied Action 1,2100,count,7,2025-q3-linkedin-corporation.pdf
New York,GBS 1102 (S895B),linkedin-corporation,2025 Q3,harassment,Harassment,reported,,category_total,,,109394,count,7,2025-q3-linkedin-corporation.pdf
New York,GBS 1102 (S895B),linkedin-corporation,2025 Q3,harassment,Harassment,reported,,category_total,,,11,count,8,2025-q3-linkedin-corporation.pdf
New York,GBS 1102 (S895B),linkedin-corporation,2025 Q3,harassment,Harassment,reported,,category_total,,,1272,count,8,2025-q3-linkedin-corporation.pdf
New York,GBS 1102 (S895B),linkedin-corporation,2025 Q3,harassment,Harassment,reported,,category_total,,,402,count,7,2025-q3-linkedin-corporation.pdf
New York,GBS 1102 (S895B),linkedin-corporation,2025 Q3,harassment,Harassment,reported,,category_total,,,4500143,count,7,2025-q3-linkedin-corporation.pdf
New York,GBS 1102 (S895B),linkedin-corporation,2025 Q3,harassment,Harassment,reported,,category_total,,Number of viewers,2382676,count,7,2025-q3-linkedin-corporation.pdf
New York,GBS 1102 (S895B),linkedin-corporation,2025 Q3,harassment,Harassment,reported,,category_total,LinkedIn Policy5,,0,count,7,2025-q3-linkedin-corporation.pdf
New York,GBS 1102 (S895B),linkedin-corporation,2025 Q3,harassment,Harassment,reported,,category_total,LinkedIn Policy5,Number of actioned items of content,30359,count,7,2025-q3-linkedin-corporation.pdf
New York,GBS 1102 (S895B),linkedin-corporation,2025 Q3,harassment,Harassment,reported,,category_total,LinkedIn Policy5,Number of items of content where LinkedIn applied Action 1,30359,count,7,2025-q3-linkedin-corporation.pdf
New York,GBS 1102 (S895B),linkedin-corporation,2025 Q3,hate_speech_or_racism,Hateful and derogatory,reported,,category_total,,,12393945,count,7,2025-q3-linkedin-corporation.pdf
New York,GBS 1102 (S895B),linkedin-corporation,2025 Q3,hate_speech_or_racism,Hateful and derogatory,reported,,category_total,,,161,count,8,2025-q3-linkedin-corporation.pdf
New York,GBS 1102 (S895B),linkedin-corporation,2025 Q3,hate_speech_or_racism,Hateful and derogatory,reported,,category_total,,,277925,count,7,2025-q3-linkedin-corporation.pdf
New York,GBS 1102 (S895B),linkedin-corporation,2025 Q3,hate_speech_or_racism,Hateful and derogatory,reported,,category_total,,,5559,count,7,2025-q3-linkedin-corporation.pdf
New York,GBS 1102 (S895B),linkedin-corporation,2025 Q3,hate_speech_or_racism,Hateful and derogatory,reported,,category_total,,,6051,count,8,2025-q3-linkedin-corporation.pdf
New York,GBS 1102 (S895B),linkedin-corporation,2025 Q3,hate_speech_or_racism,Hateful and derogatory,reported,,category_total,,Number of viewers,6220983,count,7,2025-q3-linkedin-corporation.pdf
New York,GBS 1102 (S895B),linkedin-corporation,2025 Q3,hate_speech_or_racism,Hateful and derogatory,reported,,category_total,LinkedIn Policy5,,0,count,7,2025-q3-linkedin-corporation.pdf
New York,GBS 1102 (S895B),linkedin-corporation,2025 Q3,hate_speech_or_racism,Hateful and derogatory,reported,,category_total,LinkedIn Policy5,Number of actioned items of content,111857,count,7,2025-q3-linkedin-corporation.pdf
New York,GBS 1102 (S895B),linkedin-corporation,2025 Q3,hate_speech_or_racism,Hateful and derogatory,reported,,category_total,LinkedIn Policy5,Number of items of content where LinkedIn applied Action 1,111857,count,7,2025-q3-linkedin-corporation.pdf
New York,GBS 1102 (S895B),naver-corporation,2025 Q3,hate_speech_or_racism,Hate Speech,reported,,category_total,_ CATEGORY,2025 3Q,25,count,10,2025-q3-naver-corporation.pdf
New York,GBS 1102 (S895B),naver-corporation,2025 Q3,hate_speech_or_racism,Hate Speech,reported,,category_total,_ CATEGORY,2025 3Q,523,count,9,2025-q3-naver-corporation.pdf
New York,GBS 1102 (S895B),reddit-inc,2025 Q3,extremism_or_radicalization,Terrorism,reported,,category_total,Sanction Type,% of appeals that resulted in a reversal of action,0.5,percent,7,2025-q3-reddit-inc.pdf
New York,GBS 1102 (S895B),reddit-inc,2025 Q3,extremism_or_radicalization,Terrorism,reported,,category_total,Sanction Type,% of appeals that resulted in a reversal of action,0.5,percent,7,2025-q3-reddit-inc.pdf
New York,GBS 1102 (S895B),reddit-inc,2025 Q3,extremism_or_radicalization,Terrorism,reported,,category_total,Sanction Type,Appeals Volume,364,count,7,2025-q3-reddit-inc.pdf
New York,GBS 1102 (S895B),reddit-inc,2025 Q3,extremism_or_radicalization,Terrorism,reported,,category_total,Sanction Type,Appeals Volume,372,count,7,2025-q3-reddit-inc.pdf
New York,GBS 1102 (S895B),reddit-inc,2025 Q3,extremism_or_radicalization,Terrorism,reported,,category_total,Violation Type,Actionability (reported/falgged vs. removed),48.0,percent,6,2025-q3-reddit-inc.pdf
New York,GBS 1102 (S895B),reddit-inc,2025 Q3,extremism_or_radicalization,Terrorism,reported,,category_total,Violation Type,Flagged by Reddit automation,81.0,percent,6,2025-q3-reddit-inc.pdf
New York,GBS 1102 (S895B),reddit-inc,2025 Q3,extremism_or_radicalization,Terrorism,reported,,category_total,Violation Type,User Reports,19.0,percent,6,2025-q3-reddit-inc.pdf
New York,GBS 1102 (S895B),reddit-inc,2025 Q3,extremism_or_radicalization,Terrorism,reported,,category_total,Violation Type,Volume,980,count,6,2025-q3-reddit-inc.pdf
New York,GBS 1102 (S895B),reddit-inc,2025 Q3,harassment,Harassment,reported,,category_total,Sanction Type,% of appeals that resulted in a reversal of action,25.0,percent,7,2025-q3-reddit-inc.pdf
New York,GBS 1102 (S895B),reddit-inc,2025 Q3,harassment,Harassment,reported,,category_total,Sanction Type,% of appeals that resulted in a reversal of action,40.7,percent,7,2025-q3-reddit-inc.pdf
New York,GBS 1102 (S895B),reddit-inc,2025 Q3,harassment,Harassment,reported,,category_total,Sanction Type,Appeals Volume,48970,count,7,2025-q3-reddit-inc.pdf
New York,GBS 1102 (S895B),reddit-inc,2025 Q3,harassment,Harassment,reported,,category_total,Sanction Type,Appeals Volume,71114,count,7,2025-q3-reddit-inc.pdf
New York,GBS 1102 (S895B),reddit-inc,2025 Q3,harassment,Harassment,reported,,category_total,Violation Type,Actionability (reported/falgged vs. removed),0.6,percent,6,2025-q3-reddit-inc.pdf
New York,GBS 1102 (S895B),reddit-inc,2025 Q3,harassment,Harassment,reported,,category_total,Violation Type,Flagged by Reddit automation,58.6,percent,6,2025-q3-reddit-inc.pdf
New York,GBS 1102 (S895B),reddit-inc,2025 Q3,harassment,Harassment,reported,,category_total,Violation Type,User Reports,41.4,percent,6,2025-q3-reddit-inc.pdf
New York,GBS 1102 (S895B),reddit-inc,2025 Q3,harassment,Harassment,reported,,category_total,Violation Type,Volume,68550,count,6,2025-q3-reddit-inc.pdf
New York,GBS 1102 (S895B),reddit-inc,2025 Q3,hate_speech_or_racism,Hateful content,reported,,category_total,Sanction Type,% of appeals that resulted in a reversal of action,27.6,percent,7,2025-q3-reddit-inc.pdf
New York,GBS 1102 (S895B),reddit-inc,2025 Q3,hate_speech_or_racism,Hateful content,reported,,category_total,Sanction Type,% of appeals that resulted in a reversal of action,30.0,percent,7,2025-q3-reddit-inc.pdf
New York,GBS 1102 (S895B),reddit-inc,2025 Q3,hate_speech_or_racism,Hateful content,reported,,category_total,Sanction Type,Appeals Volume,40987,count,7,2025-q3-reddit-inc.pdf
New York,GBS 1102 (S895B),reddit-inc,2025 Q3,hate_speech_or_racism,Hateful content,reported,,category_total,Sanction Type,Appeals Volume,53021,count,7,2025-q3-reddit-inc.pdf
New York,GBS 1102 (S895B),reddit-inc,2025 Q3,hate_speech_or_racism,Hateful content,reported,,category_total,Violation Type,Actionability (reported/falgged vs. removed),0.9,percent,6,2025-q3-reddit-inc.pdf
New York,GBS 1102 (S895B),reddit-inc,2025 Q3,hate_speech_or_racism,Hateful content,reported,,category_total,Violation Type,Flagged by Reddit automation,77.2,percent,6,2025-q3-reddit-inc.pdf
New York,GBS 1102 (S895B),reddit-inc,2025 Q3,hate_speech_or_racism,Hateful content,reported,,category_total,Violation Type,User Reports,22.8,percent,6,2025-q3-reddit-inc.pdf
New York,GBS 1102 (S895B),reddit-inc,2025 Q3,hate_speech_or_racism,Hateful content,reported,,category_total,Violation Type,Volume,98798,count,6,2025-q3-reddit-inc.pdf
New York,GBS 1102 (S895B),roblox-corporation,2025 Q3,extremism_or_radicalization,Terrorism and Violent Extremism,reported,,category_total,Violation Category → Actions With User Consequences,Actions With User Consequences,286,count,7,2025-q3-roblox-corporation.pdf
New York,GBS 1102 (S895B),roblox-corporation,2025 Q3,extremism_or_radicalization,Terrorism and Violent Extremism,reported,,category_total,Violation Category → Approved Appeals / Total Appeals,Approved Appeals,7056,count,10,2025-q3-roblox-corporation.pdf
New York,GBS 1102 (S895B),roblox-corporation,2025 Q3,extremism_or_radicalization,Terrorism and Violent Extremism,reported,,category_total,Violation Category → Approved Appeals / Total Appeals,Total Appeals,20089,count,10,2025-q3-roblox-corporation.pdf
New York,GBS 1102 (S895B),roblox-corporation,2025 Q3,extremism_or_radicalization,Terrorism and Violent Extremism,reported,,category_total,Violation Category → Content Removed,Content Removed,14037,count,9,2025-q3-roblox-corporation.pdf
New York,GBS 1102 (S895B),roblox-corporation,2025 Q3,extremism_or_radicalization,Terrorism and Violent Extremism,reported,,category_total,Violation Category → Total Actions,Total Actions,14226,count,5,2025-q3-roblox-corporation.pdf
New York,GBS 1102 (S895B),roblox-corporation,2025 Q3,extremism_or_radicalization,Terrorism and Violent Extremism,reported,,category_total,Violation Category → Total Flagged,Total Flagged,14226,count,4,2025-q3-roblox-corporation.pdf
New York,GBS 1102 (S895B),roblox-corporation,2025 Q3,harassment,"Threats, Bullying & Harassment",reported,,category_total,Violation Category → Actions With User Consequences,Actions With User Consequences,16449409,count,7,2025-q3-roblox-corporation.pdf
New York,GBS 1102 (S895B),roblox-corporation,2025 Q3,harassment,"Threats, Bullying & Harassment",reported,,category_total,Violation Category → Content Removed,Content Removed,96969,count,9,2025-q3-roblox-corporation.pdf
New York,GBS 1102 (S895B),roblox-corporation,2025 Q3,harassment,"Threats, Bullying & Harassment",reported,,category_total,Violation Category → Total Actions,Total Actions,16514670,count,5,2025-q3-roblox-corporation.pdf
New York,GBS 1102 (S895B),roblox-corporation,2025 Q3,harassment,"Threats, Bullying, and Harassment",reported,,category_total,Violation Category → Approved Appeals / Total Appeals,Approved Appeals,342452,count,10,2025-q3-roblox-corporation.pdf
New York,GBS 1102 (S895B),roblox-corporation,2025 Q3,harassment,"Threats, Bullying, and Harassment",reported,,category_total,Violation Category → Approved Appeals / Total Appeals,Total Appeals,3979194,count,10,2025-q3-roblox-corporation.pdf
New York,GBS 1102 (S895B),roblox-corporation,2025 Q3,harassment,"Threats, Bullying, and Harassment",reported,,category_total,Violation Category → Total Flagged,Total Flagged,16514670,count,4,2025-q3-roblox-corporation.pdf
New York,GBS 1102 (S895B),roblox-corporation,2025 Q3,hate_speech_or_racism,"Discrimination, Slurs, and Hate Speech",reported,,category_total,Violation Category → Actions With User Consequences,Actions With User Consequences,3393157,count,7,2025-q3-roblox-corporation.pdf
New York,GBS 1102 (S895B),roblox-corporation,2025 Q3,hate_speech_or_racism,"Discrimination, Slurs, and Hate Speech",reported,,category_total,Violation Category → Approved Appeals / Total Appeals,Approved Appeals,81350,count,10,2025-q3-roblox-corporation.pdf
New York,GBS 1102 (S895B),roblox-corporation,2025 Q3,hate_speech_or_racism,"Discrimination, Slurs, and Hate Speech",reported,,category_total,Violation Category → Approved Appeals / Total Appeals,Total Appeals,582318,count,10,2025-q3-roblox-corporation.pdf
New York,GBS 1102 (S895B),roblox-corporation,2025 Q3,hate_speech_or_racism,"Discrimination, Slurs, and Hate Speech",reported,,category_total,Violation Category → Content Removed,Content Removed,206530,count,9,2025-q3-roblox-corporation.pdf
New York,GBS 1102 (S895B),roblox-corporation,2025 Q3,hate_speech_or_racism,"Discrimination, Slurs, and Hate Speech",reported,,category_total,Violation Category → Total Actions,Total Actions,3419816,count,5,2025-q3-roblox-corporation.pdf
New York,GBS 1102 (S895B),roblox-corporation,2025 Q3,hate_speech_or_racism,"Discrimination, Slurs, and Hate Speech",reported,,category_total,Violation Category → Total Flagged,Total Flagged,3419816,count,4,2025-q3-roblox-corporation.pdf
New York,GBS 1102 (S895B),snap-inc,2025 Q3,disinformation_or_misinformation,False Information,reported,,category_total,human_report,accounts_enforced_automated,593,count,4,2025-q3-snap-inc.pdf
New York,GBS 1102 (S895B),snap-inc,2025 Q3,disinformation_or_misinformation,False Information,reported,,category_total,human_report,accounts_enforced_human,113,count,4,2025-q3-snap-inc.pdf
New York,GBS 1102 (S895B),snap-inc,2025 Q3,disinformation_or_misinformation,False Information,reported,,category_total,human_report,content_enforced_automated,593,count,4,2025-q3-snap-inc.pdf
New York,GBS 1102 (S895B),snap-inc,2025 Q3,disinformation_or_misinformation,False Information,reported,,category_total,human_report,content_enforced_human,145,count,4,2025-q3-snap-inc.pdf
New York,GBS 1102 (S895B),snap-inc,2025 Q3,disinformation_or_misinformation,False Information,reported,,category_total,human_report,flagged_total,386210,count,4,2025-q3-snap-inc.pdf
New York,GBS 1102 (S895B),snap-inc,2025 Q3,disinformation_or_misinformation,False Information,reported,,category_total,human_report,lock_appeals_automated,0,count,4,2025-q3-snap-inc.pdf
New York,GBS 1102 (S895B),snap-inc,2025 Q3,disinformation_or_misinformation,False Information,reported,,category_total,human_report,lock_appeals_human,1,count,4,2025-q3-snap-inc.pdf
New York,GBS 1102 (S895B),snap-inc,2025 Q3,disinformation_or_misinformation,False Information,reported,,category_total,human_report,reinstated_automated,0,count,4,2025-q3-snap-inc.pdf
New York,GBS 1102 (S895B),snap-inc,2025 Q3,disinformation_or_misinformation,False Information,reported,,category_total,human_report,reinstated_human,0,count,4,2025-q3-snap-inc.pdf
New York,GBS 1102 (S895B),snap-inc,2025 Q3,disinformation_or_misinformation,False Information,reported,,category_total,human_report,unique_viewer_rate_automated_pct,0.0,percent,4,2025-q3-snap-inc.pdf
New York,GBS 1102 (S895B),snap-inc,2025 Q3,disinformation_or_misinformation,False Information,reported,,category_total,human_report,unique_viewer_rate_human_pct,0.01,percent,4,2025-q3-snap-inc.pdf
New York,GBS 1102 (S895B),snap-inc,2025 Q3,disinformation_or_misinformation,False Information,reported,,category_total,human_report,vvr_automated_pct,0.0,percent,4,2025-q3-snap-inc.pdf
New York,GBS 1102 (S895B),snap-inc,2025 Q3,disinformation_or_misinformation,False Information,reported,,category_total,human_report,vvr_human_pct,3e-06,percent,4,2025-q3-snap-inc.pdf
New York,GBS 1102 (S895B),snap-inc,2025 Q3,disinformation_or_misinformation,False Information,reported,,category_total,proactive_detection,accounts_enforced_automated,0,count,4,2025-q3-snap-inc.pdf
New York,GBS 1102 (S895B),snap-inc,2025 Q3,disinformation_or_misinformation,False Information,reported,,category_total,proactive_detection,accounts_enforced_human,10,count,4,2025-q3-snap-inc.pdf
New York,GBS 1102 (S895B),snap-inc,2025 Q3,disinformation_or_misinformation,False Information,reported,,category_total,proactive_detection,content_enforced_automated,0,count,4,2025-q3-snap-inc.pdf
New York,GBS 1102 (S895B),snap-inc,2025 Q3,disinformation_or_misinformation,False Information,reported,,category_total,proactive_detection,content_enforced_human,10,count,4,2025-q3-snap-inc.pdf
New York,GBS 1102 (S895B),snap-inc,2025 Q3,disinformation_or_misinformation,False Information,reported,,category_total,proactive_detection,flagged_total,262,count,4,2025-q3-snap-inc.pdf
New York,GBS 1102 (S895B),snap-inc,2025 Q3,disinformation_or_misinformation,False Information,reported,,category_total,proactive_detection,lock_appeals_automated,0,count,4,2025-q3-snap-inc.pdf
New York,GBS 1102 (S895B),snap-inc,2025 Q3,disinformation_or_misinformation,False Information,reported,,category_total,proactive_detection,lock_appeals_human,1,count,4,2025-q3-snap-inc.pdf
New York,GBS 1102 (S895B),snap-inc,2025 Q3,disinformation_or_misinformation,False Information,reported,,category_total,proactive_detection,reinstated_automated,0,count,4,2025-q3-snap-inc.pdf
New York,GBS 1102 (S895B),snap-inc,2025 Q3,disinformation_or_misinformation,False Information,reported,,category_total,proactive_detection,reinstated_human,0,count,4,2025-q3-snap-inc.pdf
New York,GBS 1102 (S895B),snap-inc,2025 Q3,disinformation_or_misinformation,False Information,reported,,category_total,proactive_detection,unique_viewer_rate_automated_pct,0.0,percent,4,2025-q3-snap-inc.pdf
New York,GBS 1102 (S895B),snap-inc,2025 Q3,disinformation_or_misinformation,False Information,reported,,category_total,proactive_detection,unique_viewer_rate_human_pct,0.0,percent,4,2025-q3-snap-inc.pdf
New York,GBS 1102 (S895B),snap-inc,2025 Q3,disinformation_or_misinformation,False Information,reported,,category_total,proactive_detection,vvr_automated_pct,0.0,percent,4,2025-q3-snap-inc.pdf
New York,GBS 1102 (S895B),snap-inc,2025 Q3,disinformation_or_misinformation,False Information,reported,,category_total,proactive_detection,vvr_human_pct,0.0,percent,4,2025-q3-snap-inc.pdf
New York,GBS 1102 (S895B),snap-inc,2025 Q3,extremism_or_radicalization,Terrorism & Violent Extremism,reported,,category_total,human_report,accounts_enforced_automated,54,count,4,2025-q3-snap-inc.pdf
New York,GBS 1102 (S895B),snap-inc,2025 Q3,extremism_or_radicalization,Terrorism & Violent Extremism,reported,,category_total,human_report,accounts_enforced_human,468,count,4,2025-q3-snap-inc.pdf
New York,GBS 1102 (S895B),snap-inc,2025 Q3,extremism_or_radicalization,Terrorism & Violent Extremism,reported,,category_total,human_report,content_enforced_automated,54,count,4,2025-q3-snap-inc.pdf
New York,GBS 1102 (S895B),snap-inc,2025 Q3,extremism_or_radicalization,Terrorism & Violent Extremism,reported,,category_total,human_report,content_enforced_human,559,count,4,2025-q3-snap-inc.pdf
New York,GBS 1102 (S895B),snap-inc,2025 Q3,extremism_or_radicalization,Terrorism & Violent Extremism,reported,,category_total,human_report,flagged_total,199245,count,4,2025-q3-snap-inc.pdf
New York,GBS 1102 (S895B),snap-inc,2025 Q3,extremism_or_radicalization,Terrorism & Violent Extremism,reported,,category_total,human_report,lock_appeals_automated,0,count,4,2025-q3-snap-inc.pdf
New York,GBS 1102 (S895B),snap-inc,2025 Q3,extremism_or_radicalization,Terrorism & Violent Extremism,reported,,category_total,human_report,lock_appeals_human,199,count,4,2025-q3-snap-inc.pdf
New York,GBS 1102 (S895B),snap-inc,2025 Q3,extremism_or_radicalization,Terrorism & Violent Extremism,reported,,category_total,human_report,reinstated_automated,0,count,4,2025-q3-snap-inc.pdf
New York,GBS 1102 (S895B),snap-inc,2025 Q3,extremism_or_radicalization,Terrorism & Violent Extremism,reported,,category_total,human_report,reinstated_human,1,count,4,2025-q3-snap-inc.pdf
New York,GBS 1102 (S895B),snap-inc,2025 Q3,extremism_or_radicalization,Terrorism & Violent Extremism,reported,,category_total,human_report,unique_viewer_rate_automated_pct,0.0,percent,4,2025-q3-snap-inc.pdf
New York,GBS 1102 (S895B),snap-inc,2025 Q3,extremism_or_radicalization,Terrorism & Violent Extremism,reported,,category_total,human_report,unique_viewer_rate_human_pct,0.07,percent,4,2025-q3-snap-inc.pdf
New York,GBS 1102 (S895B),snap-inc,2025 Q3,extremism_or_radicalization,Terrorism & Violent Extremism,reported,,category_total,human_report,vvr_automated_pct,0.0,percent,4,2025-q3-snap-inc.pdf
New York,GBS 1102 (S895B),snap-inc,2025 Q3,extremism_or_radicalization,Terrorism & Violent Extremism,reported,,category_total,human_report,vvr_human_pct,3.7e-05,percent,4,2025-q3-snap-inc.pdf
New York,GBS 1102 (S895B),snap-inc,2025 Q3,extremism_or_radicalization,Terrorism & Violent Extremism,reported,,category_total,proactive_detection,accounts_enforced_automated,0,count,4,2025-q3-snap-inc.pdf
New York,GBS 1102 (S895B),snap-inc,2025 Q3,extremism_or_radicalization,Terrorism & Violent Extremism,reported,,category_total,proactive_detection,accounts_enforced_human,3754,count,4,2025-q3-snap-inc.pdf
New York,GBS 1102 (S895B),snap-inc,2025 Q3,extremism_or_radicalization,Terrorism & Violent Extremism,reported,,category_total,proactive_detection,content_enforced_automated,0,count,4,2025-q3-snap-inc.pdf
New York,GBS 1102 (S895B),snap-inc,2025 Q3,extremism_or_radicalization,Terrorism & Violent Extremism,reported,,category_total,proactive_detection,content_enforced_human,5901,count,4,2025-q3-snap-inc.pdf
New York,GBS 1102 (S895B),snap-inc,2025 Q3,extremism_or_radicalization,Terrorism & Violent Extremism,reported,,category_total,proactive_detection,flagged_total,12240,count,4,2025-q3-snap-inc.pdf
New York,GBS 1102 (S895B),snap-inc,2025 Q3,extremism_or_radicalization,Terrorism & Violent Extremism,reported,,category_total,proactive_detection,lock_appeals_automated,38,count,4,2025-q3-snap-inc.pdf
New York,GBS 1102 (S895B),snap-inc,2025 Q3,extremism_or_radicalization,Terrorism & Violent Extremism,reported,,category_total,proactive_detection,lock_appeals_human,11,count,4,2025-q3-snap-inc.pdf
New York,GBS 1102 (S895B),snap-inc,2025 Q3,extremism_or_radicalization,Terrorism & Violent Extremism,reported,,category_total,proactive_detection,reinstated_automated,6,count,4,2025-q3-snap-inc.pdf
New York,GBS 1102 (S895B),snap-inc,2025 Q3,extremism_or_radicalization,Terrorism & Violent Extremism,reported,,category_total,proactive_detection,reinstated_human,1,count,4,2025-q3-snap-inc.pdf
New York,GBS 1102 (S895B),snap-inc,2025 Q3,extremism_or_radicalization,Terrorism & Violent Extremism,reported,,category_total,proactive_detection,unique_viewer_rate_automated_pct,0.0,percent,4,2025-q3-snap-inc.pdf
New York,GBS 1102 (S895B),snap-inc,2025 Q3,extremism_or_radicalization,Terrorism & Violent Extremism,reported,,category_total,proactive_detection,unique_viewer_rate_human_pct,0.0,percent,4,2025-q3-snap-inc.pdf
New York,GBS 1102 (S895B),snap-inc,2025 Q3,extremism_or_radicalization,Terrorism & Violent Extremism,reported,,category_total,proactive_detection,vvr_automated_pct,0.0,percent,4,2025-q3-snap-inc.pdf
New York,GBS 1102 (S895B),snap-inc,2025 Q3,extremism_or_radicalization,Terrorism & Violent Extremism,reported,,category_total,proactive_detection,vvr_human_pct,0.0,percent,4,2025-q3-snap-inc.pdf
New York,GBS 1102 (S895B),snap-inc,2025 Q3,harassment,Harassment,reported,,category_total,human_report,accounts_enforced_automated,491972,count,4,2025-q3-snap-inc.pdf
New York,GBS 1102 (S895B),snap-inc,2025 Q3,harassment,Harassment,reported,,category_total,human_report,accounts_enforced_human,624142,count,4,2025-q3-snap-inc.pdf
New York,GBS 1102 (S895B),snap-inc,2025 Q3,harassment,Harassment,reported,,category_total,human_report,content_enforced_automated,604798,count,4,2025-q3-snap-inc.pdf
New York,GBS 1102 (S895B),snap-inc,2025 Q3,harassment,Harassment,reported,,category_total,human_report,content_enforced_human,756736,count,4,2025-q3-snap-inc.pdf
New York,GBS 1102 (S895B),snap-inc,2025 Q3,harassment,Harassment,reported,,category_total,human_report,flagged_total,3184734,count,4,2025-q3-snap-inc.pdf
New York,GBS 1102 (S895B),snap-inc,2025 Q3,harassment,Harassment,reported,,category_total,human_report,lock_appeals_automated,0,count,4,2025-q3-snap-inc.pdf
New York,GBS 1102 (S895B),snap-inc,2025 Q3,harassment,Harassment,reported,,category_total,human_report,lock_appeals_human,700,count,4,2025-q3-snap-inc.pdf
New York,GBS 1102 (S895B),snap-inc,2025 Q3,harassment,Harassment,reported,,category_total,human_report,reinstated_automated,0,count,4,2025-q3-snap-inc.pdf
New York,GBS 1102 (S895B),snap-inc,2025 Q3,harassment,Harassment,reported,,category_total,human_report,reinstated_human,17,count,4,2025-q3-snap-inc.pdf
New York,GBS 1102 (S895B),snap-inc,2025 Q3,harassment,Harassment,reported,,category_total,human_report,unique_viewer_rate_automated_pct,0.35,percent,4,2025-q3-snap-inc.pdf
New York,GBS 1102 (S895B),snap-inc,2025 Q3,harassment,Harassment,reported,,category_total,human_report,unique_viewer_rate_human_pct,1.93,percent,4,2025-q3-snap-inc.pdf
New York,GBS 1102 (S895B),snap-inc,2025 Q3,harassment,Harassment,reported,,category_total,human_report,vvr_automated_pct,0.000168,percent,4,2025-q3-snap-inc.pdf
New York,GBS 1102 (S895B),snap-inc,2025 Q3,harassment,Harassment,reported,,category_total,human_report,vvr_human_pct,0.001135,percent,4,2025-q3-snap-inc.pdf
New York,GBS 1102 (S895B),snap-inc,2025 Q3,harassment,Harassment,reported,,category_total,proactive_detection,accounts_enforced_automated,1428,count,4,2025-q3-snap-inc.pdf
New York,GBS 1102 (S895B),snap-inc,2025 Q3,harassment,Harassment,reported,,category_total,proactive_detection,accounts_enforced_human,7670,count,4,2025-q3-snap-inc.pdf
New York,GBS 1102 (S895B),snap-inc,2025 Q3,harassment,Harassment,reported,,category_total,proactive_detection,content_enforced_automated,1583,count,4,2025-q3-snap-inc.pdf
New York,GBS 1102 (S895B),snap-inc,2025 Q3,harassment,Harassment,reported,,category_total,proactive_detection,content_enforced_human,8972,count,4,2025-q3-snap-inc.pdf
New York,GBS 1102 (S895B),snap-inc,2025 Q3,harassment,Harassment,reported,,category_total,proactive_detection,flagged_total,12293,count,4,2025-q3-snap-inc.pdf
New York,GBS 1102 (S895B),snap-inc,2025 Q3,harassment,Harassment,reported,,category_total,proactive_detection,lock_appeals_automated,13442,count,4,2025-q3-snap-inc.pdf
New York,GBS 1102 (S895B),snap-inc,2025 Q3,harassment,Harassment,reported,,category_total,proactive_detection,lock_appeals_human,17,count,4,2025-q3-snap-inc.pdf
New York,GBS 1102 (S895B),snap-inc,2025 Q3,harassment,Harassment,reported,,category_total,proactive_detection,reinstated_automated,97,count,4,2025-q3-snap-inc.pdf
New York,GBS 1102 (S895B),snap-inc,2025 Q3,harassment,Harassment,reported,,category_total,proactive_detection,reinstated_human,1,count,4,2025-q3-snap-inc.pdf
New York,GBS 1102 (S895B),snap-inc,2025 Q3,harassment,Harassment,reported,,category_total,proactive_detection,unique_viewer_rate_automated_pct,0.0,percent,4,2025-q3-snap-inc.pdf
New York,GBS 1102 (S895B),snap-inc,2025 Q3,harassment,Harassment,reported,,category_total,proactive_detection,unique_viewer_rate_human_pct,0.02,percent,4,2025-q3-snap-inc.pdf
New York,GBS 1102 (S895B),snap-inc,2025 Q3,harassment,Harassment,reported,,category_total,proactive_detection,vvr_automated_pct,0.0,percent,4,2025-q3-snap-inc.pdf
New York,GBS 1102 (S895B),snap-inc,2025 Q3,harassment,Harassment,reported,,category_total,proactive_detection,vvr_human_pct,7e-06,percent,4,2025-q3-snap-inc.pdf
New York,GBS 1102 (S895B),snap-inc,2025 Q3,hate_speech_or_racism,Hate Speech,reported,,category_total,human_report,accounts_enforced_automated,18343,count,4,2025-q3-snap-inc.pdf
New York,GBS 1102 (S895B),snap-inc,2025 Q3,hate_speech_or_racism,Hate Speech,reported,,category_total,human_report,accounts_enforced_human,123835,count,4,2025-q3-snap-inc.pdf
New York,GBS 1102 (S895B),snap-inc,2025 Q3,hate_speech_or_racism,Hate Speech,reported,,category_total,human_report,content_enforced_automated,20679,count,4,2025-q3-snap-inc.pdf
New York,GBS 1102 (S895B),snap-inc,2025 Q3,hate_speech_or_racism,Hate Speech,reported,,category_total,human_report,content_enforced_human,144389,count,4,2025-q3-snap-inc.pdf
New York,GBS 1102 (S895B),snap-inc,2025 Q3,hate_speech_or_racism,Hate Speech,reported,,category_total,human_report,flagged_total,482240,count,4,2025-q3-snap-inc.pdf
New York,GBS 1102 (S895B),snap-inc,2025 Q3,hate_speech_or_racism,Hate Speech,reported,,category_total,human_report,lock_appeals_automated,0,count,4,2025-q3-snap-inc.pdf
New York,GBS 1102 (S895B),snap-inc,2025 Q3,hate_speech_or_racism,Hate Speech,reported,,category_total,human_report,lock_appeals_human,94,count,4,2025-q3-snap-inc.pdf
New York,GBS 1102 (S895B),snap-inc,2025 Q3,hate_speech_or_racism,Hate Speech,reported,,category_total,human_report,reinstated_automated,0,count,4,2025-q3-snap-inc.pdf
New York,GBS 1102 (S895B),snap-inc,2025 Q3,hate_speech_or_racism,Hate Speech,reported,,category_total,human_report,reinstated_human,5,count,4,2025-q3-snap-inc.pdf
New York,GBS 1102 (S895B),snap-inc,2025 Q3,hate_speech_or_racism,Hate Speech,reported,,category_total,human_report,unique_viewer_rate_automated_pct,0.01,percent,4,2025-q3-snap-inc.pdf
New York,GBS 1102 (S895B),snap-inc,2025 Q3,hate_speech_or_racism,Hate Speech,reported,,category_total,human_report,unique_viewer_rate_human_pct,0.41,percent,4,2025-q3-snap-inc.pdf
New York,GBS 1102 (S895B),snap-inc,2025 Q3,hate_speech_or_racism,Hate Speech,reported,,category_total,human_report,vvr_automated_pct,4e-06,percent,4,2025-q3-snap-inc.pdf
New York,GBS 1102 (S895B),snap-inc,2025 Q3,hate_speech_or_racism,Hate Speech,reported,,category_total,human_report,vvr_human_pct,0.000205,percent,4,2025-q3-snap-inc.pdf
New York,GBS 1102 (S895B),snap-inc,2025 Q3,hate_speech_or_racism,Hate Speech,reported,,category_total,proactive_detection,accounts_enforced_automated,29,count,4,2025-q3-snap-inc.pdf
New York,GBS 1102 (S895B),snap-inc,2025 Q3,hate_speech_or_racism,Hate Speech,reported,,category_total,proactive_detection,accounts_enforced_human,2029,count,4,2025-q3-snap-inc.pdf
New York,GBS 1102 (S895B),snap-inc,2025 Q3,hate_speech_or_racism,Hate Speech,reported,,category_total,proactive_detection,content_enforced_automated,32,count,4,2025-q3-snap-inc.pdf
New York,GBS 1102 (S895B),snap-inc,2025 Q3,hate_speech_or_racism,Hate Speech,reported,,category_total,proactive_detection,content_enforced_human,2441,count,4,2025-q3-snap-inc.pdf
New York,GBS 1102 (S895B),snap-inc,2025 Q3,hate_speech_or_racism,Hate Speech,reported,,category_total,proactive_detection,flagged_total,3073,count,4,2025-q3-snap-inc.pdf
New York,GBS 1102 (S895B),snap-inc,2025 Q3,hate_speech_or_racism,Hate Speech,reported,,category_total,proactive_detection,lock_appeals_automated,1164,count,4,2025-q3-snap-inc.pdf
New York,GBS 1102 (S895B),snap-inc,2025 Q3,hate_speech_or_racism,Hate Speech,reported,,category_total,proactive_detection,lock_appeals_human,7,count,4,2025-q3-snap-inc.pdf
New York,GBS 1102 (S895B),snap-inc,2025 Q3,hate_speech_or_racism,Hate Speech,reported,,category_total,proactive_detection,reinstated_automated,15,count,4,2025-q3-snap-inc.pdf
New York,GBS 1102 (S895B),snap-inc,2025 Q3,hate_speech_or_racism,Hate Speech,reported,,category_total,proactive_detection,reinstated_human,1,count,4,2025-q3-snap-inc.pdf
New York,GBS 1102 (S895B),snap-inc,2025 Q3,hate_speech_or_racism,Hate Speech,reported,,category_total,proactive_detection,unique_viewer_rate_automated_pct,0.0,percent,4,2025-q3-snap-inc.pdf
New York,GBS 1102 (S895B),snap-inc,2025 Q3,hate_speech_or_racism,Hate Speech,reported,,category_total,proactive_detection,unique_viewer_rate_human_pct,0.0,percent,4,2025-q3-snap-inc.pdf
New York,GBS 1102 (S895B),snap-inc,2025 Q3,hate_speech_or_racism,Hate Speech,reported,,category_total,proactive_detection,vvr_automated_pct,0.0,percent,4,2025-q3-snap-inc.pdf
New York,GBS 1102 (S895B),snap-inc,2025 Q3,hate_speech_or_racism,Hate Speech,reported,,category_total,proactive_detection,vvr_human_pct,2e-06,percent,4,2025-q3-snap-inc.pdf
New York,GBS 1102 (S895B),strava-inc,2025 Q3,disinformation_or_misinformation,False or misleading information,reported,,category_total,actioned,actioned_by_employees,18,count,6,2025-q3-strava-inc.pdf
New York,GBS 1102 (S895B),strava-inc,2025 Q3,disinformation_or_misinformation,False or misleading information,reported,,category_total,actioned,actioned_by_technology,0,count,6,2025-q3-strava-inc.pdf
New York,GBS 1102 (S895B),strava-inc,2025 Q3,disinformation_or_misinformation,False or misleading information,reported,,category_total,actioned,actioned_total,18,count,6,2025-q3-strava-inc.pdf
New York,GBS 1102 (S895B),strava-inc,2025 Q3,disinformation_or_misinformation,False or misleading information,reported,,category_total,actioned,flagged_by_employees,0,count,6,2025-q3-strava-inc.pdf
New York,GBS 1102 (S895B),strava-inc,2025 Q3,disinformation_or_misinformation,False or misleading information,reported,,category_total,actioned,flagged_by_technology,0,count,6,2025-q3-strava-inc.pdf
New York,GBS 1102 (S895B),strava-inc,2025 Q3,disinformation_or_misinformation,False or misleading information,reported,,category_total,actioned,flagged_by_users,18,count,6,2025-q3-strava-inc.pdf
New York,GBS 1102 (S895B),strava-inc,2025 Q3,disinformation_or_misinformation,False or misleading information,reported,,category_total,actioned_shared,actioned_by_employees,0,count,11,2025-q3-strava-inc.pdf
New York,GBS 1102 (S895B),strava-inc,2025 Q3,disinformation_or_misinformation,False or misleading information,reported,,category_total,actioned_shared,actioned_by_technology,0,count,11,2025-q3-strava-inc.pdf
New York,GBS 1102 (S895B),strava-inc,2025 Q3,disinformation_or_misinformation,False or misleading information,reported,,category_total,actioned_shared,flagged_by_employees,0,count,11,2025-q3-strava-inc.pdf
New York,GBS 1102 (S895B),strava-inc,2025 Q3,disinformation_or_misinformation,False or misleading information,reported,,category_total,actioned_shared,flagged_by_technology,0,count,11,2025-q3-strava-inc.pdf
New York,GBS 1102 (S895B),strava-inc,2025 Q3,disinformation_or_misinformation,False or misleading information,reported,,category_total,actioned_shared,flagged_by_users,0,count,11,2025-q3-strava-inc.pdf
New York,GBS 1102 (S895B),strava-inc,2025 Q3,disinformation_or_misinformation,False or misleading information,reported,,category_total,actioned_shared,times_shared,0,count,11,2025-q3-strava-inc.pdf
New York,GBS 1102 (S895B),strava-inc,2025 Q3,disinformation_or_misinformation,False or misleading information,reported,,category_total,actioned_user_action,actioned_by_employees,0,count,8,2025-q3-strava-inc.pdf
New York,GBS 1102 (S895B),strava-inc,2025 Q3,disinformation_or_misinformation,False or misleading information,reported,,category_total,actioned_user_action,actioned_by_technology,0,count,8,2025-q3-strava-inc.pdf
New York,GBS 1102 (S895B),strava-inc,2025 Q3,disinformation_or_misinformation,False or misleading information,reported,,category_total,actioned_user_action,actions_against_users,0,count,8,2025-q3-strava-inc.pdf
New York,GBS 1102 (S895B),strava-inc,2025 Q3,disinformation_or_misinformation,False or misleading information,reported,,category_total,actioned_user_action,flagged_by_employees,0,count,8,2025-q3-strava-inc.pdf
New York,GBS 1102 (S895B),strava-inc,2025 Q3,disinformation_or_misinformation,False or misleading information,reported,,category_total,actioned_user_action,flagged_by_technology,0,count,8,2025-q3-strava-inc.pdf
New York,GBS 1102 (S895B),strava-inc,2025 Q3,disinformation_or_misinformation,False or misleading information,reported,,category_total,actioned_user_action,flagged_by_users,0,count,8,2025-q3-strava-inc.pdf
New York,GBS 1102 (S895B),strava-inc,2025 Q3,disinformation_or_misinformation,False or misleading information,reported,,category_total,appeals,appeals,0,count,13,2025-q3-strava-inc.pdf
New York,GBS 1102 (S895B),strava-inc,2025 Q3,disinformation_or_misinformation,False or misleading information,reported,,category_total,appeals,no_action,0,count,13,2025-q3-strava-inc.pdf
New York,GBS 1102 (S895B),strava-inc,2025 Q3,disinformation_or_misinformation,False or misleading information,reported,,category_total,appeals,reversed_content_not_restored,0,count,13,2025-q3-strava-inc.pdf
New York,GBS 1102 (S895B),strava-inc,2025 Q3,disinformation_or_misinformation,False or misleading information,reported,,category_total,appeals,reversed_content_restored,0,count,13,2025-q3-strava-inc.pdf
New York,GBS 1102 (S895B),strava-inc,2025 Q3,disinformation_or_misinformation,False or misleading information,reported,,category_total,appeals,upheld_changed_enforcement,0,count,13,2025-q3-strava-inc.pdf
New York,GBS 1102 (S895B),strava-inc,2025 Q3,disinformation_or_misinformation,False or misleading information,reported,,category_total,appeals,upheld_no_change,0,count,13,2025-q3-strava-inc.pdf
New York,GBS 1102 (S895B),strava-inc,2025 Q3,disinformation_or_misinformation,False or misleading information,reported,,category_total,flagged,actioned_by_employees,538,count,4,2025-q3-strava-inc.pdf
New York,GBS 1102 (S895B),strava-inc,2025 Q3,disinformation_or_misinformation,False or misleading information,reported,,category_total,flagged,actioned_by_technology,0,count,4,2025-q3-strava-inc.pdf
New York,GBS 1102 (S895B),strava-inc,2025 Q3,disinformation_or_misinformation,False or misleading information,reported,,category_total,flagged,flagged_by_employees,0,count,4,2025-q3-strava-inc.pdf
New York,GBS 1102 (S895B),strava-inc,2025 Q3,disinformation_or_misinformation,False or misleading information,reported,,category_total,flagged,flagged_by_technology,0,count,4,2025-q3-strava-inc.pdf
New York,GBS 1102 (S895B),strava-inc,2025 Q3,disinformation_or_misinformation,False or misleading information,reported,,category_total,flagged,flagged_by_users,16465,count,4,2025-q3-strava-inc.pdf
New York,GBS 1102 (S895B),strava-inc,2025 Q3,disinformation_or_misinformation,False or misleading information,reported,,category_total,flagged,flagged_total,16465,count,4,2025-q3-strava-inc.pdf
New York,GBS 1102 (S895B),strava-inc,2025 Q3,disinformation_or_misinformation,False or misleading information - Activity,reported,Activity,breakdown,actioned,actioned_by_employees,0,count,6,2025-q3-strava-inc.pdf
New York,GBS 1102 (S895B),strava-inc,2025 Q3,disinformation_or_misinformation,False or misleading information - Activity,reported,Activity,breakdown,actioned,actioned_by_technology,0,count,6,2025-q3-strava-inc.pdf
New York,GBS 1102 (S895B),strava-inc,2025 Q3,disinformation_or_misinformation,False or misleading information - Activity,reported,Activity,breakdown,actioned,actioned_total,0,count,6,2025-q3-strava-inc.pdf
New York,GBS 1102 (S895B),strava-inc,2025 Q3,disinformation_or_misinformation,False or misleading information - Activity,reported,Activity,breakdown,actioned,flagged_by_employees,0,count,6,2025-q3-strava-inc.pdf
New York,GBS 1102 (S895B),strava-inc,2025 Q3,disinformation_or_misinformation,False or misleading information - Activity,reported,Activity,breakdown,actioned,flagged_by_technology,0,count,6,2025-q3-strava-inc.pdf
New York,GBS 1102 (S895B),strava-inc,2025 Q3,disinformation_or_misinformation,False or misleading information - Activity,reported,Activity,breakdown,actioned,flagged_by_users,0,count,6,2025-q3-strava-inc.pdf
New York,GBS 1102 (S895B),strava-inc,2025 Q3,disinformation_or_misinformation,False or misleading information - Activity,reported,Activity,breakdown,actioned_shared,actioned_by_employees,0,count,11,2025-q3-strava-inc.pdf
New York,GBS 1102 (S895B),strava-inc,2025 Q3,disinformation_or_misinformation,False or misleading information - Activity,reported,Activity,breakdown,actioned_shared,actioned_by_technology,0,count,11,2025-q3-strava-inc.pdf
New York,GBS 1102 (S895B),strava-inc,2025 Q3,disinformation_or_misinformation,False or misleading information - Activity,reported,Activity,breakdown,actioned_shared,flagged_by_employees,0,count,11,2025-q3-strava-inc.pdf
New York,GBS 1102 (S895B),strava-inc,2025 Q3,disinformation_or_misinformation,False or misleading information - Activity,reported,Activity,breakdown,actioned_shared,flagged_by_technology,0,count,11,2025-q3-strava-inc.pdf
New York,GBS 1102 (S895B),strava-inc,2025 Q3,disinformation_or_misinformation,False or misleading information - Activity,reported,Activity,breakdown,actioned_shared,flagged_by_users,0,count,11,2025-q3-strava-inc.pdf
New York,GBS 1102 (S895B),strava-inc,2025 Q3,disinformation_or_misinformation,False or misleading information - Activity,reported,Activity,breakdown,actioned_shared,times_shared,0,count,11,2025-q3-strava-inc.pdf
New York,GBS 1102 (S895B),strava-inc,2025 Q3,disinformation_or_misinformation,False or misleading information - Activity,reported,Activity,breakdown,actioned_user_action,actioned_by_employees,0,count,8,2025-q3-strava-inc.pdf
New York,GBS 1102 (S895B),strava-inc,2025 Q3,disinformation_or_misinformation,False or misleading information - Activity,reported,Activity,breakdown,actioned_user_action,actioned_by_technology,0,count,8,2025-q3-strava-inc.pdf
New York,GBS 1102 (S895B),strava-inc,2025 Q3,disinformation_or_misinformation,False or misleading information - Activity,reported,Activity,breakdown,actioned_user_action,actions_against_users,0,count,8,2025-q3-strava-inc.pdf
New York,GBS 1102 (S895B),strava-inc,2025 Q3,disinformation_or_misinformation,False or misleading information - Activity,reported,Activity,breakdown,actioned_user_action,flagged_by_employees,0,count,8,2025-q3-strava-inc.pdf
New York,GBS 1102 (S895B),strava-inc,2025 Q3,disinformation_or_misinformation,False or misleading information - Activity,reported,Activity,breakdown,actioned_user_action,flagged_by_technology,0,count,8,2025-q3-strava-inc.pdf
New York,GBS 1102 (S895B),strava-inc,2025 Q3,disinformation_or_misinformation,False or misleading information - Activity,reported,Activity,breakdown,actioned_user_action,flagged_by_users,0,count,8,2025-q3-strava-inc.pdf
New York,GBS 1102 (S895B),strava-inc,2025 Q3,disinformation_or_misinformation,False or misleading information - Activity,reported,Activity,breakdown,appeals,appeals,0,count,13,2025-q3-strava-inc.pdf
New York,GBS 1102 (S895B),strava-inc,2025 Q3,disinformation_or_misinformation,False or misleading information - Activity,reported,Activity,breakdown,appeals,no_action,0,count,13,2025-q3-strava-inc.pdf
New York,GBS 1102 (S895B),strava-inc,2025 Q3,disinformation_or_misinformation,False or misleading information - Activity,reported,Activity,breakdown,appeals,reversed_content_not_restored,0,count,13,2025-q3-strava-inc.pdf
New York,GBS 1102 (S895B),strava-inc,2025 Q3,disinformation_or_misinformation,False or misleading information - Activity,reported,Activity,breakdown,appeals,reversed_content_restored,0,count,13,2025-q3-strava-inc.pdf
New York,GBS 1102 (S895B),strava-inc,2025 Q3,disinformation_or_misinformation,False or misleading information - Activity,reported,Activity,breakdown,appeals,upheld_changed_enforcement,0,count,13,2025-q3-strava-inc.pdf
New York,GBS 1102 (S895B),strava-inc,2025 Q3,disinformation_or_misinformation,False or misleading information - Activity,reported,Activity,breakdown,appeals,upheld_no_change,0,count,13,2025-q3-strava-inc.pdf
New York,GBS 1102 (S895B),strava-inc,2025 Q3,disinformation_or_misinformation,False or misleading information - Activity,reported,Activity,breakdown,flagged,actioned_by_employees,1,count,4,2025-q3-strava-inc.pdf
New York,GBS 1102 (S895B),strava-inc,2025 Q3,disinformation_or_misinformation,False or misleading information - Activity,reported,Activity,breakdown,flagged,actioned_by_technology,0,count,4,2025-q3-strava-inc.pdf
New York,GBS 1102 (S895B),strava-inc,2025 Q3,disinformation_or_misinformation,False or misleading information - Activity,reported,Activity,breakdown,flagged,flagged_by_employees,0,count,4,2025-q3-strava-inc.pdf
New York,GBS 1102 (S895B),strava-inc,2025 Q3,disinformation_or_misinformation,False or misleading information - Activity,reported,Activity,breakdown,flagged,flagged_by_technology,0,count,4,2025-q3-strava-inc.pdf
New York,GBS 1102 (S895B),strava-inc,2025 Q3,disinformation_or_misinformation,False or misleading information - Activity,reported,Activity,breakdown,flagged,flagged_by_users,221,count,4,2025-q3-strava-inc.pdf
New York,GBS 1102 (S895B),strava-inc,2025 Q3,disinformation_or_misinformation,False or misleading information - Activity,reported,Activity,breakdown,flagged,flagged_total,221,count,4,2025-q3-strava-inc.pdf
New York,GBS 1102 (S895B),strava-inc,2025 Q3,disinformation_or_misinformation,False or misleading information - Club,reported,Club,breakdown,actioned,actioned_by_employees,0,count,6,2025-q3-strava-inc.pdf
New York,GBS 1102 (S895B),strava-inc,2025 Q3,disinformation_or_misinformation,False or misleading information - Club,reported,Club,breakdown,actioned,actioned_by_technology,0,count,6,2025-q3-strava-inc.pdf
New York,GBS 1102 (S895B),strava-inc,2025 Q3,disinformation_or_misinformation,False or misleading information - Club,reported,Club,breakdown,actioned,actioned_total,0,count,6,2025-q3-strava-inc.pdf
New York,GBS 1102 (S895B),strava-inc,2025 Q3,disinformation_or_misinformation,False or misleading information - Club,reported,Club,breakdown,actioned,flagged_by_employees,0,count,6,2025-q3-strava-inc.pdf
New York,GBS 1102 (S895B),strava-inc,2025 Q3,disinformation_or_misinformation,False or misleading information - Club,reported,Club,breakdown,actioned,flagged_by_technology,0,count,6,2025-q3-strava-inc.pdf
New York,GBS 1102 (S895B),strava-inc,2025 Q3,disinformation_or_misinformation,False or misleading information - Club,reported,Club,breakdown,actioned,flagged_by_users,0,count,6,2025-q3-strava-inc.pdf
New York,GBS 1102 (S895B),strava-inc,2025 Q3,disinformation_or_misinformation,False or misleading information - Club,reported,Club,breakdown,actioned_shared,actioned_by_employees,0,count,11,2025-q3-strava-inc.pdf
New York,GBS 1102 (S895B),strava-inc,2025 Q3,disinformation_or_misinformation,False or misleading information - Club,reported,Club,breakdown,actioned_shared,actioned_by_technology,0,count,11,2025-q3-strava-inc.pdf
New York,GBS 1102 (S895B),strava-inc,2025 Q3,disinformation_or_misinformation,False or misleading information - Club,reported,Club,breakdown,actioned_shared,flagged_by_employees,0,count,11,2025-q3-strava-inc.pdf
New York,GBS 1102 (S895B),strava-inc,2025 Q3,disinformation_or_misinformation,False or misleading information - Club,reported,Club,breakdown,actioned_shared,flagged_by_technology,0,count,11,2025-q3-strava-inc.pdf
New York,GBS 1102 (S895B),strava-inc,2025 Q3,disinformation_or_misinformation,False or misleading information - Club,reported,Club,breakdown,actioned_shared,flagged_by_users,0,count,11,2025-q3-strava-inc.pdf
New York,GBS 1102 (S895B),strava-inc,2025 Q3,disinformation_or_misinformation,False or misleading information - Club,reported,Club,breakdown,actioned_shared,times_shared,0,count,11,2025-q3-strava-inc.pdf
New York,GBS 1102 (S895B),strava-inc,2025 Q3,disinformation_or_misinformation,False or misleading information - Club,reported,Club,breakdown,actioned_user_action,actioned_by_employees,0,count,8,2025-q3-strava-inc.pdf
New York,GBS 1102 (S895B),strava-inc,2025 Q3,disinformation_or_misinformation,False or misleading information - Club,reported,Club,breakdown,actioned_user_action,actioned_by_technology,0,count,8,2025-q3-strava-inc.pdf
New York,GBS 1102 (S895B),strava-inc,2025 Q3,disinformation_or_misinformation,False or misleading information - Club,reported,Club,breakdown,actioned_user_action,actions_against_users,0,count,8,2025-q3-strava-inc.pdf
New York,GBS 1102 (S895B),strava-inc,2025 Q3,disinformation_or_misinformation,False or misleading information - Club,reported,Club,breakdown,actioned_user_action,flagged_by_employees,0,count,8,2025-q3-strava-inc.pdf
New York,GBS 1102 (S895B),strava-inc,2025 Q3,disinformation_or_misinformation,False or misleading information - Club,reported,Club,breakdown,actioned_user_action,flagged_by_technology,0,count,8,2025-q3-strava-inc.pdf
New York,GBS 1102 (S895B),strava-inc,2025 Q3,disinformation_or_misinformation,False or misleading information - Club,reported,Club,breakdown,actioned_user_action,flagged_by_users,0,count,8,2025-q3-strava-inc.pdf
New York,GBS 1102 (S895B),strava-inc,2025 Q3,disinformation_or_misinformation,False or misleading information - Club,reported,Club,breakdown,appeals,appeals,0,count,13,2025-q3-strava-inc.pdf
New York,GBS 1102 (S895B),strava-inc,2025 Q3,disinformation_or_misinformation,False or misleading information - Club,reported,Club,breakdown,appeals,no_action,0,count,13,2025-q3-strava-inc.pdf
New York,GBS 1102 (S895B),strava-inc,2025 Q3,disinformation_or_misinformation,False or misleading information - Club,reported,Club,breakdown,appeals,reversed_content_not_restored,0,count,13,2025-q3-strava-inc.pdf
New York,GBS 1102 (S895B),strava-inc,2025 Q3,disinformation_or_misinformation,False or misleading information - Club,reported,Club,breakdown,appeals,reversed_content_restored,0,count,13,2025-q3-strava-inc.pdf
New York,GBS 1102 (S895B),strava-inc,2025 Q3,disinformation_or_misinformation,False or misleading information - Club,reported,Club,breakdown,appeals,upheld_changed_enforcement,0,count,13,2025-q3-strava-inc.pdf
New York,GBS 1102 (S895B),strava-inc,2025 Q3,disinformation_or_misinformation,False or misleading information - Club,reported,Club,breakdown,appeals,upheld_no_change,0,count,13,2025-q3-strava-inc.pdf
New York,GBS 1102 (S895B),strava-inc,2025 Q3,disinformation_or_misinformation,False or misleading information - Club,reported,Club,breakdown,flagged,actioned_by_employees,0,count,4,2025-q3-strava-inc.pdf
New York,GBS 1102 (S895B),strava-inc,2025 Q3,disinformation_or_misinformation,False or misleading information - Club,reported,Club,breakdown,flagged,actioned_by_technology,0,count,4,2025-q3-strava-inc.pdf
New York,GBS 1102 (S895B),strava-inc,2025 Q3,disinformation_or_misinformation,False or misleading information - Club,reported,Club,breakdown,flagged,flagged_by_employees,0,count,4,2025-q3-strava-inc.pdf
New York,GBS 1102 (S895B),strava-inc,2025 Q3,disinformation_or_misinformation,False or misleading information - Club,reported,Club,breakdown,flagged,flagged_by_technology,0,count,4,2025-q3-strava-inc.pdf
New York,GBS 1102 (S895B),strava-inc,2025 Q3,disinformation_or_misinformation,False or misleading information - Club,reported,Club,breakdown,flagged,flagged_by_users,574,count,4,2025-q3-strava-inc.pdf
New York,GBS 1102 (S895B),strava-inc,2025 Q3,disinformation_or_misinformation,False or misleading information - Club,reported,Club,breakdown,flagged,flagged_total,574,count,4,2025-q3-strava-inc.pdf
New York,GBS 1102 (S895B),strava-inc,2025 Q3,disinformation_or_misinformation,False or misleading information - Comment,reported,Comment,breakdown,actioned,actioned_by_employees,3,count,6,2025-q3-strava-inc.pdf
New York,GBS 1102 (S895B),strava-inc,2025 Q3,disinformation_or_misinformation,False or misleading information - Comment,reported,Comment,breakdown,actioned,actioned_by_technology,0,count,6,2025-q3-strava-inc.pdf
New York,GBS 1102 (S895B),strava-inc,2025 Q3,disinformation_or_misinformation,False or misleading information - Comment,reported,Comment,breakdown,actioned,actioned_total,3,count,6,2025-q3-strava-inc.pdf
New York,GBS 1102 (S895B),strava-inc,2025 Q3,disinformation_or_misinformation,False or misleading information - Comment,reported,Comment,breakdown,actioned,flagged_by_employees,0,count,6,2025-q3-strava-inc.pdf
New York,GBS 1102 (S895B),strava-inc,2025 Q3,disinformation_or_misinformation,False or misleading information - Comment,reported,Comment,breakdown,actioned,flagged_by_technology,0,count,6,2025-q3-strava-inc.pdf
New York,GBS 1102 (S895B),strava-inc,2025 Q3,disinformation_or_misinformation,False or misleading information - Comment,reported,Comment,breakdown,actioned,flagged_by_users,3,count,6,2025-q3-strava-inc.pdf
New York,GBS 1102 (S895B),strava-inc,2025 Q3,disinformation_or_misinformation,False or misleading information - Comment,reported,Comment,breakdown,actioned_shared,actioned_by_employees,0,count,11,2025-q3-strava-inc.pdf
New York,GBS 1102 (S895B),strava-inc,2025 Q3,disinformation_or_misinformation,False or misleading information - Comment,reported,Comment,breakdown,actioned_shared,actioned_by_technology,0,count,11,2025-q3-strava-inc.pdf
New York,GBS 1102 (S895B),strava-inc,2025 Q3,disinformation_or_misinformation,False or misleading information - Comment,reported,Comment,breakdown,actioned_shared,flagged_by_employees,0,count,11,2025-q3-strava-inc.pdf
New York,GBS 1102 (S895B),strava-inc,2025 Q3,disinformation_or_misinformation,False or misleading information - Comment,reported,Comment,breakdown,actioned_shared,flagged_by_technology,0,count,11,2025-q3-strava-inc.pdf
New York,GBS 1102 (S895B),strava-inc,2025 Q3,disinformation_or_misinformation,False or misleading information - Comment,reported,Comment,breakdown,actioned_shared,flagged_by_users,0,count,11,2025-q3-strava-inc.pdf
New York,GBS 1102 (S895B),strava-inc,2025 Q3,disinformation_or_misinformation,False or misleading information - Comment,reported,Comment,breakdown,actioned_shared,times_shared,0,count,11,2025-q3-strava-inc.pdf
New York,GBS 1102 (S895B),strava-inc,2025 Q3,disinformation_or_misinformation,False or misleading information - Comment,reported,Comment,breakdown,actioned_user_action,actioned_by_employees,0,count,8,2025-q3-strava-inc.pdf
New York,GBS 1102 (S895B),strava-inc,2025 Q3,disinformation_or_misinformation,False or misleading information - Comment,reported,Comment,breakdown,actioned_user_action,actioned_by_technology,0,count,8,2025-q3-strava-inc.pdf
New York,GBS 1102 (S895B),strava-inc,2025 Q3,disinformation_or_misinformation,False or misleading information - Comment,reported,Comment,breakdown,actioned_user_action,actions_against_users,0,count,8,2025-q3-strava-inc.pdf
New York,GBS 1102 (S895B),strava-inc,2025 Q3,disinformation_or_misinformation,False or misleading information - Comment,reported,Comment,breakdown,actioned_user_action,flagged_by_employees,0,count,8,2025-q3-strava-inc.pdf
New York,GBS 1102 (S895B),strava-inc,2025 Q3,disinformation_or_misinformation,False or misleading information - Comment,reported,Comment,breakdown,actioned_user_action,flagged_by_technology,0,count,8,2025-q3-strava-inc.pdf
New York,GBS 1102 (S895B),strava-inc,2025 Q3,disinformation_or_misinformation,False or misleading information - Comment,reported,Comment,breakdown,actioned_user_action,flagged_by_users,0,count,8,2025-q3-strava-inc.pdf
New York,GBS 1102 (S895B),strava-inc,2025 Q3,disinformation_or_misinformation,False or misleading information - Comment,reported,Comment,breakdown,appeals,appeals,0,count,13,2025-q3-strava-inc.pdf
New York,GBS 1102 (S895B),strava-inc,2025 Q3,disinformation_or_misinformation,False or misleading information - Comment,reported,Comment,breakdown,appeals,no_action,0,count,13,2025-q3-strava-inc.pdf
New York,GBS 1102 (S895B),strava-inc,2025 Q3,disinformation_or_misinformation,False or misleading information - Comment,reported,Comment,breakdown,appeals,reversed_content_not_restored,0,count,13,2025-q3-strava-inc.pdf
New York,GBS 1102 (S895B),strava-inc,2025 Q3,disinformation_or_misinformation,False or misleading information - Comment,reported,Comment,breakdown,appeals,reversed_content_restored,0,count,13,2025-q3-strava-inc.pdf
New York,GBS 1102 (S895B),strava-inc,2025 Q3,disinformation_or_misinformation,False or misleading information - Comment,reported,Comment,breakdown,appeals,upheld_changed_enforcement,0,count,13,2025-q3-strava-inc.pdf
New York,GBS 1102 (S895B),strava-inc,2025 Q3,disinformation_or_misinformation,False or misleading information - Comment,reported,Comment,breakdown,appeals,upheld_no_change,0,count,13,2025-q3-strava-inc.pdf
New York,GBS 1102 (S895B),strava-inc,2025 Q3,disinformation_or_misinformation,False or misleading information - Comment,reported,Comment,breakdown,flagged,actioned_by_employees,443,count,4,2025-q3-strava-inc.pdf
New York,GBS 1102 (S895B),strava-inc,2025 Q3,disinformation_or_misinformation,False or misleading information - Comment,reported,Comment,breakdown,flagged,actioned_by_technology,0,count,4,2025-q3-strava-inc.pdf
New York,GBS 1102 (S895B),strava-inc,2025 Q3,disinformation_or_misinformation,False or misleading information - Comment,reported,Comment,breakdown,flagged,flagged_by_employees,0,count,4,2025-q3-strava-inc.pdf
New York,GBS 1102 (S895B),strava-inc,2025 Q3,disinformation_or_misinformation,False or misleading information - Comment,reported,Comment,breakdown,flagged,flagged_by_technology,0,count,4,2025-q3-strava-inc.pdf
New York,GBS 1102 (S895B),strava-inc,2025 Q3,disinformation_or_misinformation,False or misleading information - Comment,reported,Comment,breakdown,flagged,flagged_by_users,1229,count,4,2025-q3-strava-inc.pdf
New York,GBS 1102 (S895B),strava-inc,2025 Q3,disinformation_or_misinformation,False or misleading information - Comment,reported,Comment,breakdown,flagged,flagged_total,1229,count,4,2025-q3-strava-inc.pdf
New York,GBS 1102 (S895B),strava-inc,2025 Q3,disinformation_or_misinformation,False or misleading information - Photo,reported,Photo,breakdown,actioned,actioned_by_employees,0,count,6,2025-q3-strava-inc.pdf
New York,GBS 1102 (S895B),strava-inc,2025 Q3,disinformation_or_misinformation,False or misleading information - Photo,reported,Photo,breakdown,actioned,actioned_by_technology,0,count,6,2025-q3-strava-inc.pdf
New York,GBS 1102 (S895B),strava-inc,2025 Q3,disinformation_or_misinformation,False or misleading information - Photo,reported,Photo,breakdown,actioned,actioned_total,0,count,6,2025-q3-strava-inc.pdf
New York,GBS 1102 (S895B),strava-inc,2025 Q3,disinformation_or_misinformation,False or misleading information - Photo,reported,Photo,breakdown,actioned,flagged_by_employees,0,count,6,2025-q3-strava-inc.pdf
New York,GBS 1102 (S895B),strava-inc,2025 Q3,disinformation_or_misinformation,False or misleading information - Photo,reported,Photo,breakdown,actioned,flagged_by_technology,0,count,6,2025-q3-strava-inc.pdf
New York,GBS 1102 (S895B),strava-inc,2025 Q3,disinformation_or_misinformation,False or misleading information - Photo,reported,Photo,breakdown,actioned,flagged_by_users,0,count,6,2025-q3-strava-inc.pdf
New York,GBS 1102 (S895B),strava-inc,2025 Q3,disinformation_or_misinformation,False or misleading information - Photo,reported,Photo,breakdown,actioned_shared,actioned_by_employees,0,count,11,2025-q3-strava-inc.pdf
New York,GBS 1102 (S895B),strava-inc,2025 Q3,disinformation_or_misinformation,False or misleading information - Photo,reported,Photo,breakdown,actioned_shared,actioned_by_technology,0,count,11,2025-q3-strava-inc.pdf
New York,GBS 1102 (S895B),strava-inc,2025 Q3,disinformation_or_misinformation,False or misleading information - Photo,reported,Photo,breakdown,actioned_shared,flagged_by_employees,0,count,11,2025-q3-strava-inc.pdf
New York,GBS 1102 (S895B),strava-inc,2025 Q3,disinformation_or_misinformation,False or misleading information - Photo,reported,Photo,breakdown,actioned_shared,flagged_by_technology,0,count,11,2025-q3-strava-inc.pdf
New York,GBS 1102 (S895B),strava-inc,2025 Q3,disinformation_or_misinformation,False or misleading information - Photo,reported,Photo,breakdown,actioned_shared,flagged_by_users,0,count,11,2025-q3-strava-inc.pdf
New York,GBS 1102 (S895B),strava-inc,2025 Q3,disinformation_or_misinformation,False or misleading information - Photo,reported,Photo,breakdown,actioned_shared,times_shared,0,count,11,2025-q3-strava-inc.pdf
New York,GBS 1102 (S895B),strava-inc,2025 Q3,disinformation_or_misinformation,False or misleading information - Photo,reported,Photo,breakdown,actioned_user_action,actioned_by_employees,0,count,8,2025-q3-strava-inc.pdf
New York,GBS 1102 (S895B),strava-inc,2025 Q3,disinformation_or_misinformation,False or misleading information - Photo,reported,Photo,breakdown,actioned_user_action,actioned_by_technology,0,count,8,2025-q3-strava-inc.pdf
New York,GBS 1102 (S895B),strava-inc,2025 Q3,disinformation_or_misinformation,False or misleading information - Photo,reported,Photo,breakdown,actioned_user_action,actions_against_users,0,count,8,2025-q3-strava-inc.pdf
New York,GBS 1102 (S895B),strava-inc,2025 Q3,disinformation_or_misinformation,False or misleading information - Photo,reported,Photo,breakdown,actioned_user_action,flagged_by_employees,0,count,8,2025-q3-strava-inc.pdf
New York,GBS 1102 (S895B),strava-inc,2025 Q3,disinformation_or_misinformation,False or misleading information - Photo,reported,Photo,breakdown,actioned_user_action,flagged_by_technology,0,count,8,2025-q3-strava-inc.pdf
New York,GBS 1102 (S895B),strava-inc,2025 Q3,disinformation_or_misinformation,False or misleading information - Photo,reported,Photo,breakdown,actioned_user_action,flagged_by_users,0,count,8,2025-q3-strava-inc.pdf
New York,GBS 1102 (S895B),strava-inc,2025 Q3,disinformation_or_misinformation,False or misleading information - Photo,reported,Photo,breakdown,appeals,appeals,0,count,13,2025-q3-strava-inc.pdf
New York,GBS 1102 (S895B),strava-inc,2025 Q3,disinformation_or_misinformation,False or misleading information - Photo,reported,Photo,breakdown,appeals,no_action,0,count,13,2025-q3-strava-inc.pdf
New York,GBS 1102 (S895B),strava-inc,2025 Q3,disinformation_or_misinformation,False or misleading information - Photo,reported,Photo,breakdown,appeals,reversed_content_not_restored,0,count,13,2025-q3-strava-inc.pdf
New York,GBS 1102 (S895B),strava-inc,2025 Q3,disinformation_or_misinformation,False or misleading information - Photo,reported,Photo,breakdown,appeals,reversed_content_restored,0,count,13,2025-q3-strava-inc.pdf
New York,GBS 1102 (S895B),strava-inc,2025 Q3,disinformation_or_misinformation,False or misleading information - Photo,reported,Photo,breakdown,appeals,upheld_changed_enforcement,0,count,13,2025-q3-strava-inc.pdf
New York,GBS 1102 (S895B),strava-inc,2025 Q3,disinformation_or_misinformation,False or misleading information - Photo,reported,Photo,breakdown,appeals,upheld_no_change,0,count,13,2025-q3-strava-inc.pdf
New York,GBS 1102 (S895B),strava-inc,2025 Q3,disinformation_or_misinformation,False or misleading information - Photo,reported,Photo,breakdown,flagged,actioned_by_employees,2,count,4,2025-q3-strava-inc.pdf
New York,GBS 1102 (S895B),strava-inc,2025 Q3,disinformation_or_misinformation,False or misleading information - Photo,reported,Photo,breakdown,flagged,actioned_by_technology,0,count,4,2025-q3-strava-inc.pdf
New York,GBS 1102 (S895B),strava-inc,2025 Q3,disinformation_or_misinformation,False or misleading information - Photo,reported,Photo,breakdown,flagged,flagged_by_employees,0,count,4,2025-q3-strava-inc.pdf
New York,GBS 1102 (S895B),strava-inc,2025 Q3,disinformation_or_misinformation,False or misleading information - Photo,reported,Photo,breakdown,flagged,flagged_by_technology,0,count,4,2025-q3-strava-inc.pdf
New York,GBS 1102 (S895B),strava-inc,2025 Q3,disinformation_or_misinformation,False or misleading information - Photo,reported,Photo,breakdown,flagged,flagged_by_users,284,count,4,2025-q3-strava-inc.pdf
New York,GBS 1102 (S895B),strava-inc,2025 Q3,disinformation_or_misinformation,False or misleading information - Photo,reported,Photo,breakdown,flagged,flagged_total,284,count,4,2025-q3-strava-inc.pdf
New York,GBS 1102 (S895B),strava-inc,2025 Q3,disinformation_or_misinformation,False or misleading information - Post,reported,Post,breakdown,actioned,actioned_by_employees,0,count,6,2025-q3-strava-inc.pdf
New York,GBS 1102 (S895B),strava-inc,2025 Q3,disinformation_or_misinformation,False or misleading information - Post,reported,Post,breakdown,actioned,actioned_by_technology,0,count,6,2025-q3-strava-inc.pdf
New York,GBS 1102 (S895B),strava-inc,2025 Q3,disinformation_or_misinformation,False or misleading information - Post,reported,Post,breakdown,actioned,actioned_total,0,count,6,2025-q3-strava-inc.pdf
New York,GBS 1102 (S895B),strava-inc,2025 Q3,disinformation_or_misinformation,False or misleading information - Post,reported,Post,breakdown,actioned,flagged_by_employees,0,count,6,2025-q3-strava-inc.pdf
New York,GBS 1102 (S895B),strava-inc,2025 Q3,disinformation_or_misinformation,False or misleading information - Post,reported,Post,breakdown,actioned,flagged_by_technology,0,count,6,2025-q3-strava-inc.pdf
New York,GBS 1102 (S895B),strava-inc,2025 Q3,disinformation_or_misinformation,False or misleading information - Post,reported,Post,breakdown,actioned,flagged_by_users,0,count,6,2025-q3-strava-inc.pdf
New York,GBS 1102 (S895B),strava-inc,2025 Q3,disinformation_or_misinformation,False or misleading information - Post,reported,Post,breakdown,actioned_shared,actioned_by_employees,0,count,11,2025-q3-strava-inc.pdf
New York,GBS 1102 (S895B),strava-inc,2025 Q3,disinformation_or_misinformation,False or misleading information - Post,reported,Post,breakdown,actioned_shared,actioned_by_technology,0,count,11,2025-q3-strava-inc.pdf
New York,GBS 1102 (S895B),strava-inc,2025 Q3,disinformation_or_misinformation,False or misleading information - Post,reported,Post,breakdown,actioned_shared,flagged_by_employees,0,count,11,2025-q3-strava-inc.pdf
New York,GBS 1102 (S895B),strava-inc,2025 Q3,disinformation_or_misinformation,False or misleading information - Post,reported,Post,breakdown,actioned_shared,flagged_by_technology,0,count,11,2025-q3-strava-inc.pdf
New York,GBS 1102 (S895B),strava-inc,2025 Q3,disinformation_or_misinformation,False or misleading information - Post,reported,Post,breakdown,actioned_shared,flagged_by_users,0,count,11,2025-q3-strava-inc.pdf
New York,GBS 1102 (S895B),strava-inc,2025 Q3,disinformation_or_misinformation,False or misleading information - Post,reported,Post,breakdown,actioned_shared,times_shared,0,count,11,2025-q3-strava-inc.pdf
New York,GBS 1102 (S895B),strava-inc,2025 Q3,disinformation_or_misinformation,False or misleading information - Post,reported,Post,breakdown,actioned_user_action,actioned_by_employees,0,count,8,2025-q3-strava-inc.pdf
New York,GBS 1102 (S895B),strava-inc,2025 Q3,disinformation_or_misinformation,False or misleading information - Post,reported,Post,breakdown,actioned_user_action,actioned_by_technology,0,count,8,2025-q3-strava-inc.pdf
New York,GBS 1102 (S895B),strava-inc,2025 Q3,disinformation_or_misinformation,False or misleading information - Post,reported,Post,breakdown,actioned_user_action,actions_against_users,0,count,8,2025-q3-strava-inc.pdf
New York,GBS 1102 (S895B),strava-inc,2025 Q3,disinformation_or_misinformation,False or misleading information - Post,reported,Post,breakdown,actioned_user_action,flagged_by_employees,0,count,8,2025-q3-strava-inc.pdf
New York,GBS 1102 (S895B),strava-inc,2025 Q3,disinformation_or_misinformation,False or misleading information - Post,reported,Post,breakdown,actioned_user_action,flagged_by_technology,0,count,8,2025-q3-strava-inc.pdf
New York,GBS 1102 (S895B),strava-inc,2025 Q3,disinformation_or_misinformation,False or misleading information - Post,reported,Post,breakdown,actioned_user_action,flagged_by_users,0,count,8,2025-q3-strava-inc.pdf
New York,GBS 1102 (S895B),strava-inc,2025 Q3,disinformation_or_misinformation,False or misleading information - Post,reported,Post,breakdown,appeals,appeals,0,count,13,2025-q3-strava-inc.pdf
New York,GBS 1102 (S895B),strava-inc,2025 Q3,disinformation_or_misinformation,False or misleading information - Post,reported,Post,breakdown,appeals,no_action,0,count,13,2025-q3-strava-inc.pdf
New York,GBS 1102 (S895B),strava-inc,2025 Q3,disinformation_or_misinformation,False or misleading information - Post,reported,Post,breakdown,appeals,reversed_content_not_restored,0,count,13,2025-q3-strava-inc.pdf
New York,GBS 1102 (S895B),strava-inc,2025 Q3,disinformation_or_misinformation,False or misleading information - Post,reported,Post,breakdown,appeals,reversed_content_restored,0,count,13,2025-q3-strava-inc.pdf
New York,GBS 1102 (S895B),strava-inc,2025 Q3,disinformation_or_misinformation,False or misleading information - Post,reported,Post,breakdown,appeals,upheld_changed_enforcement,0,count,13,2025-q3-strava-inc.pdf
New York,GBS 1102 (S895B),strava-inc,2025 Q3,disinformation_or_misinformation,False or misleading information - Post,reported,Post,breakdown,appeals,upheld_no_change,0,count,13,2025-q3-strava-inc.pdf
New York,GBS 1102 (S895B),strava-inc,2025 Q3,disinformation_or_misinformation,False or misleading information - Post,reported,Post,breakdown,flagged,actioned_by_employees,70,count,4,2025-q3-strava-inc.pdf
New York,GBS 1102 (S895B),strava-inc,2025 Q3,disinformation_or_misinformation,False or misleading information - Post,reported,Post,breakdown,flagged,actioned_by_technology,0,count,4,2025-q3-strava-inc.pdf
New York,GBS 1102 (S895B),strava-inc,2025 Q3,disinformation_or_misinformation,False or misleading information - Post,reported,Post,breakdown,flagged,flagged_by_employees,0,count,4,2025-q3-strava-inc.pdf
New York,GBS 1102 (S895B),strava-inc,2025 Q3,disinformation_or_misinformation,False or misleading information - Post,reported,Post,breakdown,flagged,flagged_by_technology,0,count,4,2025-q3-strava-inc.pdf
New York,GBS 1102 (S895B),strava-inc,2025 Q3,disinformation_or_misinformation,False or misleading information - Post,reported,Post,breakdown,flagged,flagged_by_users,428,count,4,2025-q3-strava-inc.pdf
New York,GBS 1102 (S895B),strava-inc,2025 Q3,disinformation_or_misinformation,False or misleading information - Post,reported,Post,breakdown,flagged,flagged_total,428,count,4,2025-q3-strava-inc.pdf
New York,GBS 1102 (S895B),strava-inc,2025 Q3,disinformation_or_misinformation,False or misleading information - Profile,reported,Profile,breakdown,actioned,actioned_by_employees,0,count,6,2025-q3-strava-inc.pdf
New York,GBS 1102 (S895B),strava-inc,2025 Q3,disinformation_or_misinformation,False or misleading information - Profile,reported,Profile,breakdown,actioned,actioned_by_technology,0,count,6,2025-q3-strava-inc.pdf
New York,GBS 1102 (S895B),strava-inc,2025 Q3,disinformation_or_misinformation,False or misleading information - Profile,reported,Profile,breakdown,actioned,actioned_total,0,count,6,2025-q3-strava-inc.pdf
New York,GBS 1102 (S895B),strava-inc,2025 Q3,disinformation_or_misinformation,False or misleading information - Profile,reported,Profile,breakdown,actioned,flagged_by_employees,0,count,6,2025-q3-strava-inc.pdf
New York,GBS 1102 (S895B),strava-inc,2025 Q3,disinformation_or_misinformation,False or misleading information - Profile,reported,Profile,breakdown,actioned,flagged_by_technology,0,count,6,2025-q3-strava-inc.pdf
New York,GBS 1102 (S895B),strava-inc,2025 Q3,disinformation_or_misinformation,False or misleading information - Profile,reported,Profile,breakdown,actioned,flagged_by_users,0,count,6,2025-q3-strava-inc.pdf
New York,GBS 1102 (S895B),strava-inc,2025 Q3,disinformation_or_misinformation,False or misleading information - Profile,reported,Profile,breakdown,actioned_shared,actioned_by_employees,0,count,11,2025-q3-strava-inc.pdf
New York,GBS 1102 (S895B),strava-inc,2025 Q3,disinformation_or_misinformation,False or misleading information - Profile,reported,Profile,breakdown,actioned_shared,actioned_by_technology,0,count,11,2025-q3-strava-inc.pdf
New York,GBS 1102 (S895B),strava-inc,2025 Q3,disinformation_or_misinformation,False or misleading information - Profile,reported,Profile,breakdown,actioned_shared,flagged_by_employees,0,count,11,2025-q3-strava-inc.pdf
New York,GBS 1102 (S895B),strava-inc,2025 Q3,disinformation_or_misinformation,False or misleading information - Profile,reported,Profile,breakdown,actioned_shared,flagged_by_technology,0,count,11,2025-q3-strava-inc.pdf
New York,GBS 1102 (S895B),strava-inc,2025 Q3,disinformation_or_misinformation,False or misleading information - Profile,reported,Profile,breakdown,actioned_shared,flagged_by_users,0,count,11,2025-q3-strava-inc.pdf
New York,GBS 1102 (S895B),strava-inc,2025 Q3,disinformation_or_misinformation,False or misleading information - Profile,reported,Profile,breakdown,actioned_shared,times_shared,0,count,11,2025-q3-strava-inc.pdf
New York,GBS 1102 (S895B),strava-inc,2025 Q3,disinformation_or_misinformation,False or misleading information - Profile,reported,Profile,breakdown,actioned_user_action,actioned_by_employees,0,count,8,2025-q3-strava-inc.pdf
New York,GBS 1102 (S895B),strava-inc,2025 Q3,disinformation_or_misinformation,False or misleading information - Profile,reported,Profile,breakdown,actioned_user_action,actioned_by_technology,0,count,8,2025-q3-strava-inc.pdf
New York,GBS 1102 (S895B),strava-inc,2025 Q3,disinformation_or_misinformation,False or misleading information - Profile,reported,Profile,breakdown,actioned_user_action,actions_against_users,0,count,8,2025-q3-strava-inc.pdf
New York,GBS 1102 (S895B),strava-inc,2025 Q3,disinformation_or_misinformation,False or misleading information - Profile,reported,Profile,breakdown,actioned_user_action,flagged_by_employees,0,count,8,2025-q3-strava-inc.pdf
New York,GBS 1102 (S895B),strava-inc,2025 Q3,disinformation_or_misinformation,False or misleading information - Profile,reported,Profile,breakdown,actioned_user_action,flagged_by_technology,0,count,8,2025-q3-strava-inc.pdf
New York,GBS 1102 (S895B),strava-inc,2025 Q3,disinformation_or_misinformation,False or misleading information - Profile,reported,Profile,breakdown,actioned_user_action,flagged_by_users,0,count,8,2025-q3-strava-inc.pdf
New York,GBS 1102 (S895B),strava-inc,2025 Q3,disinformation_or_misinformation,False or misleading information - Profile,reported,Profile,breakdown,appeals,appeals,0,count,13,2025-q3-strava-inc.pdf
New York,GBS 1102 (S895B),strava-inc,2025 Q3,disinformation_or_misinformation,False or misleading information - Profile,reported,Profile,breakdown,appeals,no_action,0,count,13,2025-q3-strava-inc.pdf
New York,GBS 1102 (S895B),strava-inc,2025 Q3,disinformation_or_misinformation,False or misleading information - Profile,reported,Profile,breakdown,appeals,reversed_content_not_restored,0,count,13,2025-q3-strava-inc.pdf
New York,GBS 1102 (S895B),strava-inc,2025 Q3,disinformation_or_misinformation,False or misleading information - Profile,reported,Profile,breakdown,appeals,reversed_content_restored,0,count,13,2025-q3-strava-inc.pdf
New York,GBS 1102 (S895B),strava-inc,2025 Q3,disinformation_or_misinformation,False or misleading information - Profile,reported,Profile,breakdown,appeals,upheld_changed_enforcement,0,count,13,2025-q3-strava-inc.pdf
New York,GBS 1102 (S895B),strava-inc,2025 Q3,disinformation_or_misinformation,False or misleading information - Profile,reported,Profile,breakdown,appeals,upheld_no_change,0,count,13,2025-q3-strava-inc.pdf
New York,GBS 1102 (S895B),strava-inc,2025 Q3,disinformation_or_misinformation,False or misleading information - Profile,reported,Profile,breakdown,flagged,actioned_by_employees,0,count,4,2025-q3-strava-inc.pdf
New York,GBS 1102 (S895B),strava-inc,2025 Q3,disinformation_or_misinformation,False or misleading information - Profile,reported,Profile,breakdown,flagged,actioned_by_technology,0,count,4,2025-q3-strava-inc.pdf
New York,GBS 1102 (S895B),strava-inc,2025 Q3,disinformation_or_misinformation,False or misleading information - Profile,reported,Profile,breakdown,flagged,flagged_by_employees,0,count,4,2025-q3-strava-inc.pdf
New York,GBS 1102 (S895B),strava-inc,2025 Q3,disinformation_or_misinformation,False or misleading information - Profile,reported,Profile,breakdown,flagged,flagged_by_technology,0,count,4,2025-q3-strava-inc.pdf
New York,GBS 1102 (S895B),strava-inc,2025 Q3,disinformation_or_misinformation,False or misleading information - Profile,reported,Profile,breakdown,flagged,flagged_by_users,7902,count,4,2025-q3-strava-inc.pdf
New York,GBS 1102 (S895B),strava-inc,2025 Q3,disinformation_or_misinformation,False or misleading information - Profile,reported,Profile,breakdown,flagged,flagged_total,7902,count,4,2025-q3-strava-inc.pdf
New York,GBS 1102 (S895B),strava-inc,2025 Q3,disinformation_or_misinformation,False or misleading information - Video,reported,Video,breakdown,actioned,actioned_by_employees,0,count,6,2025-q3-strava-inc.pdf
New York,GBS 1102 (S895B),strava-inc,2025 Q3,disinformation_or_misinformation,False or misleading information - Video,reported,Video,breakdown,actioned,actioned_by_technology,0,count,6,2025-q3-strava-inc.pdf
New York,GBS 1102 (S895B),strava-inc,2025 Q3,disinformation_or_misinformation,False or misleading information - Video,reported,Video,breakdown,actioned,actioned_total,0,count,6,2025-q3-strava-inc.pdf
New York,GBS 1102 (S895B),strava-inc,2025 Q3,disinformation_or_misinformation,False or misleading information - Video,reported,Video,breakdown,actioned,flagged_by_employees,0,count,6,2025-q3-strava-inc.pdf
New York,GBS 1102 (S895B),strava-inc,2025 Q3,disinformation_or_misinformation,False or misleading information - Video,reported,Video,breakdown,actioned,flagged_by_technology,0,count,6,2025-q3-strava-inc.pdf
New York,GBS 1102 (S895B),strava-inc,2025 Q3,disinformation_or_misinformation,False or misleading information - Video,reported,Video,breakdown,actioned,flagged_by_users,0,count,6,2025-q3-strava-inc.pdf
New York,GBS 1102 (S895B),strava-inc,2025 Q3,disinformation_or_misinformation,False or misleading information - Video,reported,Video,breakdown,actioned_shared,actioned_by_employees,0,count,11,2025-q3-strava-inc.pdf
New York,GBS 1102 (S895B),strava-inc,2025 Q3,disinformation_or_misinformation,False or misleading information - Video,reported,Video,breakdown,actioned_shared,actioned_by_technology,0,count,11,2025-q3-strava-inc.pdf
New York,GBS 1102 (S895B),strava-inc,2025 Q3,disinformation_or_misinformation,False or misleading information - Video,reported,Video,breakdown,actioned_shared,flagged_by_employees,0,count,11,2025-q3-strava-inc.pdf
New York,GBS 1102 (S895B),strava-inc,2025 Q3,disinformation_or_misinformation,False or misleading information - Video,reported,Video,breakdown,actioned_shared,flagged_by_technology,0,count,11,2025-q3-strava-inc.pdf
New York,GBS 1102 (S895B),strava-inc,2025 Q3,disinformation_or_misinformation,False or misleading information - Video,reported,Video,breakdown,actioned_shared,flagged_by_users,0,count,11,2025-q3-strava-inc.pdf
New York,GBS 1102 (S895B),strava-inc,2025 Q3,disinformation_or_misinformation,False or misleading information - Video,reported,Video,breakdown,actioned_shared,times_shared,0,count,11,2025-q3-strava-inc.pdf
New York,GBS 1102 (S895B),strava-inc,2025 Q3,disinformation_or_misinformation,False or misleading information - Video,reported,Video,breakdown,actioned_user_action,actioned_by_employees,0,count,8,2025-q3-strava-inc.pdf
New York,GBS 1102 (S895B),strava-inc,2025 Q3,disinformation_or_misinformation,False or misleading information - Video,reported,Video,breakdown,actioned_user_action,actioned_by_technology,0,count,8,2025-q3-strava-inc.pdf
New York,GBS 1102 (S895B),strava-inc,2025 Q3,disinformation_or_misinformation,False or misleading information - Video,reported,Video,breakdown,actioned_user_action,actions_against_users,0,count,8,2025-q3-strava-inc.pdf
New York,GBS 1102 (S895B),strava-inc,2025 Q3,disinformation_or_misinformation,False or misleading information - Video,reported,Video,breakdown,actioned_user_action,flagged_by_employees,0,count,8,2025-q3-strava-inc.pdf
New York,GBS 1102 (S895B),strava-inc,2025 Q3,disinformation_or_misinformation,False or misleading information - Video,reported,Video,breakdown,actioned_user_action,flagged_by_technology,0,count,8,2025-q3-strava-inc.pdf
New York,GBS 1102 (S895B),strava-inc,2025 Q3,disinformation_or_misinformation,False or misleading information - Video,reported,Video,breakdown,actioned_user_action,flagged_by_users,0,count,8,2025-q3-strava-inc.pdf
New York,GBS 1102 (S895B),strava-inc,2025 Q3,disinformation_or_misinformation,False or misleading information - Video,reported,Video,breakdown,appeals,appeals,0,count,13,2025-q3-strava-inc.pdf
New York,GBS 1102 (S895B),strava-inc,2025 Q3,disinformation_or_misinformation,False or misleading information - Video,reported,Video,breakdown,appeals,no_action,0,count,13,2025-q3-strava-inc.pdf
New York,GBS 1102 (S895B),strava-inc,2025 Q3,disinformation_or_misinformation,False or misleading information - Video,reported,Video,breakdown,appeals,reversed_content_not_restored,0,count,13,2025-q3-strava-inc.pdf
New York,GBS 1102 (S895B),strava-inc,2025 Q3,disinformation_or_misinformation,False or misleading information - Video,reported,Video,breakdown,appeals,reversed_content_restored,0,count,13,2025-q3-strava-inc.pdf
New York,GBS 1102 (S895B),strava-inc,2025 Q3,disinformation_or_misinformation,False or misleading information - Video,reported,Video,breakdown,appeals,upheld_changed_enforcement,0,count,13,2025-q3-strava-inc.pdf
New York,GBS 1102 (S895B),strava-inc,2025 Q3,disinformation_or_misinformation,False or misleading information - Video,reported,Video,breakdown,appeals,upheld_no_change,0,count,13,2025-q3-strava-inc.pdf
New York,GBS 1102 (S895B),strava-inc,2025 Q3,disinformation_or_misinformation,False or misleading information - Video,reported,Video,breakdown,flagged,actioned_by_employees,1,count,4,2025-q3-strava-inc.pdf
New York,GBS 1102 (S895B),strava-inc,2025 Q3,disinformation_or_misinformation,False or misleading information - Video,reported,Video,breakdown,flagged,actioned_by_technology,0,count,4,2025-q3-strava-inc.pdf
New York,GBS 1102 (S895B),strava-inc,2025 Q3,disinformation_or_misinformation,False or misleading information - Video,reported,Video,breakdown,flagged,flagged_by_employees,0,count,4,2025-q3-strava-inc.pdf
New York,GBS 1102 (S895B),strava-inc,2025 Q3,disinformation_or_misinformation,False or misleading information - Video,reported,Video,breakdown,flagged,flagged_by_technology,0,count,4,2025-q3-strava-inc.pdf
New York,GBS 1102 (S895B),strava-inc,2025 Q3,disinformation_or_misinformation,False or misleading information - Video,reported,Video,breakdown,flagged,flagged_by_users,10,count,4,2025-q3-strava-inc.pdf
New York,GBS 1102 (S895B),strava-inc,2025 Q3,disinformation_or_misinformation,False or misleading information - Video,reported,Video,breakdown,flagged,flagged_total,10,count,4,2025-q3-strava-inc.pdf
New York,GBS 1102 (S895B),strava-inc,2025 Q3,disinformation_or_misinformation,False or misleading information- Segment,reported,Segment,breakdown,actioned,actioned_by_employees,15,count,6,2025-q3-strava-inc.pdf
New York,GBS 1102 (S895B),strava-inc,2025 Q3,disinformation_or_misinformation,False or misleading information- Segment,reported,Segment,breakdown,actioned,actioned_by_technology,0,count,6,2025-q3-strava-inc.pdf
New York,GBS 1102 (S895B),strava-inc,2025 Q3,disinformation_or_misinformation,False or misleading information- Segment,reported,Segment,breakdown,actioned,actioned_total,15,count,6,2025-q3-strava-inc.pdf
New York,GBS 1102 (S895B),strava-inc,2025 Q3,disinformation_or_misinformation,False or misleading information- Segment,reported,Segment,breakdown,actioned,flagged_by_employees,0,count,6,2025-q3-strava-inc.pdf
New York,GBS 1102 (S895B),strava-inc,2025 Q3,disinformation_or_misinformation,False or misleading information- Segment,reported,Segment,breakdown,actioned,flagged_by_technology,0,count,6,2025-q3-strava-inc.pdf
New York,GBS 1102 (S895B),strava-inc,2025 Q3,disinformation_or_misinformation,False or misleading information- Segment,reported,Segment,breakdown,actioned,flagged_by_users,15,count,6,2025-q3-strava-inc.pdf
New York,GBS 1102 (S895B),strava-inc,2025 Q3,disinformation_or_misinformation,False or misleading information- Segment,reported,Segment,breakdown,actioned_shared,actioned_by_employees,0,count,11,2025-q3-strava-inc.pdf
New York,GBS 1102 (S895B),strava-inc,2025 Q3,disinformation_or_misinformation,False or misleading information- Segment,reported,Segment,breakdown,actioned_shared,actioned_by_technology,0,count,11,2025-q3-strava-inc.pdf
New York,GBS 1102 (S895B),strava-inc,2025 Q3,disinformation_or_misinformation,False or misleading information- Segment,reported,Segment,breakdown,actioned_shared,flagged_by_employees,0,count,11,2025-q3-strava-inc.pdf
New York,GBS 1102 (S895B),strava-inc,2025 Q3,disinformation_or_misinformation,False or misleading information- Segment,reported,Segment,breakdown,actioned_shared,flagged_by_technology,0,count,11,2025-q3-strava-inc.pdf
New York,GBS 1102 (S895B),strava-inc,2025 Q3,disinformation_or_misinformation,False or misleading information- Segment,reported,Segment,breakdown,actioned_shared,flagged_by_users,0,count,11,2025-q3-strava-inc.pdf
New York,GBS 1102 (S895B),strava-inc,2025 Q3,disinformation_or_misinformation,False or misleading information- Segment,reported,Segment,breakdown,actioned_shared,times_shared,0,count,11,2025-q3-strava-inc.pdf
New York,GBS 1102 (S895B),strava-inc,2025 Q3,disinformation_or_misinformation,False or misleading information- Segment,reported,Segment,breakdown,actioned_user_action,actioned_by_employees,0,count,8,2025-q3-strava-inc.pdf
New York,GBS 1102 (S895B),strava-inc,2025 Q3,disinformation_or_misinformation,False or misleading information- Segment,reported,Segment,breakdown,actioned_user_action,actioned_by_technology,0,count,8,2025-q3-strava-inc.pdf
New York,GBS 1102 (S895B),strava-inc,2025 Q3,disinformation_or_misinformation,False or misleading information- Segment,reported,Segment,breakdown,actioned_user_action,actions_against_users,0,count,8,2025-q3-strava-inc.pdf
New York,GBS 1102 (S895B),strava-inc,2025 Q3,disinformation_or_misinformation,False or misleading information- Segment,reported,Segment,breakdown,actioned_user_action,flagged_by_employees,0,count,8,2025-q3-strava-inc.pdf
New York,GBS 1102 (S895B),strava-inc,2025 Q3,disinformation_or_misinformation,False or misleading information- Segment,reported,Segment,breakdown,actioned_user_action,flagged_by_technology,0,count,8,2025-q3-strava-inc.pdf
New York,GBS 1102 (S895B),strava-inc,2025 Q3,disinformation_or_misinformation,False or misleading information- Segment,reported,Segment,breakdown,actioned_user_action,flagged_by_users,0,count,8,2025-q3-strava-inc.pdf
New York,GBS 1102 (S895B),strava-inc,2025 Q3,disinformation_or_misinformation,False or misleading information- Segment,reported,Segment,breakdown,appeals,appeals,0,count,13,2025-q3-strava-inc.pdf
New York,GBS 1102 (S895B),strava-inc,2025 Q3,disinformation_or_misinformation,False or misleading information- Segment,reported,Segment,breakdown,appeals,no_action,0,count,13,2025-q3-strava-inc.pdf
New York,GBS 1102 (S895B),strava-inc,2025 Q3,disinformation_or_misinformation,False or misleading information- Segment,reported,Segment,breakdown,appeals,reversed_content_not_restored,0,count,13,2025-q3-strava-inc.pdf
New York,GBS 1102 (S895B),strava-inc,2025 Q3,disinformation_or_misinformation,False or misleading information- Segment,reported,Segment,breakdown,appeals,reversed_content_restored,0,count,13,2025-q3-strava-inc.pdf
New York,GBS 1102 (S895B),strava-inc,2025 Q3,disinformation_or_misinformation,False or misleading information- Segment,reported,Segment,breakdown,appeals,upheld_changed_enforcement,0,count,13,2025-q3-strava-inc.pdf
New York,GBS 1102 (S895B),strava-inc,2025 Q3,disinformation_or_misinformation,False or misleading information- Segment,reported,Segment,breakdown,appeals,upheld_no_change,0,count,13,2025-q3-strava-inc.pdf
New York,GBS 1102 (S895B),strava-inc,2025 Q3,disinformation_or_misinformation,False or misleading information- Segment,reported,Segment,breakdown,flagged,actioned_by_employees,21,count,4,2025-q3-strava-inc.pdf
New York,GBS 1102 (S895B),strava-inc,2025 Q3,disinformation_or_misinformation,False or misleading information- Segment,reported,Segment,breakdown,flagged,actioned_by_technology,0,count,4,2025-q3-strava-inc.pdf
New York,GBS 1102 (S895B),strava-inc,2025 Q3,disinformation_or_misinformation,False or misleading information- Segment,reported,Segment,breakdown,flagged,flagged_by_employees,0,count,4,2025-q3-strava-inc.pdf
New York,GBS 1102 (S895B),strava-inc,2025 Q3,disinformation_or_misinformation,False or misleading information- Segment,reported,Segment,breakdown,flagged,flagged_by_technology,0,count,4,2025-q3-strava-inc.pdf
New York,GBS 1102 (S895B),strava-inc,2025 Q3,disinformation_or_misinformation,False or misleading information- Segment,reported,Segment,breakdown,flagged,flagged_by_users,5817,count,4,2025-q3-strava-inc.pdf
New York,GBS 1102 (S895B),strava-inc,2025 Q3,disinformation_or_misinformation,False or misleading information- Segment,reported,Segment,breakdown,flagged,flagged_total,5817,count,4,2025-q3-strava-inc.pdf
New York,GBS 1102 (S895B),strava-inc,2025 Q3,harassment,Harassment,reported,,category_total,actioned,actioned_by_employees,481,count,5,2025-q3-strava-inc.pdf
New York,GBS 1102 (S895B),strava-inc,2025 Q3,harassment,Harassment,reported,,category_total,actioned,actioned_by_technology,51,count,5,2025-q3-strava-inc.pdf
New York,GBS 1102 (S895B),strava-inc,2025 Q3,harassment,Harassment,reported,,category_total,actioned,actioned_total,532,count,5,2025-q3-strava-inc.pdf
New York,GBS 1102 (S895B),strava-inc,2025 Q3,harassment,Harassment,reported,,category_total,actioned,flagged_by_employees,3,count,5,2025-q3-strava-inc.pdf
New York,GBS 1102 (S895B),strava-inc,2025 Q3,harassment,Harassment,reported,,category_total,actioned,flagged_by_technology,51,count,5,2025-q3-strava-inc.pdf
New York,GBS 1102 (S895B),strava-inc,2025 Q3,harassment,Harassment,reported,,category_total,actioned,flagged_by_users,478,count,5,2025-q3-strava-inc.pdf
New York,GBS 1102 (S895B),strava-inc,2025 Q3,harassment,Harassment,reported,,category_total,actioned_shared,actioned_by_employees,4,count,10,2025-q3-strava-inc.pdf
New York,GBS 1102 (S895B),strava-inc,2025 Q3,harassment,Harassment,reported,,category_total,actioned_shared,actioned_by_technology,0,count,10,2025-q3-strava-inc.pdf
New York,GBS 1102 (S895B),strava-inc,2025 Q3,harassment,Harassment,reported,,category_total,actioned_shared,flagged_by_employees,0,count,10,2025-q3-strava-inc.pdf
New York,GBS 1102 (S895B),strava-inc,2025 Q3,harassment,Harassment,reported,,category_total,actioned_shared,flagged_by_technology,0,count,10,2025-q3-strava-inc.pdf
New York,GBS 1102 (S895B),strava-inc,2025 Q3,harassment,Harassment,reported,,category_total,actioned_shared,flagged_by_users,4,count,10,2025-q3-strava-inc.pdf
New York,GBS 1102 (S895B),strava-inc,2025 Q3,harassment,Harassment,reported,,category_total,actioned_shared,times_shared,4,count,10,2025-q3-strava-inc.pdf
New York,GBS 1102 (S895B),strava-inc,2025 Q3,harassment,Harassment,reported,,category_total,actioned_user_action,actioned_by_employees,96,count,7,2025-q3-strava-inc.pdf
New York,GBS 1102 (S895B),strava-inc,2025 Q3,harassment,Harassment,reported,,category_total,actioned_user_action,actioned_by_technology,0,count,7,2025-q3-strava-inc.pdf
New York,GBS 1102 (S895B),strava-inc,2025 Q3,harassment,Harassment,reported,,category_total,actioned_user_action,actions_against_users,96,count,7,2025-q3-strava-inc.pdf
New York,GBS 1102 (S895B),strava-inc,2025 Q3,harassment,Harassment,reported,,category_total,actioned_user_action,flagged_by_employees,0,count,7,2025-q3-strava-inc.pdf
New York,GBS 1102 (S895B),strava-inc,2025 Q3,harassment,Harassment,reported,,category_total,actioned_user_action,flagged_by_technology,0,count,7,2025-q3-strava-inc.pdf
New York,GBS 1102 (S895B),strava-inc,2025 Q3,harassment,Harassment,reported,,category_total,actioned_user_action,flagged_by_users,96,count,7,2025-q3-strava-inc.pdf
New York,GBS 1102 (S895B),strava-inc,2025 Q3,harassment,Harassment,reported,,category_total,appeals,appeals,3,count,13,2025-q3-strava-inc.pdf
New York,GBS 1102 (S895B),strava-inc,2025 Q3,harassment,Harassment,reported,,category_total,appeals,no_action,0,count,13,2025-q3-strava-inc.pdf
New York,GBS 1102 (S895B),strava-inc,2025 Q3,harassment,Harassment,reported,,category_total,appeals,reversed_content_not_restored,1,count,13,2025-q3-strava-inc.pdf
New York,GBS 1102 (S895B),strava-inc,2025 Q3,harassment,Harassment,reported,,category_total,appeals,reversed_content_restored,2,count,13,2025-q3-strava-inc.pdf
New York,GBS 1102 (S895B),strava-inc,2025 Q3,harassment,Harassment,reported,,category_total,appeals,upheld_changed_enforcement,0,count,13,2025-q3-strava-inc.pdf
New York,GBS 1102 (S895B),strava-inc,2025 Q3,harassment,Harassment,reported,,category_total,appeals,upheld_no_change,0,count,13,2025-q3-strava-inc.pdf
New York,GBS 1102 (S895B),strava-inc,2025 Q3,harassment,Harassment,reported,,category_total,flagged,actioned_by_employees,1040,count,3,2025-q3-strava-inc.pdf
New York,GBS 1102 (S895B),strava-inc,2025 Q3,harassment,Harassment,reported,,category_total,flagged,actioned_by_technology,30,count,3,2025-q3-strava-inc.pdf
New York,GBS 1102 (S895B),strava-inc,2025 Q3,harassment,Harassment,reported,,category_total,flagged,flagged_by_employees,7,count,3,2025-q3-strava-inc.pdf
New York,GBS 1102 (S895B),strava-inc,2025 Q3,harassment,Harassment,reported,,category_total,flagged,flagged_by_technology,2845,count,3,2025-q3-strava-inc.pdf
New York,GBS 1102 (S895B),strava-inc,2025 Q3,harassment,Harassment,reported,,category_total,flagged,flagged_by_users,10268,count,3,2025-q3-strava-inc.pdf
New York,GBS 1102 (S895B),strava-inc,2025 Q3,harassment,Harassment,reported,,category_total,flagged,flagged_total,13120,count,3,2025-q3-strava-inc.pdf
New York,GBS 1102 (S895B),strava-inc,2025 Q3,harassment,Harassment - Activity,reported,Activity,breakdown,actioned,actioned_by_employees,7,count,5,2025-q3-strava-inc.pdf
New York,GBS 1102 (S895B),strava-inc,2025 Q3,harassment,Harassment - Activity,reported,Activity,breakdown,actioned,actioned_by_technology,0,count,5,2025-q3-strava-inc.pdf
New York,GBS 1102 (S895B),strava-inc,2025 Q3,harassment,Harassment - Activity,reported,Activity,breakdown,actioned,actioned_total,7,count,5,2025-q3-strava-inc.pdf
New York,GBS 1102 (S895B),strava-inc,2025 Q3,harassment,Harassment - Activity,reported,Activity,breakdown,actioned,flagged_by_employees,0,count,5,2025-q3-strava-inc.pdf
New York,GBS 1102 (S895B),strava-inc,2025 Q3,harassment,Harassment - Activity,reported,Activity,breakdown,actioned,flagged_by_technology,0,count,5,2025-q3-strava-inc.pdf
New York,GBS 1102 (S895B),strava-inc,2025 Q3,harassment,Harassment - Activity,reported,Activity,breakdown,actioned,flagged_by_users,7,count,5,2025-q3-strava-inc.pdf
New York,GBS 1102 (S895B),strava-inc,2025 Q3,harassment,Harassment - Activity,reported,Activity,breakdown,actioned_shared,actioned_by_employees,0,count,10,2025-q3-strava-inc.pdf
New York,GBS 1102 (S895B),strava-inc,2025 Q3,harassment,Harassment - Activity,reported,Activity,breakdown,actioned_shared,actioned_by_technology,0,count,10,2025-q3-strava-inc.pdf
New York,GBS 1102 (S895B),strava-inc,2025 Q3,harassment,Harassment - Activity,reported,Activity,breakdown,actioned_shared,flagged_by_employees,0,count,10,2025-q3-strava-inc.pdf
New York,GBS 1102 (S895B),strava-inc,2025 Q3,harassment,Harassment - Activity,reported,Activity,breakdown,actioned_shared,flagged_by_technology,0,count,10,2025-q3-strava-inc.pdf
New York,GBS 1102 (S895B),strava-inc,2025 Q3,harassment,Harassment - Activity,reported,Activity,breakdown,actioned_shared,flagged_by_users,0,count,10,2025-q3-strava-inc.pdf
New York,GBS 1102 (S895B),strava-inc,2025 Q3,harassment,Harassment - Activity,reported,Activity,breakdown,actioned_shared,times_shared,0,count,10,2025-q3-strava-inc.pdf
New York,GBS 1102 (S895B),strava-inc,2025 Q3,harassment,Harassment - Activity,reported,Activity,breakdown,actioned_user_action,actioned_by_employees,0,count,7,2025-q3-strava-inc.pdf
New York,GBS 1102 (S895B),strava-inc,2025 Q3,harassment,Harassment - Activity,reported,Activity,breakdown,actioned_user_action,actioned_by_technology,0,count,7,2025-q3-strava-inc.pdf
New York,GBS 1102 (S895B),strava-inc,2025 Q3,harassment,Harassment - Activity,reported,Activity,breakdown,actioned_user_action,actions_against_users,0,count,7,2025-q3-strava-inc.pdf
New York,GBS 1102 (S895B),strava-inc,2025 Q3,harassment,Harassment - Activity,reported,Activity,breakdown,actioned_user_action,flagged_by_employees,0,count,7,2025-q3-strava-inc.pdf
New York,GBS 1102 (S895B),strava-inc,2025 Q3,harassment,Harassment - Activity,reported,Activity,breakdown,actioned_user_action,flagged_by_technology,0,count,7,2025-q3-strava-inc.pdf
New York,GBS 1102 (S895B),strava-inc,2025 Q3,harassment,Harassment - Activity,reported,Activity,breakdown,actioned_user_action,flagged_by_users,0,count,7,2025-q3-strava-inc.pdf
New York,GBS 1102 (S895B),strava-inc,2025 Q3,harassment,Harassment - Activity,reported,Activity,breakdown,appeals,appeals,0,count,13,2025-q3-strava-inc.pdf
New York,GBS 1102 (S895B),strava-inc,2025 Q3,harassment,Harassment - Activity,reported,Activity,breakdown,appeals,no_action,0,count,13,2025-q3-strava-inc.pdf
New York,GBS 1102 (S895B),strava-inc,2025 Q3,harassment,Harassment - Activity,reported,Activity,breakdown,appeals,reversed_content_not_restored,0,count,13,2025-q3-strava-inc.pdf
New York,GBS 1102 (S895B),strava-inc,2025 Q3,harassment,Harassment - Activity,reported,Activity,breakdown,appeals,reversed_content_restored,0,count,13,2025-q3-strava-inc.pdf
New York,GBS 1102 (S895B),strava-inc,2025 Q3,harassment,Harassment - Activity,reported,Activity,breakdown,appeals,upheld_changed_enforcement,0,count,13,2025-q3-strava-inc.pdf
New York,GBS 1102 (S895B),strava-inc,2025 Q3,harassment,Harassment - Activity,reported,Activity,breakdown,appeals,upheld_no_change,0,count,13,2025-q3-strava-inc.pdf
New York,GBS 1102 (S895B),strava-inc,2025 Q3,harassment,Harassment - Activity,reported,Activity,breakdown,flagged,actioned_by_employees,7,count,3,2025-q3-strava-inc.pdf
New York,GBS 1102 (S895B),strava-inc,2025 Q3,harassment,Harassment - Activity,reported,Activity,breakdown,flagged,actioned_by_technology,0,count,3,2025-q3-strava-inc.pdf
New York,GBS 1102 (S895B),strava-inc,2025 Q3,harassment,Harassment - Activity,reported,Activity,breakdown,flagged,flagged_by_employees,0,count,3,2025-q3-strava-inc.pdf
New York,GBS 1102 (S895B),strava-inc,2025 Q3,harassment,Harassment - Activity,reported,Activity,breakdown,flagged,flagged_by_technology,778,count,3,2025-q3-strava-inc.pdf
New York,GBS 1102 (S895B),strava-inc,2025 Q3,harassment,Harassment - Activity,reported,Activity,breakdown,flagged,flagged_by_users,9,count,3,2025-q3-strava-inc.pdf
New York,GBS 1102 (S895B),strava-inc,2025 Q3,harassment,Harassment - Activity,reported,Activity,breakdown,flagged,flagged_total,787,count,3,2025-q3-strava-inc.pdf
New York,GBS 1102 (S895B),strava-inc,2025 Q3,harassment,Harassment - Club,reported,Club,breakdown,actioned,actioned_by_employees,1,count,5,2025-q3-strava-inc.pdf
New York,GBS 1102 (S895B),strava-inc,2025 Q3,harassment,Harassment - Club,reported,Club,breakdown,actioned,actioned_by_technology,0,count,5,2025-q3-strava-inc.pdf
New York,GBS 1102 (S895B),strava-inc,2025 Q3,harassment,Harassment - Club,reported,Club,breakdown,actioned,actioned_total,1,count,5,2025-q3-strava-inc.pdf
New York,GBS 1102 (S895B),strava-inc,2025 Q3,harassment,Harassment - Club,reported,Club,breakdown,actioned,flagged_by_employees,0,count,5,2025-q3-strava-inc.pdf
New York,GBS 1102 (S895B),strava-inc,2025 Q3,harassment,Harassment - Club,reported,Club,breakdown,actioned,flagged_by_technology,0,count,5,2025-q3-strava-inc.pdf
New York,GBS 1102 (S895B),strava-inc,2025 Q3,harassment,Harassment - Club,reported,Club,breakdown,actioned,flagged_by_users,1,count,5,2025-q3-strava-inc.pdf
New York,GBS 1102 (S895B),strava-inc,2025 Q3,harassment,Harassment - Club,reported,Club,breakdown,actioned_shared,actioned_by_employees,0,count,10,2025-q3-strava-inc.pdf
New York,GBS 1102 (S895B),strava-inc,2025 Q3,harassment,Harassment - Club,reported,Club,breakdown,actioned_shared,actioned_by_technology,0,count,10,2025-q3-strava-inc.pdf
New York,GBS 1102 (S895B),strava-inc,2025 Q3,harassment,Harassment - Club,reported,Club,breakdown,actioned_shared,flagged_by_employees,0,count,10,2025-q3-strava-inc.pdf
New York,GBS 1102 (S895B),strava-inc,2025 Q3,harassment,Harassment - Club,reported,Club,breakdown,actioned_shared,flagged_by_technology,0,count,10,2025-q3-strava-inc.pdf
New York,GBS 1102 (S895B),strava-inc,2025 Q3,harassment,Harassment - Club,reported,Club,breakdown,actioned_shared,flagged_by_users,0,count,10,2025-q3-strava-inc.pdf
New York,GBS 1102 (S895B),strava-inc,2025 Q3,harassment,Harassment - Club,reported,Club,breakdown,actioned_shared,times_shared,0,count,10,2025-q3-strava-inc.pdf
New York,GBS 1102 (S895B),strava-inc,2025 Q3,harassment,Harassment - Club,reported,Club,breakdown,actioned_user_action,actioned_by_employees,0,count,7,2025-q3-strava-inc.pdf
New York,GBS 1102 (S895B),strava-inc,2025 Q3,harassment,Harassment - Club,reported,Club,breakdown,actioned_user_action,actioned_by_technology,0,count,7,2025-q3-strava-inc.pdf
New York,GBS 1102 (S895B),strava-inc,2025 Q3,harassment,Harassment - Club,reported,Club,breakdown,actioned_user_action,actions_against_users,0,count,7,2025-q3-strava-inc.pdf
New York,GBS 1102 (S895B),strava-inc,2025 Q3,harassment,Harassment - Club,reported,Club,breakdown,actioned_user_action,flagged_by_employees,0,count,7,2025-q3-strava-inc.pdf
New York,GBS 1102 (S895B),strava-inc,2025 Q3,harassment,Harassment - Club,reported,Club,breakdown,actioned_user_action,flagged_by_technology,0,count,7,2025-q3-strava-inc.pdf
New York,GBS 1102 (S895B),strava-inc,2025 Q3,harassment,Harassment - Club,reported,Club,breakdown,actioned_user_action,flagged_by_users,0,count,7,2025-q3-strava-inc.pdf
New York,GBS 1102 (S895B),strava-inc,2025 Q3,harassment,Harassment - Club,reported,Club,breakdown,appeals,appeals,0,count,13,2025-q3-strava-inc.pdf
New York,GBS 1102 (S895B),strava-inc,2025 Q3,harassment,Harassment - Club,reported,Club,breakdown,appeals,no_action,0,count,13,2025-q3-strava-inc.pdf
New York,GBS 1102 (S895B),strava-inc,2025 Q3,harassment,Harassment - Club,reported,Club,breakdown,appeals,reversed_content_not_restored,0,count,13,2025-q3-strava-inc.pdf
New York,GBS 1102 (S895B),strava-inc,2025 Q3,harassment,Harassment - Club,reported,Club,breakdown,appeals,reversed_content_restored,0,count,13,2025-q3-strava-inc.pdf
New York,GBS 1102 (S895B),strava-inc,2025 Q3,harassment,Harassment - Club,reported,Club,breakdown,appeals,upheld_changed_enforcement,0,count,13,2025-q3-strava-inc.pdf
New York,GBS 1102 (S895B),strava-inc,2025 Q3,harassment,Harassment - Club,reported,Club,breakdown,appeals,upheld_no_change,0,count,13,2025-q3-strava-inc.pdf
New York,GBS 1102 (S895B),strava-inc,2025 Q3,harassment,Harassment - Club,reported,Club,breakdown,flagged,actioned_by_employees,1,count,3,2025-q3-strava-inc.pdf
New York,GBS 1102 (S895B),strava-inc,2025 Q3,harassment,Harassment - Club,reported,Club,breakdown,flagged,actioned_by_technology,0,count,3,2025-q3-strava-inc.pdf
New York,GBS 1102 (S895B),strava-inc,2025 Q3,harassment,Harassment - Club,reported,Club,breakdown,flagged,flagged_by_employees,0,count,3,2025-q3-strava-inc.pdf
New York,GBS 1102 (S895B),strava-inc,2025 Q3,harassment,Harassment - Club,reported,Club,breakdown,flagged,flagged_by_technology,0,count,3,2025-q3-strava-inc.pdf
New York,GBS 1102 (S895B),strava-inc,2025 Q3,harassment,Harassment - Club,reported,Club,breakdown,flagged,flagged_by_users,401,count,3,2025-q3-strava-inc.pdf
New York,GBS 1102 (S895B),strava-inc,2025 Q3,harassment,Harassment - Club,reported,Club,breakdown,flagged,flagged_total,401,count,3,2025-q3-strava-inc.pdf
New York,GBS 1102 (S895B),strava-inc,2025 Q3,harassment,Harassment - Comment,reported,Comment,breakdown,actioned,actioned_by_employees,411,count,5,2025-q3-strava-inc.pdf
New York,GBS 1102 (S895B),strava-inc,2025 Q3,harassment,Harassment - Comment,reported,Comment,breakdown,actioned,actioned_by_technology,0,count,5,2025-q3-strava-inc.pdf
New York,GBS 1102 (S895B),strava-inc,2025 Q3,harassment,Harassment - Comment,reported,Comment,breakdown,actioned,actioned_total,411,count,5,2025-q3-strava-inc.pdf
New York,GBS 1102 (S895B),strava-inc,2025 Q3,harassment,Harassment - Comment,reported,Comment,breakdown,actioned,flagged_by_employees,3,count,5,2025-q3-strava-inc.pdf
New York,GBS 1102 (S895B),strava-inc,2025 Q3,harassment,Harassment - Comment,reported,Comment,breakdown,actioned,flagged_by_technology,0,count,5,2025-q3-strava-inc.pdf
New York,GBS 1102 (S895B),strava-inc,2025 Q3,harassment,Harassment - Comment,reported,Comment,breakdown,actioned,flagged_by_users,408,count,5,2025-q3-strava-inc.pdf
New York,GBS 1102 (S895B),strava-inc,2025 Q3,harassment,Harassment - Comment,reported,Comment,breakdown,actioned_shared,actioned_by_employees,0,count,10,2025-q3-strava-inc.pdf
New York,GBS 1102 (S895B),strava-inc,2025 Q3,harassment,Harassment - Comment,reported,Comment,breakdown,actioned_shared,actioned_by_technology,0,count,10,2025-q3-strava-inc.pdf
New York,GBS 1102 (S895B),strava-inc,2025 Q3,harassment,Harassment - Comment,reported,Comment,breakdown,actioned_shared,flagged_by_employees,0,count,10,2025-q3-strava-inc.pdf
New York,GBS 1102 (S895B),strava-inc,2025 Q3,harassment,Harassment - Comment,reported,Comment,breakdown,actioned_shared,flagged_by_technology,0,count,10,2025-q3-strava-inc.pdf
New York,GBS 1102 (S895B),strava-inc,2025 Q3,harassment,Harassment - Comment,reported,Comment,breakdown,actioned_shared,flagged_by_users,0,count,10,2025-q3-strava-inc.pdf
New York,GBS 1102 (S895B),strava-inc,2025 Q3,harassment,Harassment - Comment,reported,Comment,breakdown,actioned_shared,times_shared,0,count,10,2025-q3-strava-inc.pdf
New York,GBS 1102 (S895B),strava-inc,2025 Q3,harassment,Harassment - Comment,reported,Comment,breakdown,actioned_user_action,actioned_by_employees,86,count,8,2025-q3-strava-inc.pdf
New York,GBS 1102 (S895B),strava-inc,2025 Q3,harassment,Harassment - Comment,reported,Comment,breakdown,actioned_user_action,actioned_by_technology,0,count,8,2025-q3-strava-inc.pdf
New York,GBS 1102 (S895B),strava-inc,2025 Q3,harassment,Harassment - Comment,reported,Comment,breakdown,actioned_user_action,actions_against_users,86,count,8,2025-q3-strava-inc.pdf
New York,GBS 1102 (S895B),strava-inc,2025 Q3,harassment,Harassment - Comment,reported,Comment,breakdown,actioned_user_action,flagged_by_employees,0,count,8,2025-q3-strava-inc.pdf
New York,GBS 1102 (S895B),strava-inc,2025 Q3,harassment,Harassment - Comment,reported,Comment,breakdown,actioned_user_action,flagged_by_technology,0,count,8,2025-q3-strava-inc.pdf
New York,GBS 1102 (S895B),strava-inc,2025 Q3,harassment,Harassment - Comment,reported,Comment,breakdown,actioned_user_action,flagged_by_users,86,count,8,2025-q3-strava-inc.pdf
New York,GBS 1102 (S895B),strava-inc,2025 Q3,harassment,Harassment - Comment,reported,Comment,breakdown,appeals,appeals,0,count,13,2025-q3-strava-inc.pdf
New York,GBS 1102 (S895B),strava-inc,2025 Q3,harassment,Harassment - Comment,reported,Comment,breakdown,appeals,no_action,0,count,13,2025-q3-strava-inc.pdf
New York,GBS 1102 (S895B),strava-inc,2025 Q3,harassment,Harassment - Comment,reported,Comment,breakdown,appeals,reversed_content_not_restored,0,count,13,2025-q3-strava-inc.pdf
New York,GBS 1102 (S895B),strava-inc,2025 Q3,harassment,Harassment - Comment,reported,Comment,breakdown,appeals,reversed_content_restored,0,count,13,2025-q3-strava-inc.pdf
New York,GBS 1102 (S895B),strava-inc,2025 Q3,harassment,Harassment - Comment,reported,Comment,breakdown,appeals,upheld_changed_enforcement,0,count,13,2025-q3-strava-inc.pdf
New York,GBS 1102 (S895B),strava-inc,2025 Q3,harassment,Harassment - Comment,reported,Comment,breakdown,appeals,upheld_no_change,0,count,13,2025-q3-strava-inc.pdf
New York,GBS 1102 (S895B),strava-inc,2025 Q3,harassment,Harassment - Comment,reported,Comment,breakdown,flagged,actioned_by_employees,965,count,3,2025-q3-strava-inc.pdf
New York,GBS 1102 (S895B),strava-inc,2025 Q3,harassment,Harassment - Comment,reported,Comment,breakdown,flagged,actioned_by_technology,0,count,3,2025-q3-strava-inc.pdf
New York,GBS 1102 (S895B),strava-inc,2025 Q3,harassment,Harassment - Comment,reported,Comment,breakdown,flagged,flagged_by_employees,4,count,3,2025-q3-strava-inc.pdf
New York,GBS 1102 (S895B),strava-inc,2025 Q3,harassment,Harassment - Comment,reported,Comment,breakdown,flagged,flagged_by_technology,1513,count,3,2025-q3-strava-inc.pdf
New York,GBS 1102 (S895B),strava-inc,2025 Q3,harassment,Harassment - Comment,reported,Comment,breakdown,flagged,flagged_by_users,2712,count,3,2025-q3-strava-inc.pdf
New York,GBS 1102 (S895B),strava-inc,2025 Q3,harassment,Harassment - Comment,reported,Comment,breakdown,flagged,flagged_total,4229,count,3,2025-q3-strava-inc.pdf
New York,GBS 1102 (S895B),strava-inc,2025 Q3,harassment,Harassment - Other,reported,Other,breakdown,actioned,actioned_by_employees,3,count,5,2025-q3-strava-inc.pdf
New York,GBS 1102 (S895B),strava-inc,2025 Q3,harassment,Harassment - Other,reported,Other,breakdown,actioned,actioned_by_technology,0,count,5,2025-q3-strava-inc.pdf
New York,GBS 1102 (S895B),strava-inc,2025 Q3,harassment,Harassment - Other,reported,Other,breakdown,actioned,actioned_total,3,count,5,2025-q3-strava-inc.pdf
New York,GBS 1102 (S895B),strava-inc,2025 Q3,harassment,Harassment - Other,reported,Other,breakdown,actioned,flagged_by_employees,0,count,5,2025-q3-strava-inc.pdf
New York,GBS 1102 (S895B),strava-inc,2025 Q3,harassment,Harassment - Other,reported,Other,breakdown,actioned,flagged_by_technology,0,count,5,2025-q3-strava-inc.pdf
New York,GBS 1102 (S895B),strava-inc,2025 Q3,harassment,Harassment - Other,reported,Other,breakdown,actioned,flagged_by_users,3,count,5,2025-q3-strava-inc.pdf
New York,GBS 1102 (S895B),strava-inc,2025 Q3,harassment,Harassment - Other,reported,Other,breakdown,actioned_shared,actioned_by_employees,0,count,10,2025-q3-strava-inc.pdf
New York,GBS 1102 (S895B),strava-inc,2025 Q3,harassment,Harassment - Other,reported,Other,breakdown,actioned_shared,actioned_by_technology,0,count,10,2025-q3-strava-inc.pdf
New York,GBS 1102 (S895B),strava-inc,2025 Q3,harassment,Harassment - Other,reported,Other,breakdown,actioned_shared,flagged_by_employees,0,count,10,2025-q3-strava-inc.pdf
New York,GBS 1102 (S895B),strava-inc,2025 Q3,harassment,Harassment - Other,reported,Other,breakdown,actioned_shared,flagged_by_technology,0,count,10,2025-q3-strava-inc.pdf
New York,GBS 1102 (S895B),strava-inc,2025 Q3,harassment,Harassment - Other,reported,Other,breakdown,actioned_shared,flagged_by_users,0,count,10,2025-q3-strava-inc.pdf
New York,GBS 1102 (S895B),strava-inc,2025 Q3,harassment,Harassment - Other,reported,Other,breakdown,actioned_shared,times_shared,0,count,10,2025-q3-strava-inc.pdf
New York,GBS 1102 (S895B),strava-inc,2025 Q3,harassment,Harassment - Other,reported,Other,breakdown,actioned_user_action,actioned_by_employees,0,count,8,2025-q3-strava-inc.pdf
New York,GBS 1102 (S895B),strava-inc,2025 Q3,harassment,Harassment - Other,reported,Other,breakdown,actioned_user_action,actioned_by_technology,0,count,8,2025-q3-strava-inc.pdf
New York,GBS 1102 (S895B),strava-inc,2025 Q3,harassment,Harassment - Other,reported,Other,breakdown,actioned_user_action,actions_against_users,0,count,8,2025-q3-strava-inc.pdf
New York,GBS 1102 (S895B),strava-inc,2025 Q3,harassment,Harassment - Other,reported,Other,breakdown,actioned_user_action,flagged_by_employees,0,count,8,2025-q3-strava-inc.pdf
New York,GBS 1102 (S895B),strava-inc,2025 Q3,harassment,Harassment - Other,reported,Other,breakdown,actioned_user_action,flagged_by_technology,0,count,8,2025-q3-strava-inc.pdf
New York,GBS 1102 (S895B),strava-inc,2025 Q3,harassment,Harassment - Other,reported,Other,breakdown,actioned_user_action,flagged_by_users,0,count,8,2025-q3-strava-inc.pdf
New York,GBS 1102 (S895B),strava-inc,2025 Q3,harassment,Harassment - Other,reported,Other,breakdown,appeals,appeals,0,count,13,2025-q3-strava-inc.pdf
New York,GBS 1102 (S895B),strava-inc,2025 Q3,harassment,Harassment - Other,reported,Other,breakdown,appeals,no_action,0,count,13,2025-q3-strava-inc.pdf
New York,GBS 1102 (S895B),strava-inc,2025 Q3,harassment,Harassment - Other,reported,Other,breakdown,appeals,reversed_content_not_restored,0,count,13,2025-q3-strava-inc.pdf
New York,GBS 1102 (S895B),strava-inc,2025 Q3,harassment,Harassment - Other,reported,Other,breakdown,appeals,reversed_content_restored,0,count,13,2025-q3-strava-inc.pdf
New York,GBS 1102 (S895B),strava-inc,2025 Q3,harassment,Harassment - Other,reported,Other,breakdown,appeals,upheld_changed_enforcement,0,count,13,2025-q3-strava-inc.pdf
New York,GBS 1102 (S895B),strava-inc,2025 Q3,harassment,Harassment - Other,reported,Other,breakdown,appeals,upheld_no_change,0,count,13,2025-q3-strava-inc.pdf
New York,GBS 1102 (S895B),strava-inc,2025 Q3,harassment,Harassment - Other,reported,Other,breakdown,flagged,actioned_by_employees,3,count,3,2025-q3-strava-inc.pdf
New York,GBS 1102 (S895B),strava-inc,2025 Q3,harassment,Harassment - Other,reported,Other,breakdown,flagged,actioned_by_technology,0,count,3,2025-q3-strava-inc.pdf
New York,GBS 1102 (S895B),strava-inc,2025 Q3,harassment,Harassment - Other,reported,Other,breakdown,flagged,flagged_by_employees,0,count,3,2025-q3-strava-inc.pdf
New York,GBS 1102 (S895B),strava-inc,2025 Q3,harassment,Harassment - Other,reported,Other,breakdown,flagged,flagged_by_technology,0,count,3,2025-q3-strava-inc.pdf
New York,GBS 1102 (S895B),strava-inc,2025 Q3,harassment,Harassment - Other,reported,Other,breakdown,flagged,flagged_by_users,3,count,3,2025-q3-strava-inc.pdf
New York,GBS 1102 (S895B),strava-inc,2025 Q3,harassment,Harassment - Other,reported,Other,breakdown,flagged,flagged_total,3,count,3,2025-q3-strava-inc.pdf
New York,GBS 1102 (S895B),strava-inc,2025 Q3,harassment,Harassment - Photo,reported,Photo,breakdown,actioned,actioned_by_employees,4,count,5,2025-q3-strava-inc.pdf
New York,GBS 1102 (S895B),strava-inc,2025 Q3,harassment,Harassment - Photo,reported,Photo,breakdown,actioned,actioned_by_technology,0,count,5,2025-q3-strava-inc.pdf
New York,GBS 1102 (S895B),strava-inc,2025 Q3,harassment,Harassment - Photo,reported,Photo,breakdown,actioned,actioned_total,4,count,5,2025-q3-strava-inc.pdf
New York,GBS 1102 (S895B),strava-inc,2025 Q3,harassment,Harassment - Photo,reported,Photo,breakdown,actioned,flagged_by_employees,0,count,5,2025-q3-strava-inc.pdf
New York,GBS 1102 (S895B),strava-inc,2025 Q3,harassment,Harassment - Photo,reported,Photo,breakdown,actioned,flagged_by_technology,0,count,5,2025-q3-strava-inc.pdf
New York,GBS 1102 (S895B),strava-inc,2025 Q3,harassment,Harassment - Photo,reported,Photo,breakdown,actioned,flagged_by_users,4,count,5,2025-q3-strava-inc.pdf
New York,GBS 1102 (S895B),strava-inc,2025 Q3,harassment,Harassment - Photo,reported,Photo,breakdown,actioned_shared,actioned_by_employees,0,count,11,2025-q3-strava-inc.pdf
New York,GBS 1102 (S895B),strava-inc,2025 Q3,harassment,Harassment - Photo,reported,Photo,breakdown,actioned_shared,actioned_by_technology,0,count,11,2025-q3-strava-inc.pdf
New York,GBS 1102 (S895B),strava-inc,2025 Q3,harassment,Harassment - Photo,reported,Photo,breakdown,actioned_shared,flagged_by_employees,0,count,11,2025-q3-strava-inc.pdf
New York,GBS 1102 (S895B),strava-inc,2025 Q3,harassment,Harassment - Photo,reported,Photo,breakdown,actioned_shared,flagged_by_technology,0,count,11,2025-q3-strava-inc.pdf
New York,GBS 1102 (S895B),strava-inc,2025 Q3,harassment,Harassment - Photo,reported,Photo,breakdown,actioned_shared,flagged_by_users,0,count,11,2025-q3-strava-inc.pdf
New York,GBS 1102 (S895B),strava-inc,2025 Q3,harassment,Harassment - Photo,reported,Photo,breakdown,actioned_shared,times_shared,0,count,11,2025-q3-strava-inc.pdf
New York,GBS 1102 (S895B),strava-inc,2025 Q3,harassment,Harassment - Photo,reported,Photo,breakdown,actioned_user_action,actioned_by_employees,0,count,8,2025-q3-strava-inc.pdf
New York,GBS 1102 (S895B),strava-inc,2025 Q3,harassment,Harassment - Photo,reported,Photo,breakdown,actioned_user_action,actioned_by_technology,0,count,8,2025-q3-strava-inc.pdf
New York,GBS 1102 (S895B),strava-inc,2025 Q3,harassment,Harassment - Photo,reported,Photo,breakdown,actioned_user_action,actions_against_users,0,count,8,2025-q3-strava-inc.pdf
New York,GBS 1102 (S895B),strava-inc,2025 Q3,harassment,Harassment - Photo,reported,Photo,breakdown,actioned_user_action,flagged_by_employees,0,count,8,2025-q3-strava-inc.pdf
New York,GBS 1102 (S895B),strava-inc,2025 Q3,harassment,Harassment - Photo,reported,Photo,breakdown,actioned_user_action,flagged_by_technology,0,count,8,2025-q3-strava-inc.pdf
New York,GBS 1102 (S895B),strava-inc,2025 Q3,harassment,Harassment - Photo,reported,Photo,breakdown,actioned_user_action,flagged_by_users,0,count,8,2025-q3-strava-inc.pdf
New York,GBS 1102 (S895B),strava-inc,2025 Q3,harassment,Harassment - Photo,reported,Photo,breakdown,appeals,appeals,1,count,13,2025-q3-strava-inc.pdf
New York,GBS 1102 (S895B),strava-inc,2025 Q3,harassment,Harassment - Photo,reported,Photo,breakdown,appeals,no_action,0,count,13,2025-q3-strava-inc.pdf
New York,GBS 1102 (S895B),strava-inc,2025 Q3,harassment,Harassment - Photo,reported,Photo,breakdown,appeals,reversed_content_not_restored,0,count,13,2025-q3-strava-inc.pdf
New York,GBS 1102 (S895B),strava-inc,2025 Q3,harassment,Harassment - Photo,reported,Photo,breakdown,appeals,reversed_content_restored,1,count,13,2025-q3-strava-inc.pdf
New York,GBS 1102 (S895B),strava-inc,2025 Q3,harassment,Harassment - Photo,reported,Photo,breakdown,appeals,upheld_changed_enforcement,0,count,13,2025-q3-strava-inc.pdf
New York,GBS 1102 (S895B),strava-inc,2025 Q3,harassment,Harassment - Photo,reported,Photo,breakdown,appeals,upheld_no_change,0,count,13,2025-q3-strava-inc.pdf
New York,GBS 1102 (S895B),strava-inc,2025 Q3,harassment,Harassment - Photo,reported,Photo,breakdown,flagged,actioned_by_employees,3,count,3,2025-q3-strava-inc.pdf
New York,GBS 1102 (S895B),strava-inc,2025 Q3,harassment,Harassment - Photo,reported,Photo,breakdown,flagged,actioned_by_technology,0,count,3,2025-q3-strava-inc.pdf
New York,GBS 1102 (S895B),strava-inc,2025 Q3,harassment,Harassment - Photo,reported,Photo,breakdown,flagged,flagged_by_employees,0,count,3,2025-q3-strava-inc.pdf
New York,GBS 1102 (S895B),strava-inc,2025 Q3,harassment,Harassment - Photo,reported,Photo,breakdown,flagged,flagged_by_technology,0,count,3,2025-q3-strava-inc.pdf
New York,GBS 1102 (S895B),strava-inc,2025 Q3,harassment,Harassment - Photo,reported,Photo,breakdown,flagged,flagged_by_users,187,count,3,2025-q3-strava-inc.pdf
New York,GBS 1102 (S895B),strava-inc,2025 Q3,harassment,Harassment - Photo,reported,Photo,breakdown,flagged,flagged_total,187,count,3,2025-q3-strava-inc.pdf
New York,GBS 1102 (S895B),strava-inc,2025 Q3,harassment,Harassment - Post,reported,Post,breakdown,actioned,actioned_by_employees,11,count,5,2025-q3-strava-inc.pdf
New York,GBS 1102 (S895B),strava-inc,2025 Q3,harassment,Harassment - Post,reported,Post,breakdown,actioned,actioned_by_technology,51,count,5,2025-q3-strava-inc.pdf
New York,GBS 1102 (S895B),strava-inc,2025 Q3,harassment,Harassment - Post,reported,Post,breakdown,actioned,actioned_total,62,count,5,2025-q3-strava-inc.pdf
New York,GBS 1102 (S895B),strava-inc,2025 Q3,harassment,Harassment - Post,reported,Post,breakdown,actioned,flagged_by_employees,0,count,5,2025-q3-strava-inc.pdf
New York,GBS 1102 (S895B),strava-inc,2025 Q3,harassment,Harassment - Post,reported,Post,breakdown,actioned,flagged_by_technology,51,count,5,2025-q3-strava-inc.pdf
New York,GBS 1102 (S895B),strava-inc,2025 Q3,harassment,Harassment - Post,reported,Post,breakdown,actioned,flagged_by_users,11,count,5,2025-q3-strava-inc.pdf
New York,GBS 1102 (S895B),strava-inc,2025 Q3,harassment,Harassment - Post,reported,Post,breakdown,actioned_shared,actioned_by_employees,3,count,11,2025-q3-strava-inc.pdf
New York,GBS 1102 (S895B),strava-inc,2025 Q3,harassment,Harassment - Post,reported,Post,breakdown,actioned_shared,actioned_by_technology,0,count,11,2025-q3-strava-inc.pdf
New York,GBS 1102 (S895B),strava-inc,2025 Q3,harassment,Harassment - Post,reported,Post,breakdown,actioned_shared,flagged_by_employees,0,count,11,2025-q3-strava-inc.pdf
New York,GBS 1102 (S895B),strava-inc,2025 Q3,harassment,Harassment - Post,reported,Post,breakdown,actioned_shared,flagged_by_technology,0,count,11,2025-q3-strava-inc.pdf
New York,GBS 1102 (S895B),strava-inc,2025 Q3,harassment,Harassment - Post,reported,Post,breakdown,actioned_shared,flagged_by_users,3,count,11,2025-q3-strava-inc.pdf
New York,GBS 1102 (S895B),strava-inc,2025 Q3,harassment,Harassment - Post,reported,Post,breakdown,actioned_shared,times_shared,3,count,11,2025-q3-strava-inc.pdf
New York,GBS 1102 (S895B),strava-inc,2025 Q3,harassment,Harassment - Post,reported,Post,breakdown,actioned_user_action,actioned_by_employees,2,count,8,2025-q3-strava-inc.pdf
New York,GBS 1102 (S895B),strava-inc,2025 Q3,harassment,Harassment - Post,reported,Post,breakdown,actioned_user_action,actioned_by_technology,0,count,8,2025-q3-strava-inc.pdf
New York,GBS 1102 (S895B),strava-inc,2025 Q3,harassment,Harassment - Post,reported,Post,breakdown,actioned_user_action,actions_against_users,2,count,8,2025-q3-strava-inc.pdf
New York,GBS 1102 (S895B),strava-inc,2025 Q3,harassment,Harassment - Post,reported,Post,breakdown,actioned_user_action,flagged_by_employees,0,count,8,2025-q3-strava-inc.pdf
New York,GBS 1102 (S895B),strava-inc,2025 Q3,harassment,Harassment - Post,reported,Post,breakdown,actioned_user_action,flagged_by_technology,0,count,8,2025-q3-strava-inc.pdf
New York,GBS 1102 (S895B),strava-inc,2025 Q3,harassment,Harassment - Post,reported,Post,breakdown,actioned_user_action,flagged_by_users,2,count,8,2025-q3-strava-inc.pdf
New York,GBS 1102 (S895B),strava-inc,2025 Q3,harassment,Harassment - Post,reported,Post,breakdown,appeals,appeals,0,count,13,2025-q3-strava-inc.pdf
New York,GBS 1102 (S895B),strava-inc,2025 Q3,harassment,Harassment - Post,reported,Post,breakdown,appeals,no_action,0,count,13,2025-q3-strava-inc.pdf
New York,GBS 1102 (S895B),strava-inc,2025 Q3,harassment,Harassment - Post,reported,Post,breakdown,appeals,reversed_content_not_restored,0,count,13,2025-q3-strava-inc.pdf
New York,GBS 1102 (S895B),strava-inc,2025 Q3,harassment,Harassment - Post,reported,Post,breakdown,appeals,reversed_content_restored,0,count,13,2025-q3-strava-inc.pdf
New York,GBS 1102 (S895B),strava-inc,2025 Q3,harassment,Harassment - Post,reported,Post,breakdown,appeals,upheld_changed_enforcement,0,count,13,2025-q3-strava-inc.pdf
New York,GBS 1102 (S895B),strava-inc,2025 Q3,harassment,Harassment - Post,reported,Post,breakdown,appeals,upheld_no_change,0,count,13,2025-q3-strava-inc.pdf
New York,GBS 1102 (S895B),strava-inc,2025 Q3,harassment,Harassment - Post,reported,Post,breakdown,flagged,actioned_by_employees,26,count,3,2025-q3-strava-inc.pdf
New York,GBS 1102 (S895B),strava-inc,2025 Q3,harassment,Harassment - Post,reported,Post,breakdown,flagged,actioned_by_technology,30,count,3,2025-q3-strava-inc.pdf
New York,GBS 1102 (S895B),strava-inc,2025 Q3,harassment,Harassment - Post,reported,Post,breakdown,flagged,flagged_by_employees,2,count,3,2025-q3-strava-inc.pdf
New York,GBS 1102 (S895B),strava-inc,2025 Q3,harassment,Harassment - Post,reported,Post,breakdown,flagged,flagged_by_technology,406,count,3,2025-q3-strava-inc.pdf
New York,GBS 1102 (S895B),strava-inc,2025 Q3,harassment,Harassment - Post,reported,Post,breakdown,flagged,flagged_by_users,248,count,3,2025-q3-strava-inc.pdf
New York,GBS 1102 (S895B),strava-inc,2025 Q3,harassment,Harassment - Post,reported,Post,breakdown,flagged,flagged_total,656,count,3,2025-q3-strava-inc.pdf
New York,GBS 1102 (S895B),strava-inc,2025 Q3,harassment,Harassment - Profile,reported,Profile,breakdown,actioned,actioned_by_employees,12,count,6,2025-q3-strava-inc.pdf
New York,GBS 1102 (S895B),strava-inc,2025 Q3,harassment,Harassment - Profile,reported,Profile,breakdown,actioned,actioned_by_technology,0,count,6,2025-q3-strava-inc.pdf
New York,GBS 1102 (S895B),strava-inc,2025 Q3,harassment,Harassment - Profile,reported,Profile,breakdown,actioned,actioned_total,12,count,6,2025-q3-strava-inc.pdf
New York,GBS 1102 (S895B),strava-inc,2025 Q3,harassment,Harassment - Profile,reported,Profile,breakdown,actioned,flagged_by_employees,0,count,6,2025-q3-strava-inc.pdf
New York,GBS 1102 (S895B),strava-inc,2025 Q3,harassment,Harassment - Profile,reported,Profile,breakdown,actioned,flagged_by_technology,0,count,6,2025-q3-strava-inc.pdf
New York,GBS 1102 (S895B),strava-inc,2025 Q3,harassment,Harassment - Profile,reported,Profile,breakdown,actioned,flagged_by_users,12,count,6,2025-q3-strava-inc.pdf
New York,GBS 1102 (S895B),strava-inc,2025 Q3,harassment,Harassment - Profile,reported,Profile,breakdown,actioned_shared,actioned_by_employees,0,count,11,2025-q3-strava-inc.pdf
New York,GBS 1102 (S895B),strava-inc,2025 Q3,harassment,Harassment - Profile,reported,Profile,breakdown,actioned_shared,actioned_by_technology,0,count,11,2025-q3-strava-inc.pdf
New York,GBS 1102 (S895B),strava-inc,2025 Q3,harassment,Harassment - Profile,reported,Profile,breakdown,actioned_shared,flagged_by_employees,0,count,11,2025-q3-strava-inc.pdf
New York,GBS 1102 (S895B),strava-inc,2025 Q3,harassment,Harassment - Profile,reported,Profile,breakdown,actioned_shared,flagged_by_technology,0,count,11,2025-q3-strava-inc.pdf
New York,GBS 1102 (S895B),strava-inc,2025 Q3,harassment,Harassment - Profile,reported,Profile,breakdown,actioned_shared,flagged_by_users,0,count,11,2025-q3-strava-inc.pdf
New York,GBS 1102 (S895B),strava-inc,2025 Q3,harassment,Harassment - Profile,reported,Profile,breakdown,actioned_shared,times_shared,0,count,11,2025-q3-strava-inc.pdf
New York,GBS 1102 (S895B),strava-inc,2025 Q3,harassment,Harassment - Profile,reported,Profile,breakdown,actioned_user_action,actioned_by_employees,0,count,8,2025-q3-strava-inc.pdf
New York,GBS 1102 (S895B),strava-inc,2025 Q3,harassment,Harassment - Profile,reported,Profile,breakdown,actioned_user_action,actioned_by_technology,0,count,8,2025-q3-strava-inc.pdf
New York,GBS 1102 (S895B),strava-inc,2025 Q3,harassment,Harassment - Profile,reported,Profile,breakdown,actioned_user_action,actions_against_users,0,count,8,2025-q3-strava-inc.pdf
New York,GBS 1102 (S895B),strava-inc,2025 Q3,harassment,Harassment - Profile,reported,Profile,breakdown,actioned_user_action,flagged_by_employees,0,count,8,2025-q3-strava-inc.pdf
New York,GBS 1102 (S895B),strava-inc,2025 Q3,harassment,Harassment - Profile,reported,Profile,breakdown,actioned_user_action,flagged_by_technology,0,count,8,2025-q3-strava-inc.pdf
New York,GBS 1102 (S895B),strava-inc,2025 Q3,harassment,Harassment - Profile,reported,Profile,breakdown,actioned_user_action,flagged_by_users,0,count,8,2025-q3-strava-inc.pdf
New York,GBS 1102 (S895B),strava-inc,2025 Q3,harassment,Harassment - Profile,reported,Profile,breakdown,appeals,appeals,1,count,13,2025-q3-strava-inc.pdf
New York,GBS 1102 (S895B),strava-inc,2025 Q3,harassment,Harassment - Profile,reported,Profile,breakdown,appeals,no_action,0,count,13,2025-q3-strava-inc.pdf
New York,GBS 1102 (S895B),strava-inc,2025 Q3,harassment,Harassment - Profile,reported,Profile,breakdown,appeals,reversed_content_not_restored,0,count,13,2025-q3-strava-inc.pdf
New York,GBS 1102 (S895B),strava-inc,2025 Q3,harassment,Harassment - Profile,reported,Profile,breakdown,appeals,reversed_content_restored,1,count,13,2025-q3-strava-inc.pdf
New York,GBS 1102 (S895B),strava-inc,2025 Q3,harassment,Harassment - Profile,reported,Profile,breakdown,appeals,upheld_changed_enforcement,0,count,13,2025-q3-strava-inc.pdf
New York,GBS 1102 (S895B),strava-inc,2025 Q3,harassment,Harassment - Profile,reported,Profile,breakdown,appeals,upheld_no_change,0,count,13,2025-q3-strava-inc.pdf
New York,GBS 1102 (S895B),strava-inc,2025 Q3,harassment,Harassment - Profile,reported,Profile,breakdown,flagged,actioned_by_employees,12,count,4,2025-q3-strava-inc.pdf
New York,GBS 1102 (S895B),strava-inc,2025 Q3,harassment,Harassment - Profile,reported,Profile,breakdown,flagged,actioned_by_technology,0,count,4,2025-q3-strava-inc.pdf
New York,GBS 1102 (S895B),strava-inc,2025 Q3,harassment,Harassment - Profile,reported,Profile,breakdown,flagged,flagged_by_employees,0,count,4,2025-q3-strava-inc.pdf
New York,GBS 1102 (S895B),strava-inc,2025 Q3,harassment,Harassment - Profile,reported,Profile,breakdown,flagged,flagged_by_technology,143,count,4,2025-q3-strava-inc.pdf
New York,GBS 1102 (S895B),strava-inc,2025 Q3,harassment,Harassment - Profile,reported,Profile,breakdown,flagged,flagged_by_users,6522,count,4,2025-q3-strava-inc.pdf
New York,GBS 1102 (S895B),strava-inc,2025 Q3,harassment,Harassment - Profile,reported,Profile,breakdown,flagged,flagged_total,6665,count,4,2025-q3-strava-inc.pdf
New York,GBS 1102 (S895B),strava-inc,2025 Q3,harassment,Harassment - Segment,reported,Segment,breakdown,actioned,actioned_by_employees,30,count,6,2025-q3-strava-inc.pdf
New York,GBS 1102 (S895B),strava-inc,2025 Q3,harassment,Harassment - Segment,reported,Segment,breakdown,actioned,actioned_by_technology,0,count,6,2025-q3-strava-inc.pdf
New York,GBS 1102 (S895B),strava-inc,2025 Q3,harassment,Harassment - Segment,reported,Segment,breakdown,actioned,actioned_total,30,count,6,2025-q3-strava-inc.pdf
New York,GBS 1102 (S895B),strava-inc,2025 Q3,harassment,Harassment - Segment,reported,Segment,breakdown,actioned,flagged_by_employees,0,count,6,2025-q3-strava-inc.pdf
New York,GBS 1102 (S895B),strava-inc,2025 Q3,harassment,Harassment - Segment,reported,Segment,breakdown,actioned,flagged_by_technology,0,count,6,2025-q3-strava-inc.pdf
New York,GBS 1102 (S895B),strava-inc,2025 Q3,harassment,Harassment - Segment,reported,Segment,breakdown,actioned,flagged_by_users,30,count,6,2025-q3-strava-inc.pdf
New York,GBS 1102 (S895B),strava-inc,2025 Q3,harassment,Harassment - Segment,reported,Segment,breakdown,actioned_shared,actioned_by_employees,1,count,11,2025-q3-strava-inc.pdf
New York,GBS 1102 (S895B),strava-inc,2025 Q3,harassment,Harassment - Segment,reported,Segment,breakdown,actioned_shared,actioned_by_technology,0,count,11,2025-q3-strava-inc.pdf
New York,GBS 1102 (S895B),strava-inc,2025 Q3,harassment,Harassment - Segment,reported,Segment,breakdown,actioned_shared,flagged_by_employees,0,count,11,2025-q3-strava-inc.pdf
New York,GBS 1102 (S895B),strava-inc,2025 Q3,harassment,Harassment - Segment,reported,Segment,breakdown,actioned_shared,flagged_by_technology,0,count,11,2025-q3-strava-inc.pdf
New York,GBS 1102 (S895B),strava-inc,2025 Q3,harassment,Harassment - Segment,reported,Segment,breakdown,actioned_shared,flagged_by_users,1,count,11,2025-q3-strava-inc.pdf
New York,GBS 1102 (S895B),strava-inc,2025 Q3,harassment,Harassment - Segment,reported,Segment,breakdown,actioned_shared,times_shared,1,count,11,2025-q3-strava-inc.pdf
New York,GBS 1102 (S895B),strava-inc,2025 Q3,harassment,Harassment - Segment,reported,Segment,breakdown,actioned_user_action,actioned_by_employees,8,count,8,2025-q3-strava-inc.pdf
New York,GBS 1102 (S895B),strava-inc,2025 Q3,harassment,Harassment - Segment,reported,Segment,breakdown,actioned_user_action,actioned_by_technology,0,count,8,2025-q3-strava-inc.pdf
New York,GBS 1102 (S895B),strava-inc,2025 Q3,harassment,Harassment - Segment,reported,Segment,breakdown,actioned_user_action,actions_against_users,8,count,8,2025-q3-strava-inc.pdf
New York,GBS 1102 (S895B),strava-inc,2025 Q3,harassment,Harassment - Segment,reported,Segment,breakdown,actioned_user_action,flagged_by_employees,0,count,8,2025-q3-strava-inc.pdf
New York,GBS 1102 (S895B),strava-inc,2025 Q3,harassment,Harassment - Segment,reported,Segment,breakdown,actioned_user_action,flagged_by_technology,0,count,8,2025-q3-strava-inc.pdf
New York,GBS 1102 (S895B),strava-inc,2025 Q3,harassment,Harassment - Segment,reported,Segment,breakdown,actioned_user_action,flagged_by_users,8,count,8,2025-q3-strava-inc.pdf
New York,GBS 1102 (S895B),strava-inc,2025 Q3,harassment,Harassment - Segment,reported,Segment,breakdown,appeals,appeals,1,count,13,2025-q3-strava-inc.pdf
New York,GBS 1102 (S895B),strava-inc,2025 Q3,harassment,Harassment - Segment,reported,Segment,breakdown,appeals,no_action,0,count,13,2025-q3-strava-inc.pdf
New York,GBS 1102 (S895B),strava-inc,2025 Q3,harassment,Harassment - Segment,reported,Segment,breakdown,appeals,reversed_content_not_restored,1,count,13,2025-q3-strava-inc.pdf
New York,GBS 1102 (S895B),strava-inc,2025 Q3,harassment,Harassment - Segment,reported,Segment,breakdown,appeals,reversed_content_restored,0,count,13,2025-q3-strava-inc.pdf
New York,GBS 1102 (S895B),strava-inc,2025 Q3,harassment,Harassment - Segment,reported,Segment,breakdown,appeals,upheld_changed_enforcement,0,count,13,2025-q3-strava-inc.pdf
New York,GBS 1102 (S895B),strava-inc,2025 Q3,harassment,Harassment - Segment,reported,Segment,breakdown,appeals,upheld_no_change,0,count,13,2025-q3-strava-inc.pdf
New York,GBS 1102 (S895B),strava-inc,2025 Q3,harassment,Harassment - Segment,reported,Segment,breakdown,flagged,actioned_by_employees,23,count,4,2025-q3-strava-inc.pdf
New York,GBS 1102 (S895B),strava-inc,2025 Q3,harassment,Harassment - Segment,reported,Segment,breakdown,flagged,actioned_by_technology,0,count,4,2025-q3-strava-inc.pdf
New York,GBS 1102 (S895B),strava-inc,2025 Q3,harassment,Harassment - Segment,reported,Segment,breakdown,flagged,flagged_by_employees,1,count,4,2025-q3-strava-inc.pdf
New York,GBS 1102 (S895B),strava-inc,2025 Q3,harassment,Harassment - Segment,reported,Segment,breakdown,flagged,flagged_by_technology,5,count,4,2025-q3-strava-inc.pdf
New York,GBS 1102 (S895B),strava-inc,2025 Q3,harassment,Harassment - Segment,reported,Segment,breakdown,flagged,flagged_by_users,173,count,4,2025-q3-strava-inc.pdf
New York,GBS 1102 (S895B),strava-inc,2025 Q3,harassment,Harassment - Segment,reported,Segment,breakdown,flagged,flagged_total,179,count,4,2025-q3-strava-inc.pdf
New York,GBS 1102 (S895B),strava-inc,2025 Q3,harassment,Harassment - Video,reported,Video,breakdown,actioned,actioned_by_employees,2,count,6,2025-q3-strava-inc.pdf
New York,GBS 1102 (S895B),strava-inc,2025 Q3,harassment,Harassment - Video,reported,Video,breakdown,actioned,actioned_by_technology,0,count,6,2025-q3-strava-inc.pdf
New York,GBS 1102 (S895B),strava-inc,2025 Q3,harassment,Harassment - Video,reported,Video,breakdown,actioned,actioned_total,2,count,6,2025-q3-strava-inc.pdf
New York,GBS 1102 (S895B),strava-inc,2025 Q3,harassment,Harassment - Video,reported,Video,breakdown,actioned,flagged_by_employees,0,count,6,2025-q3-strava-inc.pdf
New York,GBS 1102 (S895B),strava-inc,2025 Q3,harassment,Harassment - Video,reported,Video,breakdown,actioned,flagged_by_technology,0,count,6,2025-q3-strava-inc.pdf
New York,GBS 1102 (S895B),strava-inc,2025 Q3,harassment,Harassment - Video,reported,Video,breakdown,actioned,flagged_by_users,2,count,6,2025-q3-strava-inc.pdf
New York,GBS 1102 (S895B),strava-inc,2025 Q3,harassment,Harassment - Video,reported,Video,breakdown,actioned_shared,actioned_by_employees,0,count,11,2025-q3-strava-inc.pdf
New York,GBS 1102 (S895B),strava-inc,2025 Q3,harassment,Harassment - Video,reported,Video,breakdown,actioned_shared,actioned_by_technology,0,count,11,2025-q3-strava-inc.pdf
New York,GBS 1102 (S895B),strava-inc,2025 Q3,harassment,Harassment - Video,reported,Video,breakdown,actioned_shared,flagged_by_employees,0,count,11,2025-q3-strava-inc.pdf
New York,GBS 1102 (S895B),strava-inc,2025 Q3,harassment,Harassment - Video,reported,Video,breakdown,actioned_shared,flagged_by_technology,0,count,11,2025-q3-strava-inc.pdf
New York,GBS 1102 (S895B),strava-inc,2025 Q3,harassment,Harassment - Video,reported,Video,breakdown,actioned_shared,flagged_by_users,0,count,11,2025-q3-strava-inc.pdf
New York,GBS 1102 (S895B),strava-inc,2025 Q3,harassment,Harassment - Video,reported,Video,breakdown,actioned_shared,times_shared,0,count,11,2025-q3-strava-inc.pdf
New York,GBS 1102 (S895B),strava-inc,2025 Q3,harassment,Harassment - Video,reported,Video,breakdown,actioned_user_action,actioned_by_employees,0,count,8,2025-q3-strava-inc.pdf
New York,GBS 1102 (S895B),strava-inc,2025 Q3,harassment,Harassment - Video,reported,Video,breakdown,actioned_user_action,actioned_by_technology,0,count,8,2025-q3-strava-inc.pdf
New York,GBS 1102 (S895B),strava-inc,2025 Q3,harassment,Harassment - Video,reported,Video,breakdown,actioned_user_action,actions_against_users,0,count,8,2025-q3-strava-inc.pdf
New York,GBS 1102 (S895B),strava-inc,2025 Q3,harassment,Harassment - Video,reported,Video,breakdown,actioned_user_action,flagged_by_employees,0,count,8,2025-q3-strava-inc.pdf
New York,GBS 1102 (S895B),strava-inc,2025 Q3,harassment,Harassment - Video,reported,Video,breakdown,actioned_user_action,flagged_by_technology,0,count,8,2025-q3-strava-inc.pdf
New York,GBS 1102 (S895B),strava-inc,2025 Q3,harassment,Harassment - Video,reported,Video,breakdown,actioned_user_action,flagged_by_users,0,count,8,2025-q3-strava-inc.pdf
New York,GBS 1102 (S895B),strava-inc,2025 Q3,harassment,Harassment - Video,reported,Video,breakdown,appeals,appeals,0,count,13,2025-q3-strava-inc.pdf
New York,GBS 1102 (S895B),strava-inc,2025 Q3,harassment,Harassment - Video,reported,Video,breakdown,appeals,no_action,0,count,13,2025-q3-strava-inc.pdf
New York,GBS 1102 (S895B),strava-inc,2025 Q3,harassment,Harassment - Video,reported,Video,breakdown,appeals,reversed_content_not_restored,0,count,13,2025-q3-strava-inc.pdf
New York,GBS 1102 (S895B),strava-inc,2025 Q3,harassment,Harassment - Video,reported,Video,breakdown,appeals,reversed_content_restored,0,count,13,2025-q3-strava-inc.pdf
New York,GBS 1102 (S895B),strava-inc,2025 Q3,harassment,Harassment - Video,reported,Video,breakdown,appeals,upheld_changed_enforcement,0,count,13,2025-q3-strava-inc.pdf
New York,GBS 1102 (S895B),strava-inc,2025 Q3,harassment,Harassment - Video,reported,Video,breakdown,appeals,upheld_no_change,0,count,13,2025-q3-strava-inc.pdf
New York,GBS 1102 (S895B),strava-inc,2025 Q3,harassment,Harassment - Video,reported,Video,breakdown,flagged,actioned_by_employees,0,count,4,2025-q3-strava-inc.pdf
New York,GBS 1102 (S895B),strava-inc,2025 Q3,harassment,Harassment - Video,reported,Video,breakdown,flagged,actioned_by_technology,0,count,4,2025-q3-strava-inc.pdf
New York,GBS 1102 (S895B),strava-inc,2025 Q3,harassment,Harassment - Video,reported,Video,breakdown,flagged,flagged_by_employees,0,count,4,2025-q3-strava-inc.pdf
New York,GBS 1102 (S895B),strava-inc,2025 Q3,harassment,Harassment - Video,reported,Video,breakdown,flagged,flagged_by_technology,0,count,4,2025-q3-strava-inc.pdf
New York,GBS 1102 (S895B),strava-inc,2025 Q3,harassment,Harassment - Video,reported,Video,breakdown,flagged,flagged_by_users,13,count,4,2025-q3-strava-inc.pdf
New York,GBS 1102 (S895B),strava-inc,2025 Q3,harassment,Harassment - Video,reported,Video,breakdown,flagged,flagged_total,13,count,4,2025-q3-strava-inc.pdf
New York,GBS 1102 (S895B),strava-inc,2025 Q3,hate_speech_or_racism,Hateful Content,reported,,category_total,actioned,actioned_by_employees,83,count,5,2025-q3-strava-inc.pdf
New York,GBS 1102 (S895B),strava-inc,2025 Q3,hate_speech_or_racism,Hateful Content,reported,,category_total,actioned,actioned_by_technology,27,count,5,2025-q3-strava-inc.pdf
New York,GBS 1102 (S895B),strava-inc,2025 Q3,hate_speech_or_racism,Hateful Content,reported,,category_total,actioned,actioned_total,110,count,5,2025-q3-strava-inc.pdf
New York,GBS 1102 (S895B),strava-inc,2025 Q3,hate_speech_or_racism,Hateful Content,reported,,category_total,actioned,flagged_by_employees,3,count,5,2025-q3-strava-inc.pdf
New York,GBS 1102 (S895B),strava-inc,2025 Q3,hate_speech_or_racism,Hateful Content,reported,,category_total,actioned,flagged_by_technology,27,count,5,2025-q3-strava-inc.pdf
New York,GBS 1102 (S895B),strava-inc,2025 Q3,hate_speech_or_racism,Hateful Content,reported,,category_total,actioned,flagged_by_users,80,count,5,2025-q3-strava-inc.pdf
New York,GBS 1102 (S895B),strava-inc,2025 Q3,hate_speech_or_racism,Hateful Content,reported,,category_total,actioned_shared,actioned_by_employees,237,count,10,2025-q3-strava-inc.pdf
New York,GBS 1102 (S895B),strava-inc,2025 Q3,hate_speech_or_racism,Hateful Content,reported,,category_total,actioned_shared,actioned_by_technology,0,count,10,2025-q3-strava-inc.pdf
New York,GBS 1102 (S895B),strava-inc,2025 Q3,hate_speech_or_racism,Hateful Content,reported,,category_total,actioned_shared,flagged_by_employees,0,count,10,2025-q3-strava-inc.pdf
New York,GBS 1102 (S895B),strava-inc,2025 Q3,hate_speech_or_racism,Hateful Content,reported,,category_total,actioned_shared,flagged_by_technology,0,count,10,2025-q3-strava-inc.pdf
New York,GBS 1102 (S895B),strava-inc,2025 Q3,hate_speech_or_racism,Hateful Content,reported,,category_total,actioned_shared,flagged_by_users,237,count,10,2025-q3-strava-inc.pdf
New York,GBS 1102 (S895B),strava-inc,2025 Q3,hate_speech_or_racism,Hateful Content,reported,,category_total,actioned_shared,times_shared,237,count,10,2025-q3-strava-inc.pdf
New York,GBS 1102 (S895B),strava-inc,2025 Q3,hate_speech_or_racism,Hateful Content,reported,,category_total,actioned_user_action,actioned_by_employees,47,count,7,2025-q3-strava-inc.pdf
New York,GBS 1102 (S895B),strava-inc,2025 Q3,hate_speech_or_racism,Hateful Content,reported,,category_total,actioned_user_action,actioned_by_technology,0,count,7,2025-q3-strava-inc.pdf
New York,GBS 1102 (S895B),strava-inc,2025 Q3,hate_speech_or_racism,Hateful Content,reported,,category_total,actioned_user_action,actions_against_users,47,count,7,2025-q3-strava-inc.pdf
New York,GBS 1102 (S895B),strava-inc,2025 Q3,hate_speech_or_racism,Hateful Content,reported,,category_total,actioned_user_action,flagged_by_employees,2,count,7,2025-q3-strava-inc.pdf
New York,GBS 1102 (S895B),strava-inc,2025 Q3,hate_speech_or_racism,Hateful Content,reported,,category_total,actioned_user_action,flagged_by_technology,0,count,7,2025-q3-strava-inc.pdf
New York,GBS 1102 (S895B),strava-inc,2025 Q3,hate_speech_or_racism,Hateful Content,reported,,category_total,actioned_user_action,flagged_by_users,45,count,7,2025-q3-strava-inc.pdf
New York,GBS 1102 (S895B),strava-inc,2025 Q3,hate_speech_or_racism,Hateful Content,reported,,category_total,appeals,appeals,6,count,12,2025-q3-strava-inc.pdf
New York,GBS 1102 (S895B),strava-inc,2025 Q3,hate_speech_or_racism,Hateful Content,reported,,category_total,appeals,no_action,0,count,12,2025-q3-strava-inc.pdf
New York,GBS 1102 (S895B),strava-inc,2025 Q3,hate_speech_or_racism,Hateful Content,reported,,category_total,appeals,reversed_content_not_restored,0,count,12,2025-q3-strava-inc.pdf
New York,GBS 1102 (S895B),strava-inc,2025 Q3,hate_speech_or_racism,Hateful Content,reported,,category_total,appeals,reversed_content_restored,6,count,12,2025-q3-strava-inc.pdf
New York,GBS 1102 (S895B),strava-inc,2025 Q3,hate_speech_or_racism,Hateful Content,reported,,category_total,appeals,upheld_changed_enforcement,0,count,12,2025-q3-strava-inc.pdf
New York,GBS 1102 (S895B),strava-inc,2025 Q3,hate_speech_or_racism,Hateful Content,reported,,category_total,appeals,upheld_no_change,0,count,12,2025-q3-strava-inc.pdf
New York,GBS 1102 (S895B),strava-inc,2025 Q3,hate_speech_or_racism,Hateful Content,reported,,category_total,flagged,actioned_by_employees,431,count,3,2025-q3-strava-inc.pdf
New York,GBS 1102 (S895B),strava-inc,2025 Q3,hate_speech_or_racism,Hateful Content,reported,,category_total,flagged,actioned_by_technology,17,count,3,2025-q3-strava-inc.pdf
New York,GBS 1102 (S895B),strava-inc,2025 Q3,hate_speech_or_racism,Hateful Content,reported,,category_total,flagged,flagged_by_employees,4,count,3,2025-q3-strava-inc.pdf
New York,GBS 1102 (S895B),strava-inc,2025 Q3,hate_speech_or_racism,Hateful Content,reported,,category_total,flagged,flagged_by_technology,4732,count,3,2025-q3-strava-inc.pdf
New York,GBS 1102 (S895B),strava-inc,2025 Q3,hate_speech_or_racism,Hateful Content,reported,,category_total,flagged,flagged_by_users,3976,count,3,2025-q3-strava-inc.pdf
New York,GBS 1102 (S895B),strava-inc,2025 Q3,hate_speech_or_racism,Hateful Content,reported,,category_total,flagged,flagged_total,8712,count,3,2025-q3-strava-inc.pdf
New York,GBS 1102 (S895B),strava-inc,2025 Q3,hate_speech_or_racism,Hateful Content - Activity,reported,Activity,breakdown,actioned,actioned_by_employees,0,count,5,2025-q3-strava-inc.pdf
New York,GBS 1102 (S895B),strava-inc,2025 Q3,hate_speech_or_racism,Hateful Content - Activity,reported,Activity,breakdown,actioned,actioned_by_technology,0,count,5,2025-q3-strava-inc.pdf
New York,GBS 1102 (S895B),strava-inc,2025 Q3,hate_speech_or_racism,Hateful Content - Activity,reported,Activity,breakdown,actioned,actioned_total,0,count,5,2025-q3-strava-inc.pdf
New York,GBS 1102 (S895B),strava-inc,2025 Q3,hate_speech_or_racism,Hateful Content - Activity,reported,Activity,breakdown,actioned,flagged_by_employees,0,count,5,2025-q3-strava-inc.pdf
New York,GBS 1102 (S895B),strava-inc,2025 Q3,hate_speech_or_racism,Hateful Content - Activity,reported,Activity,breakdown,actioned,flagged_by_technology,0,count,5,2025-q3-strava-inc.pdf
New York,GBS 1102 (S895B),strava-inc,2025 Q3,hate_speech_or_racism,Hateful Content - Activity,reported,Activity,breakdown,actioned,flagged_by_users,0,count,5,2025-q3-strava-inc.pdf
New York,GBS 1102 (S895B),strava-inc,2025 Q3,hate_speech_or_racism,Hateful Content - Activity,reported,Activity,breakdown,actioned_shared,actioned_by_employees,0,count,10,2025-q3-strava-inc.pdf
New York,GBS 1102 (S895B),strava-inc,2025 Q3,hate_speech_or_racism,Hateful Content - Activity,reported,Activity,breakdown,actioned_shared,actioned_by_technology,0,count,10,2025-q3-strava-inc.pdf
New York,GBS 1102 (S895B),strava-inc,2025 Q3,hate_speech_or_racism,Hateful Content - Activity,reported,Activity,breakdown,actioned_shared,flagged_by_employees,0,count,10,2025-q3-strava-inc.pdf
New York,GBS 1102 (S895B),strava-inc,2025 Q3,hate_speech_or_racism,Hateful Content - Activity,reported,Activity,breakdown,actioned_shared,flagged_by_technology,0,count,10,2025-q3-strava-inc.pdf
New York,GBS 1102 (S895B),strava-inc,2025 Q3,hate_speech_or_racism,Hateful Content - Activity,reported,Activity,breakdown,actioned_shared,flagged_by_users,0,count,10,2025-q3-strava-inc.pdf
New York,GBS 1102 (S895B),strava-inc,2025 Q3,hate_speech_or_racism,Hateful Content - Activity,reported,Activity,breakdown,actioned_shared,times_shared,0,count,10,2025-q3-strava-inc.pdf
New York,GBS 1102 (S895B),strava-inc,2025 Q3,hate_speech_or_racism,Hateful Content - Activity,reported,Activity,breakdown,actioned_user_action,actioned_by_employees,0,count,7,2025-q3-strava-inc.pdf
New York,GBS 1102 (S895B),strava-inc,2025 Q3,hate_speech_or_racism,Hateful Content - Activity,reported,Activity,breakdown,actioned_user_action,actioned_by_technology,0,count,7,2025-q3-strava-inc.pdf
New York,GBS 1102 (S895B),strava-inc,2025 Q3,hate_speech_or_racism,Hateful Content - Activity,reported,Activity,breakdown,actioned_user_action,actions_against_users,0,count,7,2025-q3-strava-inc.pdf
New York,GBS 1102 (S895B),strava-inc,2025 Q3,hate_speech_or_racism,Hateful Content - Activity,reported,Activity,breakdown,actioned_user_action,flagged_by_employees,0,count,7,2025-q3-strava-inc.pdf
New York,GBS 1102 (S895B),strava-inc,2025 Q3,hate_speech_or_racism,Hateful Content - Activity,reported,Activity,breakdown,actioned_user_action,flagged_by_technology,0,count,7,2025-q3-strava-inc.pdf
New York,GBS 1102 (S895B),strava-inc,2025 Q3,hate_speech_or_racism,Hateful Content - Activity,reported,Activity,breakdown,actioned_user_action,flagged_by_users,0,count,7,2025-q3-strava-inc.pdf
New York,GBS 1102 (S895B),strava-inc,2025 Q3,hate_speech_or_racism,Hateful Content - Activity,reported,Activity,breakdown,appeals,appeals,1,count,12,2025-q3-strava-inc.pdf
New York,GBS 1102 (S895B),strava-inc,2025 Q3,hate_speech_or_racism,Hateful Content - Activity,reported,Activity,breakdown,appeals,no_action,0,count,12,2025-q3-strava-inc.pdf
New York,GBS 1102 (S895B),strava-inc,2025 Q3,hate_speech_or_racism,Hateful Content - Activity,reported,Activity,breakdown,appeals,reversed_content_not_restored,0,count,12,2025-q3-strava-inc.pdf
New York,GBS 1102 (S895B),strava-inc,2025 Q3,hate_speech_or_racism,Hateful Content - Activity,reported,Activity,breakdown,appeals,reversed_content_restored,1,count,12,2025-q3-strava-inc.pdf
New York,GBS 1102 (S895B),strava-inc,2025 Q3,hate_speech_or_racism,Hateful Content - Activity,reported,Activity,breakdown,appeals,upheld_changed_enforcement,0,count,12,2025-q3-strava-inc.pdf
New York,GBS 1102 (S895B),strava-inc,2025 Q3,hate_speech_or_racism,Hateful Content - Activity,reported,Activity,breakdown,appeals,upheld_no_change,0,count,12,2025-q3-strava-inc.pdf
New York,GBS 1102 (S895B),strava-inc,2025 Q3,hate_speech_or_racism,Hateful Content - Activity,reported,Activity,breakdown,flagged,actioned_by_employees,0,count,3,2025-q3-strava-inc.pdf
New York,GBS 1102 (S895B),strava-inc,2025 Q3,hate_speech_or_racism,Hateful Content - Activity,reported,Activity,breakdown,flagged,actioned_by_technology,0,count,3,2025-q3-strava-inc.pdf
New York,GBS 1102 (S895B),strava-inc,2025 Q3,hate_speech_or_racism,Hateful Content - Activity,reported,Activity,breakdown,flagged,flagged_by_employees,0,count,3,2025-q3-strava-inc.pdf
New York,GBS 1102 (S895B),strava-inc,2025 Q3,hate_speech_or_racism,Hateful Content - Activity,reported,Activity,breakdown,flagged,flagged_by_technology,1355,count,3,2025-q3-strava-inc.pdf
New York,GBS 1102 (S895B),strava-inc,2025 Q3,hate_speech_or_racism,Hateful Content - Activity,reported,Activity,breakdown,flagged,flagged_by_users,3,count,3,2025-q3-strava-inc.pdf
New York,GBS 1102 (S895B),strava-inc,2025 Q3,hate_speech_or_racism,Hateful Content - Activity,reported,Activity,breakdown,flagged,flagged_total,1358,count,3,2025-q3-strava-inc.pdf
New York,GBS 1102 (S895B),strava-inc,2025 Q3,hate_speech_or_racism,Hateful Content - Club,reported,Club,breakdown,actioned,actioned_by_employees,0,count,5,2025-q3-strava-inc.pdf
New York,GBS 1102 (S895B),strava-inc,2025 Q3,hate_speech_or_racism,Hateful Content - Club,reported,Club,breakdown,actioned,actioned_by_technology,0,count,5,2025-q3-strava-inc.pdf
New York,GBS 1102 (S895B),strava-inc,2025 Q3,hate_speech_or_racism,Hateful Content - Club,reported,Club,breakdown,actioned,actioned_total,0,count,5,2025-q3-strava-inc.pdf
New York,GBS 1102 (S895B),strava-inc,2025 Q3,hate_speech_or_racism,Hateful Content - Club,reported,Club,breakdown,actioned,flagged_by_employees,0,count,5,2025-q3-strava-inc.pdf
New York,GBS 1102 (S895B),strava-inc,2025 Q3,hate_speech_or_racism,Hateful Content - Club,reported,Club,breakdown,actioned,flagged_by_technology,0,count,5,2025-q3-strava-inc.pdf
New York,GBS 1102 (S895B),strava-inc,2025 Q3,hate_speech_or_racism,Hateful Content - Club,reported,Club,breakdown,actioned,flagged_by_users,0,count,5,2025-q3-strava-inc.pdf
New York,GBS 1102 (S895B),strava-inc,2025 Q3,hate_speech_or_racism,Hateful Content - Club,reported,Club,breakdown,actioned_shared,actioned_by_employees,0,count,10,2025-q3-strava-inc.pdf
New York,GBS 1102 (S895B),strava-inc,2025 Q3,hate_speech_or_racism,Hateful Content - Club,reported,Club,breakdown,actioned_shared,actioned_by_technology,0,count,10,2025-q3-strava-inc.pdf
New York,GBS 1102 (S895B),strava-inc,2025 Q3,hate_speech_or_racism,Hateful Content - Club,reported,Club,breakdown,actioned_shared,flagged_by_employees,0,count,10,2025-q3-strava-inc.pdf
New York,GBS 1102 (S895B),strava-inc,2025 Q3,hate_speech_or_racism,Hateful Content - Club,reported,Club,breakdown,actioned_shared,flagged_by_technology,0,count,10,2025-q3-strava-inc.pdf
New York,GBS 1102 (S895B),strava-inc,2025 Q3,hate_speech_or_racism,Hateful Content - Club,reported,Club,breakdown,actioned_shared,flagged_by_users,0,count,10,2025-q3-strava-inc.pdf
New York,GBS 1102 (S895B),strava-inc,2025 Q3,hate_speech_or_racism,Hateful Content - Club,reported,Club,breakdown,actioned_shared,times_shared,0,count,10,2025-q3-strava-inc.pdf
New York,GBS 1102 (S895B),strava-inc,2025 Q3,hate_speech_or_racism,Hateful Content - Club,reported,Club,breakdown,actioned_user_action,actioned_by_employees,0,count,7,2025-q3-strava-inc.pdf
New York,GBS 1102 (S895B),strava-inc,2025 Q3,hate_speech_or_racism,Hateful Content - Club,reported,Club,breakdown,actioned_user_action,actioned_by_technology,0,count,7,2025-q3-strava-inc.pdf
New York,GBS 1102 (S895B),strava-inc,2025 Q3,hate_speech_or_racism,Hateful Content - Club,reported,Club,breakdown,actioned_user_action,actions_against_users,0,count,7,2025-q3-strava-inc.pdf
New York,GBS 1102 (S895B),strava-inc,2025 Q3,hate_speech_or_racism,Hateful Content - Club,reported,Club,breakdown,actioned_user_action,flagged_by_employees,0,count,7,2025-q3-strava-inc.pdf
New York,GBS 1102 (S895B),strava-inc,2025 Q3,hate_speech_or_racism,Hateful Content - Club,reported,Club,breakdown,actioned_user_action,flagged_by_technology,0,count,7,2025-q3-strava-inc.pdf
New York,GBS 1102 (S895B),strava-inc,2025 Q3,hate_speech_or_racism,Hateful Content - Club,reported,Club,breakdown,actioned_user_action,flagged_by_users,0,count,7,2025-q3-strava-inc.pdf
New York,GBS 1102 (S895B),strava-inc,2025 Q3,hate_speech_or_racism,Hateful Content - Club,reported,Club,breakdown,appeals,appeals,0,count,12,2025-q3-strava-inc.pdf
New York,GBS 1102 (S895B),strava-inc,2025 Q3,hate_speech_or_racism,Hateful Content - Club,reported,Club,breakdown,appeals,no_action,0,count,12,2025-q3-strava-inc.pdf
New York,GBS 1102 (S895B),strava-inc,2025 Q3,hate_speech_or_racism,Hateful Content - Club,reported,Club,breakdown,appeals,reversed_content_not_restored,0,count,12,2025-q3-strava-inc.pdf
New York,GBS 1102 (S895B),strava-inc,2025 Q3,hate_speech_or_racism,Hateful Content - Club,reported,Club,breakdown,appeals,reversed_content_restored,0,count,12,2025-q3-strava-inc.pdf
New York,GBS 1102 (S895B),strava-inc,2025 Q3,hate_speech_or_racism,Hateful Content - Club,reported,Club,breakdown,appeals,upheld_changed_enforcement,0,count,12,2025-q3-strava-inc.pdf
New York,GBS 1102 (S895B),strava-inc,2025 Q3,hate_speech_or_racism,Hateful Content - Club,reported,Club,breakdown,appeals,upheld_no_change,0,count,12,2025-q3-strava-inc.pdf
New York,GBS 1102 (S895B),strava-inc,2025 Q3,hate_speech_or_racism,Hateful Content - Club,reported,Club,breakdown,flagged,actioned_by_employees,0,count,3,2025-q3-strava-inc.pdf
New York,GBS 1102 (S895B),strava-inc,2025 Q3,hate_speech_or_racism,Hateful Content - Club,reported,Club,breakdown,flagged,actioned_by_technology,0,count,3,2025-q3-strava-inc.pdf
New York,GBS 1102 (S895B),strava-inc,2025 Q3,hate_speech_or_racism,Hateful Content - Club,reported,Club,breakdown,flagged,flagged_by_employees,0,count,3,2025-q3-strava-inc.pdf
New York,GBS 1102 (S895B),strava-inc,2025 Q3,hate_speech_or_racism,Hateful Content - Club,reported,Club,breakdown,flagged,flagged_by_technology,0,count,3,2025-q3-strava-inc.pdf
New York,GBS 1102 (S895B),strava-inc,2025 Q3,hate_speech_or_racism,Hateful Content - Club,reported,Club,breakdown,flagged,flagged_by_users,434,count,3,2025-q3-strava-inc.pdf
New York,GBS 1102 (S895B),strava-inc,2025 Q3,hate_speech_or_racism,Hateful Content - Club,reported,Club,breakdown,flagged,flagged_total,434,count,3,2025-q3-strava-inc.pdf
New York,GBS 1102 (S895B),strava-inc,2025 Q3,hate_speech_or_racism,Hateful Content - Comment,reported,Comment,breakdown,actioned,actioned_by_employees,48,count,5,2025-q3-strava-inc.pdf
New York,GBS 1102 (S895B),strava-inc,2025 Q3,hate_speech_or_racism,Hateful Content - Comment,reported,Comment,breakdown,actioned,actioned_by_technology,0,count,5,2025-q3-strava-inc.pdf
New York,GBS 1102 (S895B),strava-inc,2025 Q3,hate_speech_or_racism,Hateful Content - Comment,reported,Comment,breakdown,actioned,actioned_total,48,count,5,2025-q3-strava-inc.pdf
New York,GBS 1102 (S895B),strava-inc,2025 Q3,hate_speech_or_racism,Hateful Content - Comment,reported,Comment,breakdown,actioned,flagged_by_employees,2,count,5,2025-q3-strava-inc.pdf
New York,GBS 1102 (S895B),strava-inc,2025 Q3,hate_speech_or_racism,Hateful Content - Comment,reported,Comment,breakdown,actioned,flagged_by_technology,0,count,5,2025-q3-strava-inc.pdf
New York,GBS 1102 (S895B),strava-inc,2025 Q3,hate_speech_or_racism,Hateful Content - Comment,reported,Comment,breakdown,actioned,flagged_by_users,46,count,5,2025-q3-strava-inc.pdf
New York,GBS 1102 (S895B),strava-inc,2025 Q3,hate_speech_or_racism,Hateful Content - Comment,reported,Comment,breakdown,actioned_shared,actioned_by_employees,0,count,10,2025-q3-strava-inc.pdf
New York,GBS 1102 (S895B),strava-inc,2025 Q3,hate_speech_or_racism,Hateful Content - Comment,reported,Comment,breakdown,actioned_shared,actioned_by_technology,0,count,10,2025-q3-strava-inc.pdf
New York,GBS 1102 (S895B),strava-inc,2025 Q3,hate_speech_or_racism,Hateful Content - Comment,reported,Comment,breakdown,actioned_shared,flagged_by_employees,0,count,10,2025-q3-strava-inc.pdf
New York,GBS 1102 (S895B),strava-inc,2025 Q3,hate_speech_or_racism,Hateful Content - Comment,reported,Comment,breakdown,actioned_shared,flagged_by_technology,0,count,10,2025-q3-strava-inc.pdf
New York,GBS 1102 (S895B),strava-inc,2025 Q3,hate_speech_or_racism,Hateful Content - Comment,reported,Comment,breakdown,actioned_shared,flagged_by_users,0,count,10,2025-q3-strava-inc.pdf
New York,GBS 1102 (S895B),strava-inc,2025 Q3,hate_speech_or_racism,Hateful Content - Comment,reported,Comment,breakdown,actioned_shared,times_shared,0,count,10,2025-q3-strava-inc.pdf
New York,GBS 1102 (S895B),strava-inc,2025 Q3,hate_speech_or_racism,Hateful Content - Comment,reported,Comment,breakdown,actioned_user_action,actioned_by_employees,31,count,7,2025-q3-strava-inc.pdf
New York,GBS 1102 (S895B),strava-inc,2025 Q3,hate_speech_or_racism,Hateful Content - Comment,reported,Comment,breakdown,actioned_user_action,actioned_by_technology,0,count,7,2025-q3-strava-inc.pdf
New York,GBS 1102 (S895B),strava-inc,2025 Q3,hate_speech_or_racism,Hateful Content - Comment,reported,Comment,breakdown,actioned_user_action,actions_against_users,31,count,7,2025-q3-strava-inc.pdf
New York,GBS 1102 (S895B),strava-inc,2025 Q3,hate_speech_or_racism,Hateful Content - Comment,reported,Comment,breakdown,actioned_user_action,flagged_by_employees,1,count,7,2025-q3-strava-inc.pdf
New York,GBS 1102 (S895B),strava-inc,2025 Q3,hate_speech_or_racism,Hateful Content - Comment,reported,Comment,breakdown,actioned_user_action,flagged_by_technology,0,count,7,2025-q3-strava-inc.pdf
New York,GBS 1102 (S895B),strava-inc,2025 Q3,hate_speech_or_racism,Hateful Content - Comment,reported,Comment,breakdown,actioned_user_action,flagged_by_users,30,count,7,2025-q3-strava-inc.pdf
New York,GBS 1102 (S895B),strava-inc,2025 Q3,hate_speech_or_racism,Hateful Content - Comment,reported,Comment,breakdown,appeals,appeals,1,count,12,2025-q3-strava-inc.pdf
New York,GBS 1102 (S895B),strava-inc,2025 Q3,hate_speech_or_racism,Hateful Content - Comment,reported,Comment,breakdown,appeals,no_action,0,count,12,2025-q3-strava-inc.pdf
New York,GBS 1102 (S895B),strava-inc,2025 Q3,hate_speech_or_racism,Hateful Content - Comment,reported,Comment,breakdown,appeals,reversed_content_not_restored,0,count,12,2025-q3-strava-inc.pdf
New York,GBS 1102 (S895B),strava-inc,2025 Q3,hate_speech_or_racism,Hateful Content - Comment,reported,Comment,breakdown,appeals,reversed_content_restored,1,count,12,2025-q3-strava-inc.pdf
New York,GBS 1102 (S895B),strava-inc,2025 Q3,hate_speech_or_racism,Hateful Content - Comment,reported,Comment,breakdown,appeals,upheld_changed_enforcement,0,count,12,2025-q3-strava-inc.pdf
New York,GBS 1102 (S895B),strava-inc,2025 Q3,hate_speech_or_racism,Hateful Content - Comment,reported,Comment,breakdown,appeals,upheld_no_change,0,count,12,2025-q3-strava-inc.pdf
New York,GBS 1102 (S895B),strava-inc,2025 Q3,hate_speech_or_racism,Hateful Content - Comment,reported,Comment,breakdown,flagged,actioned_by_employees,239,count,3,2025-q3-strava-inc.pdf
New York,GBS 1102 (S895B),strava-inc,2025 Q3,hate_speech_or_racism,Hateful Content - Comment,reported,Comment,breakdown,flagged,actioned_by_technology,0,count,3,2025-q3-strava-inc.pdf
New York,GBS 1102 (S895B),strava-inc,2025 Q3,hate_speech_or_racism,Hateful Content - Comment,reported,Comment,breakdown,flagged,flagged_by_employees,1,count,3,2025-q3-strava-inc.pdf
New York,GBS 1102 (S895B),strava-inc,2025 Q3,hate_speech_or_racism,Hateful Content - Comment,reported,Comment,breakdown,flagged,flagged_by_technology,2165,count,3,2025-q3-strava-inc.pdf
New York,GBS 1102 (S895B),strava-inc,2025 Q3,hate_speech_or_racism,Hateful Content - Comment,reported,Comment,breakdown,flagged,flagged_by_users,1428,count,3,2025-q3-strava-inc.pdf
New York,GBS 1102 (S895B),strava-inc,2025 Q3,hate_speech_or_racism,Hateful Content - Comment,reported,Comment,breakdown,flagged,flagged_total,3594,count,3,2025-q3-strava-inc.pdf
New York,GBS 1102 (S895B),strava-inc,2025 Q3,hate_speech_or_racism,Hateful Content - Other,reported,Other,breakdown,actioned,actioned_by_employees,1,count,5,2025-q3-strava-inc.pdf
New York,GBS 1102 (S895B),strava-inc,2025 Q3,hate_speech_or_racism,Hateful Content - Other,reported,Other,breakdown,actioned,actioned_by_technology,0,count,5,2025-q3-strava-inc.pdf
New York,GBS 1102 (S895B),strava-inc,2025 Q3,hate_speech_or_racism,Hateful Content - Other,reported,Other,breakdown,actioned,actioned_total,1,count,5,2025-q3-strava-inc.pdf
New York,GBS 1102 (S895B),strava-inc,2025 Q3,hate_speech_or_racism,Hateful Content - Other,reported,Other,breakdown,actioned,flagged_by_employees,0,count,5,2025-q3-strava-inc.pdf
New York,GBS 1102 (S895B),strava-inc,2025 Q3,hate_speech_or_racism,Hateful Content - Other,reported,Other,breakdown,actioned,flagged_by_technology,0,count,5,2025-q3-strava-inc.pdf
New York,GBS 1102 (S895B),strava-inc,2025 Q3,hate_speech_or_racism,Hateful Content - Other,reported,Other,breakdown,actioned,flagged_by_users,1,count,5,2025-q3-strava-inc.pdf
New York,GBS 1102 (S895B),strava-inc,2025 Q3,hate_speech_or_racism,Hateful Content - Other,reported,Other,breakdown,actioned_shared,actioned_by_employees,0,count,10,2025-q3-strava-inc.pdf
New York,GBS 1102 (S895B),strava-inc,2025 Q3,hate_speech_or_racism,Hateful Content - Other,reported,Other,breakdown,actioned_shared,actioned_by_technology,0,count,10,2025-q3-strava-inc.pdf
New York,GBS 1102 (S895B),strava-inc,2025 Q3,hate_speech_or_racism,Hateful Content - Other,reported,Other,breakdown,actioned_shared,flagged_by_employees,0,count,10,2025-q3-strava-inc.pdf
New York,GBS 1102 (S895B),strava-inc,2025 Q3,hate_speech_or_racism,Hateful Content - Other,reported,Other,breakdown,actioned_shared,flagged_by_technology,0,count,10,2025-q3-strava-inc.pdf
New York,GBS 1102 (S895B),strava-inc,2025 Q3,hate_speech_or_racism,Hateful Content - Other,reported,Other,breakdown,actioned_shared,flagged_by_users,0,count,10,2025-q3-strava-inc.pdf
New York,GBS 1102 (S895B),strava-inc,2025 Q3,hate_speech_or_racism,Hateful Content - Other,reported,Other,breakdown,actioned_shared,times_shared,0,count,10,2025-q3-strava-inc.pdf
New York,GBS 1102 (S895B),strava-inc,2025 Q3,hate_speech_or_racism,Hateful Content - Other,reported,Other,breakdown,actioned_user_action,actioned_by_employees,0,count,7,2025-q3-strava-inc.pdf
New York,GBS 1102 (S895B),strava-inc,2025 Q3,hate_speech_or_racism,Hateful Content - Other,reported,Other,breakdown,actioned_user_action,actioned_by_technology,0,count,7,2025-q3-strava-inc.pdf
New York,GBS 1102 (S895B),strava-inc,2025 Q3,hate_speech_or_racism,Hateful Content - Other,reported,Other,breakdown,actioned_user_action,actions_against_users,0,count,7,2025-q3-strava-inc.pdf
New York,GBS 1102 (S895B),strava-inc,2025 Q3,hate_speech_or_racism,Hateful Content - Other,reported,Other,breakdown,actioned_user_action,flagged_by_employees,0,count,7,2025-q3-strava-inc.pdf
New York,GBS 1102 (S895B),strava-inc,2025 Q3,hate_speech_or_racism,Hateful Content - Other,reported,Other,breakdown,actioned_user_action,flagged_by_technology,0,count,7,2025-q3-strava-inc.pdf
New York,GBS 1102 (S895B),strava-inc,2025 Q3,hate_speech_or_racism,Hateful Content - Other,reported,Other,breakdown,actioned_user_action,flagged_by_users,0,count,7,2025-q3-strava-inc.pdf
New York,GBS 1102 (S895B),strava-inc,2025 Q3,hate_speech_or_racism,Hateful Content - Other,reported,Other,breakdown,appeals,appeals,2,count,12,2025-q3-strava-inc.pdf
New York,GBS 1102 (S895B),strava-inc,2025 Q3,hate_speech_or_racism,Hateful Content - Other,reported,Other,breakdown,appeals,no_action,0,count,12,2025-q3-strava-inc.pdf
New York,GBS 1102 (S895B),strava-inc,2025 Q3,hate_speech_or_racism,Hateful Content - Other,reported,Other,breakdown,appeals,reversed_content_not_restored,0,count,12,2025-q3-strava-inc.pdf
New York,GBS 1102 (S895B),strava-inc,2025 Q3,hate_speech_or_racism,Hateful Content - Other,reported,Other,breakdown,appeals,reversed_content_restored,2,count,12,2025-q3-strava-inc.pdf
New York,GBS 1102 (S895B),strava-inc,2025 Q3,hate_speech_or_racism,Hateful Content - Other,reported,Other,breakdown,appeals,upheld_changed_enforcement,0,count,12,2025-q3-strava-inc.pdf
New York,GBS 1102 (S895B),strava-inc,2025 Q3,hate_speech_or_racism,Hateful Content - Other,reported,Other,breakdown,appeals,upheld_no_change,0,count,12,2025-q3-strava-inc.pdf
New York,GBS 1102 (S895B),strava-inc,2025 Q3,hate_speech_or_racism,Hateful Content - Other,reported,Other,breakdown,flagged,actioned_by_employees,1,count,3,2025-q3-strava-inc.pdf
New York,GBS 1102 (S895B),strava-inc,2025 Q3,hate_speech_or_racism,Hateful Content - Other,reported,Other,breakdown,flagged,actioned_by_technology,0,count,3,2025-q3-strava-inc.pdf
New York,GBS 1102 (S895B),strava-inc,2025 Q3,hate_speech_or_racism,Hateful Content - Other,reported,Other,breakdown,flagged,flagged_by_employees,0,count,3,2025-q3-strava-inc.pdf
New York,GBS 1102 (S895B),strava-inc,2025 Q3,hate_speech_or_racism,Hateful Content - Other,reported,Other,breakdown,flagged,flagged_by_technology,0,count,3,2025-q3-strava-inc.pdf
New York,GBS 1102 (S895B),strava-inc,2025 Q3,hate_speech_or_racism,Hateful Content - Other,reported,Other,breakdown,flagged,flagged_by_users,1,count,3,2025-q3-strava-inc.pdf
New York,GBS 1102 (S895B),strava-inc,2025 Q3,hate_speech_or_racism,Hateful Content - Other,reported,Other,breakdown,flagged,flagged_total,1,count,3,2025-q3-strava-inc.pdf
New York,GBS 1102 (S895B),strava-inc,2025 Q3,hate_speech_or_racism,Hateful Content - Photo,reported,Photo,breakdown,actioned,actioned_by_employees,9,count,5,2025-q3-strava-inc.pdf
New York,GBS 1102 (S895B),strava-inc,2025 Q3,hate_speech_or_racism,Hateful Content - Photo,reported,Photo,breakdown,actioned,actioned_by_technology,0,count,5,2025-q3-strava-inc.pdf
New York,GBS 1102 (S895B),strava-inc,2025 Q3,hate_speech_or_racism,Hateful Content - Photo,reported,Photo,breakdown,actioned,actioned_total,9,count,5,2025-q3-strava-inc.pdf
New York,GBS 1102 (S895B),strava-inc,2025 Q3,hate_speech_or_racism,Hateful Content - Photo,reported,Photo,breakdown,actioned,flagged_by_employees,0,count,5,2025-q3-strava-inc.pdf
New York,GBS 1102 (S895B),strava-inc,2025 Q3,hate_speech_or_racism,Hateful Content - Photo,reported,Photo,breakdown,actioned,flagged_by_technology,0,count,5,2025-q3-strava-inc.pdf
New York,GBS 1102 (S895B),strava-inc,2025 Q3,hate_speech_or_racism,Hateful Content - Photo,reported,Photo,breakdown,actioned,flagged_by_users,9,count,5,2025-q3-strava-inc.pdf
New York,GBS 1102 (S895B),strava-inc,2025 Q3,hate_speech_or_racism,Hateful Content - Photo,reported,Photo,breakdown,actioned_shared,actioned_by_employees,0,count,10,2025-q3-strava-inc.pdf
New York,GBS 1102 (S895B),strava-inc,2025 Q3,hate_speech_or_racism,Hateful Content - Photo,reported,Photo,breakdown,actioned_shared,actioned_by_technology,0,count,10,2025-q3-strava-inc.pdf
New York,GBS 1102 (S895B),strava-inc,2025 Q3,hate_speech_or_racism,Hateful Content - Photo,reported,Photo,breakdown,actioned_shared,flagged_by_employees,0,count,10,2025-q3-strava-inc.pdf
New York,GBS 1102 (S895B),strava-inc,2025 Q3,hate_speech_or_racism,Hateful Content - Photo,reported,Photo,breakdown,actioned_shared,flagged_by_technology,0,count,10,2025-q3-strava-inc.pdf
New York,GBS 1102 (S895B),strava-inc,2025 Q3,hate_speech_or_racism,Hateful Content - Photo,reported,Photo,breakdown,actioned_shared,flagged_by_users,0,count,10,2025-q3-strava-inc.pdf
New York,GBS 1102 (S895B),strava-inc,2025 Q3,hate_speech_or_racism,Hateful Content - Photo,reported,Photo,breakdown,actioned_shared,times_shared,0,count,10,2025-q3-strava-inc.pdf
New York,GBS 1102 (S895B),strava-inc,2025 Q3,hate_speech_or_racism,Hateful Content - Photo,reported,Photo,breakdown,actioned_user_action,actioned_by_employees,5,count,7,2025-q3-strava-inc.pdf
New York,GBS 1102 (S895B),strava-inc,2025 Q3,hate_speech_or_racism,Hateful Content - Photo,reported,Photo,breakdown,actioned_user_action,actioned_by_technology,0,count,7,2025-q3-strava-inc.pdf
New York,GBS 1102 (S895B),strava-inc,2025 Q3,hate_speech_or_racism,Hateful Content - Photo,reported,Photo,breakdown,actioned_user_action,actions_against_users,5,count,7,2025-q3-strava-inc.pdf
New York,GBS 1102 (S895B),strava-inc,2025 Q3,hate_speech_or_racism,Hateful Content - Photo,reported,Photo,breakdown,actioned_user_action,flagged_by_employees,0,count,7,2025-q3-strava-inc.pdf
New York,GBS 1102 (S895B),strava-inc,2025 Q3,hate_speech_or_racism,Hateful Content - Photo,reported,Photo,breakdown,actioned_user_action,flagged_by_technology,0,count,7,2025-q3-strava-inc.pdf
New York,GBS 1102 (S895B),strava-inc,2025 Q3,hate_speech_or_racism,Hateful Content - Photo,reported,Photo,breakdown,actioned_user_action,flagged_by_users,5,count,7,2025-q3-strava-inc.pdf
New York,GBS 1102 (S895B),strava-inc,2025 Q3,hate_speech_or_racism,Hateful Content - Photo,reported,Photo,breakdown,appeals,appeals,1,count,12,2025-q3-strava-inc.pdf
New York,GBS 1102 (S895B),strava-inc,2025 Q3,hate_speech_or_racism,Hateful Content - Photo,reported,Photo,breakdown,appeals,no_action,0,count,12,2025-q3-strava-inc.pdf
New York,GBS 1102 (S895B),strava-inc,2025 Q3,hate_speech_or_racism,Hateful Content - Photo,reported,Photo,breakdown,appeals,reversed_content_not_restored,0,count,12,2025-q3-strava-inc.pdf
New York,GBS 1102 (S895B),strava-inc,2025 Q3,hate_speech_or_racism,Hateful Content - Photo,reported,Photo,breakdown,appeals,reversed_content_restored,1,count,12,2025-q3-strava-inc.pdf
New York,GBS 1102 (S895B),strava-inc,2025 Q3,hate_speech_or_racism,Hateful Content - Photo,reported,Photo,breakdown,appeals,upheld_changed_enforcement,0,count,12,2025-q3-strava-inc.pdf
New York,GBS 1102 (S895B),strava-inc,2025 Q3,hate_speech_or_racism,Hateful Content - Photo,reported,Photo,breakdown,appeals,upheld_no_change,0,count,12,2025-q3-strava-inc.pdf
New York,GBS 1102 (S895B),strava-inc,2025 Q3,hate_speech_or_racism,Hateful Content - Photo,reported,Photo,breakdown,flagged,actioned_by_employees,7,count,3,2025-q3-strava-inc.pdf
New York,GBS 1102 (S895B),strava-inc,2025 Q3,hate_speech_or_racism,Hateful Content - Photo,reported,Photo,breakdown,flagged,actioned_by_technology,0,count,3,2025-q3-strava-inc.pdf
New York,GBS 1102 (S895B),strava-inc,2025 Q3,hate_speech_or_racism,Hateful Content - Photo,reported,Photo,breakdown,flagged,flagged_by_employees,0,count,3,2025-q3-strava-inc.pdf
New York,GBS 1102 (S895B),strava-inc,2025 Q3,hate_speech_or_racism,Hateful Content - Photo,reported,Photo,breakdown,flagged,flagged_by_technology,0,count,3,2025-q3-strava-inc.pdf
New York,GBS 1102 (S895B),strava-inc,2025 Q3,hate_speech_or_racism,Hateful Content - Photo,reported,Photo,breakdown,flagged,flagged_by_users,78,count,3,2025-q3-strava-inc.pdf
New York,GBS 1102 (S895B),strava-inc,2025 Q3,hate_speech_or_racism,Hateful Content - Photo,reported,Photo,breakdown,flagged,flagged_total,78,count,3,2025-q3-strava-inc.pdf
New York,GBS 1102 (S895B),strava-inc,2025 Q3,hate_speech_or_racism,Hateful Content - Post,reported,Post,breakdown,actioned,actioned_by_employees,14,count,5,2025-q3-strava-inc.pdf
New York,GBS 1102 (S895B),strava-inc,2025 Q3,hate_speech_or_racism,Hateful Content - Post,reported,Post,breakdown,actioned,actioned_by_technology,26,count,5,2025-q3-strava-inc.pdf
New York,GBS 1102 (S895B),strava-inc,2025 Q3,hate_speech_or_racism,Hateful Content - Post,reported,Post,breakdown,actioned,actioned_total,40,count,5,2025-q3-strava-inc.pdf
New York,GBS 1102 (S895B),strava-inc,2025 Q3,hate_speech_or_racism,Hateful Content - Post,reported,Post,breakdown,actioned,flagged_by_employees,1,count,5,2025-q3-strava-inc.pdf
New York,GBS 1102 (S895B),strava-inc,2025 Q3,hate_speech_or_racism,Hateful Content - Post,reported,Post,breakdown,actioned,flagged_by_technology,26,count,5,2025-q3-strava-inc.pdf
New York,GBS 1102 (S895B),strava-inc,2025 Q3,hate_speech_or_racism,Hateful Content - Post,reported,Post,breakdown,actioned,flagged_by_users,13,count,5,2025-q3-strava-inc.pdf
New York,GBS 1102 (S895B),strava-inc,2025 Q3,hate_speech_or_racism,Hateful Content - Post,reported,Post,breakdown,actioned_shared,actioned_by_employees,237,count,10,2025-q3-strava-inc.pdf
New York,GBS 1102 (S895B),strava-inc,2025 Q3,hate_speech_or_racism,Hateful Content - Post,reported,Post,breakdown,actioned_shared,actioned_by_technology,0,count,10,2025-q3-strava-inc.pdf
New York,GBS 1102 (S895B),strava-inc,2025 Q3,hate_speech_or_racism,Hateful Content - Post,reported,Post,breakdown,actioned_shared,flagged_by_employees,0,count,10,2025-q3-strava-inc.pdf
New York,GBS 1102 (S895B),strava-inc,2025 Q3,hate_speech_or_racism,Hateful Content - Post,reported,Post,breakdown,actioned_shared,flagged_by_technology,0,count,10,2025-q3-strava-inc.pdf
New York,GBS 1102 (S895B),strava-inc,2025 Q3,hate_speech_or_racism,Hateful Content - Post,reported,Post,breakdown,actioned_shared,flagged_by_users,237,count,10,2025-q3-strava-inc.pdf
New York,GBS 1102 (S895B),strava-inc,2025 Q3,hate_speech_or_racism,Hateful Content - Post,reported,Post,breakdown,actioned_shared,times_shared,237,count,10,2025-q3-strava-inc.pdf
New York,GBS 1102 (S895B),strava-inc,2025 Q3,hate_speech_or_racism,Hateful Content - Post,reported,Post,breakdown,actioned_user_action,actioned_by_employees,10,count,7,2025-q3-strava-inc.pdf
New York,GBS 1102 (S895B),strava-inc,2025 Q3,hate_speech_or_racism,Hateful Content - Post,reported,Post,breakdown,actioned_user_action,actioned_by_technology,0,count,7,2025-q3-strava-inc.pdf
New York,GBS 1102 (S895B),strava-inc,2025 Q3,hate_speech_or_racism,Hateful Content - Post,reported,Post,breakdown,actioned_user_action,actions_against_users,10,count,7,2025-q3-strava-inc.pdf
New York,GBS 1102 (S895B),strava-inc,2025 Q3,hate_speech_or_racism,Hateful Content - Post,reported,Post,breakdown,actioned_user_action,flagged_by_employees,1,count,7,2025-q3-strava-inc.pdf
New York,GBS 1102 (S895B),strava-inc,2025 Q3,hate_speech_or_racism,Hateful Content - Post,reported,Post,breakdown,actioned_user_action,flagged_by_technology,0,count,7,2025-q3-strava-inc.pdf
New York,GBS 1102 (S895B),strava-inc,2025 Q3,hate_speech_or_racism,Hateful Content - Post,reported,Post,breakdown,actioned_user_action,flagged_by_users,9,count,7,2025-q3-strava-inc.pdf
New York,GBS 1102 (S895B),strava-inc,2025 Q3,hate_speech_or_racism,Hateful Content - Post,reported,Post,breakdown,appeals,appeals,1,count,12,2025-q3-strava-inc.pdf
New York,GBS 1102 (S895B),strava-inc,2025 Q3,hate_speech_or_racism,Hateful Content - Post,reported,Post,breakdown,appeals,no_action,0,count,12,2025-q3-strava-inc.pdf
New York,GBS 1102 (S895B),strava-inc,2025 Q3,hate_speech_or_racism,Hateful Content - Post,reported,Post,breakdown,appeals,reversed_content_not_restored,0,count,12,2025-q3-strava-inc.pdf
New York,GBS 1102 (S895B),strava-inc,2025 Q3,hate_speech_or_racism,Hateful Content - Post,reported,Post,breakdown,appeals,reversed_content_restored,1,count,12,2025-q3-strava-inc.pdf
New York,GBS 1102 (S895B),strava-inc,2025 Q3,hate_speech_or_racism,Hateful Content - Post,reported,Post,breakdown,appeals,upheld_changed_enforcement,0,count,12,2025-q3-strava-inc.pdf
New York,GBS 1102 (S895B),strava-inc,2025 Q3,hate_speech_or_racism,Hateful Content - Post,reported,Post,breakdown,appeals,upheld_no_change,0,count,12,2025-q3-strava-inc.pdf
New York,GBS 1102 (S895B),strava-inc,2025 Q3,hate_speech_or_racism,Hateful Content - Post,reported,Post,breakdown,flagged,actioned_by_employees,131,count,3,2025-q3-strava-inc.pdf
New York,GBS 1102 (S895B),strava-inc,2025 Q3,hate_speech_or_racism,Hateful Content - Post,reported,Post,breakdown,flagged,actioned_by_technology,16,count,3,2025-q3-strava-inc.pdf
New York,GBS 1102 (S895B),strava-inc,2025 Q3,hate_speech_or_racism,Hateful Content - Post,reported,Post,breakdown,flagged,flagged_by_employees,1,count,3,2025-q3-strava-inc.pdf
New York,GBS 1102 (S895B),strava-inc,2025 Q3,hate_speech_or_racism,Hateful Content - Post,reported,Post,breakdown,flagged,flagged_by_technology,953,count,3,2025-q3-strava-inc.pdf
New York,GBS 1102 (S895B),strava-inc,2025 Q3,hate_speech_or_racism,Hateful Content - Post,reported,Post,breakdown,flagged,flagged_by_users,532,count,3,2025-q3-strava-inc.pdf
New York,GBS 1102 (S895B),strava-inc,2025 Q3,hate_speech_or_racism,Hateful Content - Post,reported,Post,breakdown,flagged,flagged_total,1486,count,3,2025-q3-strava-inc.pdf
New York,GBS 1102 (S895B),strava-inc,2025 Q3,hate_speech_or_racism,Hateful Content - Profile,reported,Profile,breakdown,actioned,actioned_by_employees,0,count,5,2025-q3-strava-inc.pdf
New York,GBS 1102 (S895B),strava-inc,2025 Q3,hate_speech_or_racism,Hateful Content - Profile,reported,Profile,breakdown,actioned,actioned_by_technology,0,count,5,2025-q3-strava-inc.pdf
New York,GBS 1102 (S895B),strava-inc,2025 Q3,hate_speech_or_racism,Hateful Content - Profile,reported,Profile,breakdown,actioned,actioned_total,0,count,5,2025-q3-strava-inc.pdf
New York,GBS 1102 (S895B),strava-inc,2025 Q3,hate_speech_or_racism,Hateful Content - Profile,reported,Profile,breakdown,actioned,flagged_by_employees,0,count,5,2025-q3-strava-inc.pdf
New York,GBS 1102 (S895B),strava-inc,2025 Q3,hate_speech_or_racism,Hateful Content - Profile,reported,Profile,breakdown,actioned,flagged_by_technology,0,count,5,2025-q3-strava-inc.pdf
New York,GBS 1102 (S895B),strava-inc,2025 Q3,hate_speech_or_racism,Hateful Content - Profile,reported,Profile,breakdown,actioned,flagged_by_users,0,count,5,2025-q3-strava-inc.pdf
New York,GBS 1102 (S895B),strava-inc,2025 Q3,hate_speech_or_racism,Hateful Content - Profile,reported,Profile,breakdown,actioned_shared,actioned_by_employees,0,count,10,2025-q3-strava-inc.pdf
New York,GBS 1102 (S895B),strava-inc,2025 Q3,hate_speech_or_racism,Hateful Content - Profile,reported,Profile,breakdown,actioned_shared,actioned_by_technology,0,count,10,2025-q3-strava-inc.pdf
New York,GBS 1102 (S895B),strava-inc,2025 Q3,hate_speech_or_racism,Hateful Content - Profile,reported,Profile,breakdown,actioned_shared,flagged_by_employees,0,count,10,2025-q3-strava-inc.pdf
New York,GBS 1102 (S895B),strava-inc,2025 Q3,hate_speech_or_racism,Hateful Content - Profile,reported,Profile,breakdown,actioned_shared,flagged_by_technology,0,count,10,2025-q3-strava-inc.pdf
New York,GBS 1102 (S895B),strava-inc,2025 Q3,hate_speech_or_racism,Hateful Content - Profile,reported,Profile,breakdown,actioned_shared,flagged_by_users,0,count,10,2025-q3-strava-inc.pdf
New York,GBS 1102 (S895B),strava-inc,2025 Q3,hate_speech_or_racism,Hateful Content - Profile,reported,Profile,breakdown,actioned_shared,times_shared,0,count,10,2025-q3-strava-inc.pdf
New York,GBS 1102 (S895B),strava-inc,2025 Q3,hate_speech_or_racism,Hateful Content - Profile,reported,Profile,breakdown,actioned_user_action,actioned_by_employees,0,count,7,2025-q3-strava-inc.pdf
New York,GBS 1102 (S895B),strava-inc,2025 Q3,hate_speech_or_racism,Hateful Content - Profile,reported,Profile,breakdown,actioned_user_action,actioned_by_technology,0,count,7,2025-q3-strava-inc.pdf
New York,GBS 1102 (S895B),strava-inc,2025 Q3,hate_speech_or_racism,Hateful Content - Profile,reported,Profile,breakdown,actioned_user_action,actions_against_users,0,count,7,2025-q3-strava-inc.pdf
New York,GBS 1102 (S895B),strava-inc,2025 Q3,hate_speech_or_racism,Hateful Content - Profile,reported,Profile,breakdown,actioned_user_action,flagged_by_employees,0,count,7,2025-q3-strava-inc.pdf
New York,GBS 1102 (S895B),strava-inc,2025 Q3,hate_speech_or_racism,Hateful Content - Profile,reported,Profile,breakdown,actioned_user_action,flagged_by_technology,0,count,7,2025-q3-strava-inc.pdf
New York,GBS 1102 (S895B),strava-inc,2025 Q3,hate_speech_or_racism,Hateful Content - Profile,reported,Profile,breakdown,actioned_user_action,flagged_by_users,0,count,7,2025-q3-strava-inc.pdf
New York,GBS 1102 (S895B),strava-inc,2025 Q3,hate_speech_or_racism,Hateful Content - Profile,reported,Profile,breakdown,appeals,appeals,0,count,12,2025-q3-strava-inc.pdf
New York,GBS 1102 (S895B),strava-inc,2025 Q3,hate_speech_or_racism,Hateful Content - Profile,reported,Profile,breakdown,appeals,no_action,0,count,12,2025-q3-strava-inc.pdf
New York,GBS 1102 (S895B),strava-inc,2025 Q3,hate_speech_or_racism,Hateful Content - Profile,reported,Profile,breakdown,appeals,reversed_content_not_restored,0,count,12,2025-q3-strava-inc.pdf
New York,GBS 1102 (S895B),strava-inc,2025 Q3,hate_speech_or_racism,Hateful Content - Profile,reported,Profile,breakdown,appeals,reversed_content_restored,0,count,12,2025-q3-strava-inc.pdf
New York,GBS 1102 (S895B),strava-inc,2025 Q3,hate_speech_or_racism,Hateful Content - Profile,reported,Profile,breakdown,appeals,upheld_changed_enforcement,0,count,12,2025-q3-strava-inc.pdf
New York,GBS 1102 (S895B),strava-inc,2025 Q3,hate_speech_or_racism,Hateful Content - Profile,reported,Profile,breakdown,appeals,upheld_no_change,0,count,12,2025-q3-strava-inc.pdf
New York,GBS 1102 (S895B),strava-inc,2025 Q3,hate_speech_or_racism,Hateful Content - Profile,reported,Profile,breakdown,flagged,actioned_by_employees,0,count,3,2025-q3-strava-inc.pdf
New York,GBS 1102 (S895B),strava-inc,2025 Q3,hate_speech_or_racism,Hateful Content - Profile,reported,Profile,breakdown,flagged,actioned_by_technology,0,count,3,2025-q3-strava-inc.pdf
New York,GBS 1102 (S895B),strava-inc,2025 Q3,hate_speech_or_racism,Hateful Content - Profile,reported,Profile,breakdown,flagged,flagged_by_employees,0,count,3,2025-q3-strava-inc.pdf
New York,GBS 1102 (S895B),strava-inc,2025 Q3,hate_speech_or_racism,Hateful Content - Profile,reported,Profile,breakdown,flagged,flagged_by_technology,248,count,3,2025-q3-strava-inc.pdf
New York,GBS 1102 (S895B),strava-inc,2025 Q3,hate_speech_or_racism,Hateful Content - Profile,reported,Profile,breakdown,flagged,flagged_by_users,1142,count,3,2025-q3-strava-inc.pdf
New York,GBS 1102 (S895B),strava-inc,2025 Q3,hate_speech_or_racism,Hateful Content - Profile,reported,Profile,breakdown,flagged,flagged_total,1390,count,3,2025-q3-strava-inc.pdf
New York,GBS 1102 (S895B),strava-inc,2025 Q3,hate_speech_or_racism,Hateful Content - Segment,reported,Segment,breakdown,actioned,actioned_by_employees,11,count,5,2025-q3-strava-inc.pdf
New York,GBS 1102 (S895B),strava-inc,2025 Q3,hate_speech_or_racism,Hateful Content - Segment,reported,Segment,breakdown,actioned,actioned_by_technology,1,count,5,2025-q3-strava-inc.pdf
New York,GBS 1102 (S895B),strava-inc,2025 Q3,hate_speech_or_racism,Hateful Content - Segment,reported,Segment,breakdown,actioned,actioned_total,12,count,5,2025-q3-strava-inc.pdf
New York,GBS 1102 (S895B),strava-inc,2025 Q3,hate_speech_or_racism,Hateful Content - Segment,reported,Segment,breakdown,actioned,flagged_by_employees,0,count,5,2025-q3-strava-inc.pdf
New York,GBS 1102 (S895B),strava-inc,2025 Q3,hate_speech_or_racism,Hateful Content - Segment,reported,Segment,breakdown,actioned,flagged_by_technology,1,count,5,2025-q3-strava-inc.pdf
New York,GBS 1102 (S895B),strava-inc,2025 Q3,hate_speech_or_racism,Hateful Content - Segment,reported,Segment,breakdown,actioned,flagged_by_users,11,count,5,2025-q3-strava-inc.pdf
New York,GBS 1102 (S895B),strava-inc,2025 Q3,hate_speech_or_racism,Hateful Content - Segment,reported,Segment,breakdown,actioned_shared,actioned_by_employees,0,count,10,2025-q3-strava-inc.pdf
New York,GBS 1102 (S895B),strava-inc,2025 Q3,hate_speech_or_racism,Hateful Content - Segment,reported,Segment,breakdown,actioned_shared,actioned_by_technology,0,count,10,2025-q3-strava-inc.pdf
New York,GBS 1102 (S895B),strava-inc,2025 Q3,hate_speech_or_racism,Hateful Content - Segment,reported,Segment,breakdown,actioned_shared,flagged_by_employees,0,count,10,2025-q3-strava-inc.pdf
New York,GBS 1102 (S895B),strava-inc,2025 Q3,hate_speech_or_racism,Hateful Content - Segment,reported,Segment,breakdown,actioned_shared,flagged_by_technology,0,count,10,2025-q3-strava-inc.pdf
New York,GBS 1102 (S895B),strava-inc,2025 Q3,hate_speech_or_racism,Hateful Content - Segment,reported,Segment,breakdown,actioned_shared,flagged_by_users,0,count,10,2025-q3-strava-inc.pdf
New York,GBS 1102 (S895B),strava-inc,2025 Q3,hate_speech_or_racism,Hateful Content - Segment,reported,Segment,breakdown,actioned_shared,times_shared,0,count,10,2025-q3-strava-inc.pdf
New York,GBS 1102 (S895B),strava-inc,2025 Q3,hate_speech_or_racism,Hateful Content - Segment,reported,Segment,breakdown,actioned_user_action,actioned_by_employees,1,count,7,2025-q3-strava-inc.pdf
New York,GBS 1102 (S895B),strava-inc,2025 Q3,hate_speech_or_racism,Hateful Content - Segment,reported,Segment,breakdown,actioned_user_action,actioned_by_technology,0,count,7,2025-q3-strava-inc.pdf
New York,GBS 1102 (S895B),strava-inc,2025 Q3,hate_speech_or_racism,Hateful Content - Segment,reported,Segment,breakdown,actioned_user_action,actions_against_users,1,count,7,2025-q3-strava-inc.pdf
New York,GBS 1102 (S895B),strava-inc,2025 Q3,hate_speech_or_racism,Hateful Content - Segment,reported,Segment,breakdown,actioned_user_action,flagged_by_employees,0,count,7,2025-q3-strava-inc.pdf
New York,GBS 1102 (S895B),strava-inc,2025 Q3,hate_speech_or_racism,Hateful Content - Segment,reported,Segment,breakdown,actioned_user_action,flagged_by_technology,0,count,7,2025-q3-strava-inc.pdf
New York,GBS 1102 (S895B),strava-inc,2025 Q3,hate_speech_or_racism,Hateful Content - Segment,reported,Segment,breakdown,actioned_user_action,flagged_by_users,1,count,7,2025-q3-strava-inc.pdf
New York,GBS 1102 (S895B),strava-inc,2025 Q3,hate_speech_or_racism,Hateful Content - Segment,reported,Segment,breakdown,appeals,appeals,0,count,12,2025-q3-strava-inc.pdf
New York,GBS 1102 (S895B),strava-inc,2025 Q3,hate_speech_or_racism,Hateful Content - Segment,reported,Segment,breakdown,appeals,no_action,0,count,12,2025-q3-strava-inc.pdf
New York,GBS 1102 (S895B),strava-inc,2025 Q3,hate_speech_or_racism,Hateful Content - Segment,reported,Segment,breakdown,appeals,reversed_content_not_restored,0,count,12,2025-q3-strava-inc.pdf
New York,GBS 1102 (S895B),strava-inc,2025 Q3,hate_speech_or_racism,Hateful Content - Segment,reported,Segment,breakdown,appeals,reversed_content_restored,0,count,12,2025-q3-strava-inc.pdf
New York,GBS 1102 (S895B),strava-inc,2025 Q3,hate_speech_or_racism,Hateful Content - Segment,reported,Segment,breakdown,appeals,upheld_changed_enforcement,0,count,12,2025-q3-strava-inc.pdf
New York,GBS 1102 (S895B),strava-inc,2025 Q3,hate_speech_or_racism,Hateful Content - Segment,reported,Segment,breakdown,appeals,upheld_no_change,0,count,12,2025-q3-strava-inc.pdf
New York,GBS 1102 (S895B),strava-inc,2025 Q3,hate_speech_or_racism,Hateful Content - Segment,reported,Segment,breakdown,flagged,actioned_by_employees,53,count,3,2025-q3-strava-inc.pdf
New York,GBS 1102 (S895B),strava-inc,2025 Q3,hate_speech_or_racism,Hateful Content - Segment,reported,Segment,breakdown,flagged,actioned_by_technology,1,count,3,2025-q3-strava-inc.pdf
New York,GBS 1102 (S895B),strava-inc,2025 Q3,hate_speech_or_racism,Hateful Content - Segment,reported,Segment,breakdown,flagged,flagged_by_employees,2,count,3,2025-q3-strava-inc.pdf
New York,GBS 1102 (S895B),strava-inc,2025 Q3,hate_speech_or_racism,Hateful Content - Segment,reported,Segment,breakdown,flagged,flagged_by_technology,11,count,3,2025-q3-strava-inc.pdf
New York,GBS 1102 (S895B),strava-inc,2025 Q3,hate_speech_or_racism,Hateful Content - Segment,reported,Segment,breakdown,flagged,flagged_by_users,354,count,3,2025-q3-strava-inc.pdf
New York,GBS 1102 (S895B),strava-inc,2025 Q3,hate_speech_or_racism,Hateful Content - Segment,reported,Segment,breakdown,flagged,flagged_total,367,count,3,2025-q3-strava-inc.pdf
New York,GBS 1102 (S895B),strava-inc,2025 Q3,hate_speech_or_racism,Hateful Content - Video,reported,Video,breakdown,actioned,actioned_by_employees,0,count,5,2025-q3-strava-inc.pdf
New York,GBS 1102 (S895B),strava-inc,2025 Q3,hate_speech_or_racism,Hateful Content - Video,reported,Video,breakdown,actioned,actioned_by_technology,0,count,5,2025-q3-strava-inc.pdf
New York,GBS 1102 (S895B),strava-inc,2025 Q3,hate_speech_or_racism,Hateful Content - Video,reported,Video,breakdown,actioned,actioned_total,0,count,5,2025-q3-strava-inc.pdf
New York,GBS 1102 (S895B),strava-inc,2025 Q3,hate_speech_or_racism,Hateful Content - Video,reported,Video,breakdown,actioned,flagged_by_employees,0,count,5,2025-q3-strava-inc.pdf
New York,GBS 1102 (S895B),strava-inc,2025 Q3,hate_speech_or_racism,Hateful Content - Video,reported,Video,breakdown,actioned,flagged_by_technology,0,count,5,2025-q3-strava-inc.pdf
New York,GBS 1102 (S895B),strava-inc,2025 Q3,hate_speech_or_racism,Hateful Content - Video,reported,Video,breakdown,actioned,flagged_by_users,0,count,5,2025-q3-strava-inc.pdf
New York,GBS 1102 (S895B),strava-inc,2025 Q3,hate_speech_or_racism,Hateful Content - Video,reported,Video,breakdown,actioned_shared,actioned_by_employees,0,count,10,2025-q3-strava-inc.pdf
New York,GBS 1102 (S895B),strava-inc,2025 Q3,hate_speech_or_racism,Hateful Content - Video,reported,Video,breakdown,actioned_shared,actioned_by_technology,0,count,10,2025-q3-strava-inc.pdf
New York,GBS 1102 (S895B),strava-inc,2025 Q3,hate_speech_or_racism,Hateful Content - Video,reported,Video,breakdown,actioned_shared,flagged_by_employees,0,count,10,2025-q3-strava-inc.pdf
New York,GBS 1102 (S895B),strava-inc,2025 Q3,hate_speech_or_racism,Hateful Content - Video,reported,Video,breakdown,actioned_shared,flagged_by_technology,0,count,10,2025-q3-strava-inc.pdf
New York,GBS 1102 (S895B),strava-inc,2025 Q3,hate_speech_or_racism,Hateful Content - Video,reported,Video,breakdown,actioned_shared,flagged_by_users,0,count,10,2025-q3-strava-inc.pdf
New York,GBS 1102 (S895B),strava-inc,2025 Q3,hate_speech_or_racism,Hateful Content - Video,reported,Video,breakdown,actioned_shared,times_shared,0,count,10,2025-q3-strava-inc.pdf
New York,GBS 1102 (S895B),strava-inc,2025 Q3,hate_speech_or_racism,Hateful Content - Video,reported,Video,breakdown,actioned_user_action,actioned_by_employees,0,count,7,2025-q3-strava-inc.pdf
New York,GBS 1102 (S895B),strava-inc,2025 Q3,hate_speech_or_racism,Hateful Content - Video,reported,Video,breakdown,actioned_user_action,actioned_by_technology,0,count,7,2025-q3-strava-inc.pdf
New York,GBS 1102 (S895B),strava-inc,2025 Q3,hate_speech_or_racism,Hateful Content - Video,reported,Video,breakdown,actioned_user_action,actions_against_users,0,count,7,2025-q3-strava-inc.pdf
New York,GBS 1102 (S895B),strava-inc,2025 Q3,hate_speech_or_racism,Hateful Content - Video,reported,Video,breakdown,actioned_user_action,flagged_by_employees,0,count,7,2025-q3-strava-inc.pdf
New York,GBS 1102 (S895B),strava-inc,2025 Q3,hate_speech_or_racism,Hateful Content - Video,reported,Video,breakdown,actioned_user_action,flagged_by_technology,0,count,7,2025-q3-strava-inc.pdf
New York,GBS 1102 (S895B),strava-inc,2025 Q3,hate_speech_or_racism,Hateful Content - Video,reported,Video,breakdown,actioned_user_action,flagged_by_users,0,count,7,2025-q3-strava-inc.pdf
New York,GBS 1102 (S895B),strava-inc,2025 Q3,hate_speech_or_racism,Hateful Content - Video,reported,Video,breakdown,appeals,appeals,0,count,12,2025-q3-strava-inc.pdf
New York,GBS 1102 (S895B),strava-inc,2025 Q3,hate_speech_or_racism,Hateful Content - Video,reported,Video,breakdown,appeals,no_action,0,count,12,2025-q3-strava-inc.pdf
New York,GBS 1102 (S895B),strava-inc,2025 Q3,hate_speech_or_racism,Hateful Content - Video,reported,Video,breakdown,appeals,reversed_content_not_restored,0,count,12,2025-q3-strava-inc.pdf
New York,GBS 1102 (S895B),strava-inc,2025 Q3,hate_speech_or_racism,Hateful Content - Video,reported,Video,breakdown,appeals,reversed_content_restored,0,count,12,2025-q3-strava-inc.pdf
New York,GBS 1102 (S895B),strava-inc,2025 Q3,hate_speech_or_racism,Hateful Content - Video,reported,Video,breakdown,appeals,upheld_changed_enforcement,0,count,12,2025-q3-strava-inc.pdf
New York,GBS 1102 (S895B),strava-inc,2025 Q3,hate_speech_or_racism,Hateful Content - Video,reported,Video,breakdown,appeals,upheld_no_change,0,count,12,2025-q3-strava-inc.pdf
New York,GBS 1102 (S895B),strava-inc,2025 Q3,hate_speech_or_racism,Hateful Content - Video,reported,Video,breakdown,flagged,actioned_by_employees,0,count,3,2025-q3-strava-inc.pdf
New York,GBS 1102 (S895B),strava-inc,2025 Q3,hate_speech_or_racism,Hateful Content - Video,reported,Video,breakdown,flagged,actioned_by_technology,0,count,3,2025-q3-strava-inc.pdf
New York,GBS 1102 (S895B),strava-inc,2025 Q3,hate_speech_or_racism,Hateful Content - Video,reported,Video,breakdown,flagged,flagged_by_employees,0,count,3,2025-q3-strava-inc.pdf
New York,GBS 1102 (S895B),strava-inc,2025 Q3,hate_speech_or_racism,Hateful Content - Video,reported,Video,breakdown,flagged,flagged_by_technology,0,count,3,2025-q3-strava-inc.pdf
New York,GBS 1102 (S895B),strava-inc,2025 Q3,hate_speech_or_racism,Hateful Content - Video,reported,Video,breakdown,flagged,flagged_by_users,4,count,3,2025-q3-strava-inc.pdf
New York,GBS 1102 (S895B),strava-inc,2025 Q3,hate_speech_or_racism,Hateful Content - Video,reported,Video,breakdown,flagged,flagged_total,4,count,3,2025-q3-strava-inc.pdf
